scenario,workload,engine,seed,success,elapsed_ms,packets,bytes,discovery_ms,host_us
healthy_40ms,lookup,legacy,0,true,320,42,5460,,73
healthy_40ms,lookup,next,0,true,600,80,23010,,4262
healthy_40ms,lookup,legacy,1,true,320,42,5460,,55
healthy_40ms,lookup,next,1,true,600,80,23010,,4120
healthy_40ms,lookup,legacy,2,true,280,40,5200,,44
healthy_40ms,lookup,next,2,true,520,76,21844,,3889
healthy_40ms,lookup,legacy,3,true,280,40,5200,,45
healthy_40ms,lookup,next,3,true,520,76,21844,,3801
healthy_40ms,lookup,legacy,4,true,280,40,5200,,44
healthy_40ms,lookup,next,4,true,520,76,21844,,3894
healthy_40ms,lookup,legacy,5,true,280,40,5200,,51
healthy_40ms,lookup,next,5,true,520,76,21844,,3764
healthy_40ms,lookup,legacy,6,true,280,40,5200,,41
healthy_40ms,lookup,next,6,true,520,76,21844,,3773
healthy_40ms,lookup,legacy,7,true,280,40,5200,,44
healthy_40ms,lookup,next,7,true,520,76,21844,,3716
healthy_40ms,lookup,legacy,8,true,320,42,5460,,46
healthy_40ms,lookup,next,8,true,600,80,23010,,4080
healthy_40ms,lookup,legacy,9,true,280,40,5200,,48
healthy_40ms,lookup,next,9,true,520,76,21844,,3877
healthy_40ms,lookup,legacy,10,true,280,40,5200,,49
healthy_40ms,lookup,next,10,true,520,76,21844,,4056
healthy_40ms,lookup,legacy,11,true,280,40,5200,,50
healthy_40ms,lookup,next,11,true,520,76,21844,,3719
healthy_40ms,lookup,legacy,12,true,320,42,5460,,50
healthy_40ms,lookup,next,12,true,600,80,23010,,4082
healthy_40ms,lookup,legacy,13,true,320,42,5460,,55
healthy_40ms,lookup,next,13,true,600,80,23010,,3950
healthy_40ms,lookup,legacy,14,true,320,42,5460,,50
healthy_40ms,lookup,next,14,true,600,80,23010,,3869
healthy_40ms,lookup,legacy,15,true,320,42,5460,,41
healthy_40ms,lookup,next,15,true,600,80,23010,,3861
healthy_40ms,lookup,legacy,16,true,320,42,5460,,38
healthy_40ms,lookup,next,16,true,600,80,23010,,3848
healthy_40ms,lookup,legacy,17,true,280,40,5200,,36
healthy_40ms,lookup,next,17,true,520,76,21844,,3606
healthy_40ms,lookup,legacy,18,true,320,42,5460,,48
healthy_40ms,lookup,next,18,true,600,80,23010,,3862
healthy_40ms,lookup,legacy,19,true,280,40,5200,,46
healthy_40ms,lookup,next,19,true,520,76,21844,,3646
healthy_40ms,lookup,legacy,20,true,280,40,5200,,38
healthy_40ms,lookup,next,20,true,520,76,21844,,3695
healthy_40ms,lookup,legacy,21,true,280,40,5200,,39
healthy_40ms,lookup,next,21,true,520,76,21844,,3651
healthy_40ms,lookup,legacy,22,true,320,42,5460,,40
healthy_40ms,lookup,next,22,true,600,80,23010,,3905
healthy_40ms,lookup,legacy,23,true,320,42,5460,,40
healthy_40ms,lookup,next,23,true,600,80,23010,,3868
healthy_40ms,lookup,legacy,24,true,280,40,5200,,35
healthy_40ms,lookup,next,24,true,520,76,21844,,3689
healthy_40ms,lookup,legacy,25,true,280,40,5200,,40
healthy_40ms,lookup,next,25,true,520,76,21844,,3586
healthy_40ms,lookup,legacy,26,true,280,40,5200,,40
healthy_40ms,lookup,next,26,true,520,76,21844,,3645
healthy_40ms,lookup,legacy,27,true,280,40,5200,,36
healthy_40ms,lookup,next,27,true,520,76,21844,,3619
healthy_40ms,lookup,legacy,28,true,320,42,5460,,38
healthy_40ms,lookup,next,28,true,600,80,23010,,3850
healthy_40ms,lookup,legacy,29,true,320,42,5460,,40
healthy_40ms,lookup,next,29,true,600,80,23010,,3916
healthy_40ms,lookup,legacy,30,true,320,42,5460,,44
healthy_40ms,lookup,next,30,true,600,80,23010,,3842
healthy_40ms,lookup,legacy,31,true,320,42,5460,,41
healthy_40ms,lookup,next,31,true,600,80,23010,,3825
healthy_40ms,lookup,legacy,32,true,320,42,5460,,38
healthy_40ms,lookup,next,32,true,600,80,23010,,3838
healthy_40ms,lookup,legacy,33,true,280,40,5200,,35
healthy_40ms,lookup,next,33,true,520,76,21844,,3600
healthy_40ms,lookup,legacy,34,true,280,40,5200,,35
healthy_40ms,lookup,next,34,true,520,76,21844,,3508
healthy_40ms,lookup,legacy,35,true,280,40,5200,,38
healthy_40ms,lookup,next,35,true,520,76,21844,,3603
healthy_40ms,lookup,legacy,36,true,280,40,5200,,36
healthy_40ms,lookup,next,36,true,520,76,21844,,3652
healthy_40ms,lookup,legacy,37,true,280,40,5200,,34
healthy_40ms,lookup,next,37,true,520,76,21844,,3627
healthy_40ms,lookup,legacy,38,true,320,42,5460,,38
healthy_40ms,lookup,next,38,true,600,80,23010,,3638
healthy_40ms,lookup,legacy,39,true,280,40,5200,,38
healthy_40ms,lookup,next,39,true,520,76,21844,,3567
healthy_40ms,lookup,legacy,40,true,320,42,5460,,41
healthy_40ms,lookup,next,40,true,600,80,23010,,3797
healthy_40ms,lookup,legacy,41,true,320,42,5460,,37
healthy_40ms,lookup,next,41,true,600,80,23010,,3809
healthy_40ms,lookup,legacy,42,true,280,40,5200,,35
healthy_40ms,lookup,next,42,true,520,76,21844,,3603
healthy_40ms,lookup,legacy,43,true,280,40,5200,,35
healthy_40ms,lookup,next,43,true,520,76,21844,,3596
healthy_40ms,lookup,legacy,44,true,320,42,5460,,37
healthy_40ms,lookup,next,44,true,600,80,23010,,3865
healthy_40ms,lookup,legacy,45,true,320,42,5460,,39
healthy_40ms,lookup,next,45,true,600,80,23010,,3833
healthy_40ms,lookup,legacy,46,true,280,40,5200,,34
healthy_40ms,lookup,next,46,true,520,76,21844,,3628
healthy_40ms,lookup,legacy,47,true,280,40,5200,,35
healthy_40ms,lookup,next,47,true,520,76,21844,,3389
healthy_40ms,lookup,legacy,48,true,280,40,5200,,33
healthy_40ms,lookup,next,48,true,520,76,21844,,3595
healthy_40ms,lookup,legacy,49,true,320,42,5460,,37
healthy_40ms,lookup,next,49,true,600,80,23010,,3810
healthy_40ms,lookup,legacy,50,true,280,40,5200,,34
healthy_40ms,lookup,next,50,true,520,76,21844,,3613
healthy_40ms,lookup,legacy,51,true,280,40,5200,,35
healthy_40ms,lookup,next,51,true,520,76,21844,,3629
healthy_40ms,lookup,legacy,52,true,280,40,5200,,36
healthy_40ms,lookup,next,52,true,520,76,21844,,3426
healthy_40ms,lookup,legacy,53,true,320,42,5460,,35
healthy_40ms,lookup,next,53,true,600,80,23010,,3787
healthy_40ms,lookup,legacy,54,true,280,40,5200,,36
healthy_40ms,lookup,next,54,true,520,76,21844,,3580
healthy_40ms,lookup,legacy,55,true,320,42,5460,,39
healthy_40ms,lookup,next,55,true,600,80,23010,,3816
healthy_40ms,lookup,legacy,56,true,320,42,5460,,37
healthy_40ms,lookup,next,56,true,600,80,23010,,3840
healthy_40ms,lookup,legacy,57,true,280,40,5200,,34
healthy_40ms,lookup,next,57,true,520,76,21844,,3500
healthy_40ms,lookup,legacy,58,true,280,40,5200,,36
healthy_40ms,lookup,next,58,true,520,76,21844,,3603
healthy_40ms,lookup,legacy,59,true,320,42,5460,,36
healthy_40ms,lookup,next,59,true,600,80,23010,,3835
healthy_40ms,lookup,legacy,60,true,280,40,5200,,37
healthy_40ms,lookup,next,60,true,520,76,21844,,3624
healthy_40ms,lookup,legacy,61,true,280,40,5200,,35
healthy_40ms,lookup,next,61,true,520,76,21844,,3622
healthy_40ms,lookup,legacy,62,true,280,40,5200,,35
healthy_40ms,lookup,next,62,true,520,76,21844,,3506
healthy_40ms,lookup,legacy,63,true,320,44,5720,,42
healthy_40ms,lookup,next,63,true,600,84,24176,,4004
healthy_40ms,lookup,legacy,64,true,320,44,5720,,43
healthy_40ms,lookup,next,64,true,600,84,24176,,3998
healthy_40ms,lookup,legacy,65,true,320,42,5460,,38
healthy_40ms,lookup,next,65,true,600,80,23010,,3842
healthy_40ms,lookup,legacy,66,true,280,40,5200,,34
healthy_40ms,lookup,next,66,true,520,76,21844,,3637
healthy_40ms,lookup,legacy,67,true,320,42,5460,,37
healthy_40ms,lookup,next,67,true,600,80,23010,,3914
healthy_40ms,lookup,legacy,68,true,280,40,5200,,34
healthy_40ms,lookup,next,68,true,520,76,21844,,3627
healthy_40ms,lookup,legacy,69,true,280,40,5200,,37
healthy_40ms,lookup,next,69,true,520,76,21844,,3639
healthy_40ms,lookup,legacy,70,true,280,40,5200,,35
healthy_40ms,lookup,next,70,true,520,76,21844,,3601
healthy_40ms,lookup,legacy,71,true,280,40,5200,,35
healthy_40ms,lookup,next,71,true,520,76,21844,,3538
healthy_40ms,lookup,legacy,72,true,320,44,5720,,42
healthy_40ms,lookup,next,72,true,600,84,24176,,4001
healthy_40ms,lookup,legacy,73,true,280,40,5200,,37
healthy_40ms,lookup,next,73,true,520,76,21844,,3649
healthy_40ms,lookup,legacy,74,true,280,40,5200,,33
healthy_40ms,lookup,next,74,true,520,76,21844,,3617
healthy_40ms,lookup,legacy,75,true,280,40,5200,,34
healthy_40ms,lookup,next,75,true,520,76,21844,,3590
healthy_40ms,lookup,legacy,76,true,280,40,5200,,34
healthy_40ms,lookup,next,76,true,520,76,21844,,3549
healthy_40ms,lookup,legacy,77,true,320,42,5460,,39
healthy_40ms,lookup,next,77,true,600,80,23010,,3777
healthy_40ms,lookup,legacy,78,true,280,40,5200,,36
healthy_40ms,lookup,next,78,true,520,76,21844,,3577
healthy_40ms,lookup,legacy,79,true,280,40,5200,,35
healthy_40ms,lookup,next,79,true,520,76,21844,,3597
healthy_40ms,lookup,legacy,80,true,320,42,5460,,36
healthy_40ms,lookup,next,80,true,600,80,23010,,3791
healthy_40ms,lookup,legacy,81,true,320,42,5460,,38
healthy_40ms,lookup,next,81,true,600,80,23010,,3777
healthy_40ms,lookup,legacy,82,true,280,40,5200,,34
healthy_40ms,lookup,next,82,true,520,76,21844,,3633
healthy_40ms,lookup,legacy,83,true,280,40,5200,,34
healthy_40ms,lookup,next,83,true,520,76,21844,,3596
healthy_40ms,lookup,legacy,84,true,280,40,5200,,36
healthy_40ms,lookup,next,84,true,520,76,21844,,3641
healthy_40ms,lookup,legacy,85,true,280,40,5200,,35
healthy_40ms,lookup,next,85,true,520,76,21844,,3355
healthy_40ms,lookup,legacy,86,true,280,40,5200,,35
healthy_40ms,lookup,next,86,true,520,76,21844,,3585
healthy_40ms,lookup,legacy,87,true,280,40,5200,,34
healthy_40ms,lookup,next,87,true,520,76,21844,,3600
healthy_40ms,lookup,legacy,88,true,320,42,5460,,39
healthy_40ms,lookup,next,88,true,600,80,23010,,3821
healthy_40ms,lookup,legacy,89,true,320,42,5460,,37
healthy_40ms,lookup,next,89,true,600,80,23010,,3836
healthy_40ms,lookup,legacy,90,true,280,40,5200,,34
healthy_40ms,lookup,next,90,true,520,76,21844,,3630
healthy_40ms,lookup,legacy,91,true,320,42,5460,,37
healthy_40ms,lookup,next,91,true,600,80,23010,,3836
healthy_40ms,lookup,legacy,92,true,280,40,5200,,33
healthy_40ms,lookup,next,92,true,520,76,21844,,3613
healthy_40ms,lookup,legacy,93,true,320,42,5460,,37
healthy_40ms,lookup,next,93,true,600,80,23010,,3846
healthy_40ms,lookup,legacy,94,true,280,40,5200,,34
healthy_40ms,lookup,next,94,true,520,76,21844,,3407
healthy_40ms,lookup,legacy,95,true,280,40,5200,,36
healthy_40ms,lookup,next,95,true,520,76,21844,,3568
healthy_40ms,lookup,legacy,96,true,280,40,5200,,34
healthy_40ms,lookup,next,96,true,520,76,21844,,3569
healthy_40ms,lookup,legacy,97,true,280,40,5200,,34
healthy_40ms,lookup,next,97,true,520,76,21844,,3608
healthy_40ms,lookup,legacy,98,true,280,40,5200,,34
healthy_40ms,lookup,next,98,true,520,76,21844,,3606
healthy_40ms,lookup,legacy,99,true,280,40,5200,,34
healthy_40ms,lookup,next,99,true,520,76,21844,,3561
healthy_40ms,signaling,legacy,0,true,120,6,607,40,6
healthy_40ms,signaling,next,0,true,200,14,3522,40,335
healthy_40ms,signaling,legacy,1,true,120,6,607,40,3
healthy_40ms,signaling,next,1,true,200,14,3522,40,318
healthy_40ms,signaling,legacy,2,true,120,6,607,40,3
healthy_40ms,signaling,next,2,true,200,14,3522,40,317
healthy_40ms,signaling,legacy,3,true,120,6,607,40,2
healthy_40ms,signaling,next,3,true,200,14,3522,40,317
healthy_40ms,signaling,legacy,4,true,120,6,607,40,2
healthy_40ms,signaling,next,4,true,200,14,3522,40,312
healthy_40ms,signaling,legacy,5,true,120,6,607,40,2
healthy_40ms,signaling,next,5,true,200,14,3522,40,307
healthy_40ms,signaling,legacy,6,true,120,6,607,40,2
healthy_40ms,signaling,next,6,true,200,14,3522,40,306
healthy_40ms,signaling,legacy,7,true,120,6,607,40,2
healthy_40ms,signaling,next,7,true,200,14,3522,40,329
healthy_40ms,signaling,legacy,8,true,120,6,607,40,4
healthy_40ms,signaling,next,8,true,200,14,3522,40,324
healthy_40ms,signaling,legacy,9,true,120,6,607,40,3
healthy_40ms,signaling,next,9,true,200,14,3522,40,320
healthy_40ms,signaling,legacy,10,true,120,6,607,40,2
healthy_40ms,signaling,next,10,true,200,14,3522,40,319
healthy_40ms,signaling,legacy,11,true,120,6,607,40,3
healthy_40ms,signaling,next,11,true,200,14,3522,40,332
healthy_40ms,signaling,legacy,12,true,120,6,607,40,3
healthy_40ms,signaling,next,12,true,200,14,3522,40,305
healthy_40ms,signaling,legacy,13,true,120,6,607,40,2
healthy_40ms,signaling,next,13,true,200,14,3522,40,305
healthy_40ms,signaling,legacy,14,true,120,6,607,40,4
healthy_40ms,signaling,next,14,true,200,14,3522,40,315
healthy_40ms,signaling,legacy,15,true,120,6,607,40,3
healthy_40ms,signaling,next,15,true,200,14,3522,40,320
healthy_40ms,signaling,legacy,16,true,120,6,607,40,3
healthy_40ms,signaling,next,16,true,200,14,3522,40,331
healthy_40ms,signaling,legacy,17,true,120,6,607,40,2
healthy_40ms,signaling,next,17,true,200,14,3522,40,308
healthy_40ms,signaling,legacy,18,true,120,6,607,40,2
healthy_40ms,signaling,next,18,true,200,14,3522,40,311
healthy_40ms,signaling,legacy,19,true,120,6,607,40,3
healthy_40ms,signaling,next,19,true,200,14,3522,40,310
healthy_40ms,signaling,legacy,20,true,120,6,607,40,2
healthy_40ms,signaling,next,20,true,200,14,3522,40,313
healthy_40ms,signaling,legacy,21,true,120,6,607,40,2
healthy_40ms,signaling,next,21,true,200,14,3522,40,316
healthy_40ms,signaling,legacy,22,true,120,6,607,40,2
healthy_40ms,signaling,next,22,true,200,14,3522,40,315
healthy_40ms,signaling,legacy,23,true,120,6,607,40,2
healthy_40ms,signaling,next,23,true,200,14,3522,40,310
healthy_40ms,signaling,legacy,24,true,120,6,607,40,2
healthy_40ms,signaling,next,24,true,200,14,3522,40,315
healthy_40ms,signaling,legacy,25,true,120,6,607,40,2
healthy_40ms,signaling,next,25,true,200,14,3522,40,322
healthy_40ms,signaling,legacy,26,true,120,6,607,40,2
healthy_40ms,signaling,next,26,true,200,14,3522,40,314
healthy_40ms,signaling,legacy,27,true,120,6,607,40,3
healthy_40ms,signaling,next,27,true,200,14,3522,40,316
healthy_40ms,signaling,legacy,28,true,120,6,607,40,2
healthy_40ms,signaling,next,28,true,200,14,3522,40,315
healthy_40ms,signaling,legacy,29,true,120,6,607,40,2
healthy_40ms,signaling,next,29,true,200,14,3522,40,315
healthy_40ms,signaling,legacy,30,true,120,6,607,40,2
healthy_40ms,signaling,next,30,true,200,14,3522,40,316
healthy_40ms,signaling,legacy,31,true,120,6,607,40,3
healthy_40ms,signaling,next,31,true,200,14,3522,40,316
healthy_40ms,signaling,legacy,32,true,120,6,607,40,2
healthy_40ms,signaling,next,32,true,200,14,3522,40,316
healthy_40ms,signaling,legacy,33,true,120,6,607,40,2
healthy_40ms,signaling,next,33,true,200,14,3522,40,316
healthy_40ms,signaling,legacy,34,true,120,6,607,40,2
healthy_40ms,signaling,next,34,true,200,14,3522,40,315
healthy_40ms,signaling,legacy,35,true,120,6,607,40,2
healthy_40ms,signaling,next,35,true,200,14,3522,40,317
healthy_40ms,signaling,legacy,36,true,120,6,607,40,2
healthy_40ms,signaling,next,36,true,200,14,3522,40,316
healthy_40ms,signaling,legacy,37,true,120,6,607,40,2
healthy_40ms,signaling,next,37,true,200,14,3522,40,317
healthy_40ms,signaling,legacy,38,true,120,6,607,40,2
healthy_40ms,signaling,next,38,true,200,14,3522,40,316
healthy_40ms,signaling,legacy,39,true,120,6,607,40,2
healthy_40ms,signaling,next,39,true,200,14,3522,40,315
healthy_40ms,signaling,legacy,40,true,120,6,607,40,2
healthy_40ms,signaling,next,40,true,200,14,3522,40,317
healthy_40ms,signaling,legacy,41,true,120,6,607,40,2
healthy_40ms,signaling,next,41,true,200,14,3522,40,316
healthy_40ms,signaling,legacy,42,true,120,6,607,40,2
healthy_40ms,signaling,next,42,true,200,14,3522,40,315
healthy_40ms,signaling,legacy,43,true,120,6,607,40,2
healthy_40ms,signaling,next,43,true,200,14,3522,40,316
healthy_40ms,signaling,legacy,44,true,120,6,607,40,2
healthy_40ms,signaling,next,44,true,200,14,3522,40,316
healthy_40ms,signaling,legacy,45,true,120,6,607,40,2
healthy_40ms,signaling,next,45,true,200,14,3522,40,317
healthy_40ms,signaling,legacy,46,true,120,6,607,40,2
healthy_40ms,signaling,next,46,true,200,14,3522,40,316
healthy_40ms,signaling,legacy,47,true,120,6,607,40,3
healthy_40ms,signaling,next,47,true,200,14,3522,40,316
healthy_40ms,signaling,legacy,48,true,120,6,607,40,2
healthy_40ms,signaling,next,48,true,200,14,3522,40,317
healthy_40ms,signaling,legacy,49,true,120,6,607,40,2
healthy_40ms,signaling,next,49,true,200,14,3522,40,317
healthy_40ms,signaling,legacy,50,true,120,6,607,40,2
healthy_40ms,signaling,next,50,true,200,14,3522,40,321
healthy_40ms,signaling,legacy,51,true,120,6,607,40,2
healthy_40ms,signaling,next,51,true,200,14,3522,40,317
healthy_40ms,signaling,legacy,52,true,120,6,607,40,2
healthy_40ms,signaling,next,52,true,200,14,3522,40,316
healthy_40ms,signaling,legacy,53,true,120,6,607,40,2
healthy_40ms,signaling,next,53,true,200,14,3522,40,325
healthy_40ms,signaling,legacy,54,true,120,6,607,40,2
healthy_40ms,signaling,next,54,true,200,14,3522,40,315
healthy_40ms,signaling,legacy,55,true,120,6,607,40,2
healthy_40ms,signaling,next,55,true,200,14,3522,40,316
healthy_40ms,signaling,legacy,56,true,120,6,607,40,2
healthy_40ms,signaling,next,56,true,200,14,3522,40,317
healthy_40ms,signaling,legacy,57,true,120,6,607,40,2
healthy_40ms,signaling,next,57,true,200,14,3522,40,317
healthy_40ms,signaling,legacy,58,true,120,6,607,40,3
healthy_40ms,signaling,next,58,true,200,14,3522,40,316
healthy_40ms,signaling,legacy,59,true,120,6,607,40,2
healthy_40ms,signaling,next,59,true,200,14,3522,40,316
healthy_40ms,signaling,legacy,60,true,120,6,607,40,2
healthy_40ms,signaling,next,60,true,200,14,3522,40,321
healthy_40ms,signaling,legacy,61,true,120,6,607,40,2
healthy_40ms,signaling,next,61,true,200,14,3522,40,316
healthy_40ms,signaling,legacy,62,true,120,6,607,40,2
healthy_40ms,signaling,next,62,true,200,14,3522,40,316
healthy_40ms,signaling,legacy,63,true,120,6,607,40,4
healthy_40ms,signaling,next,63,true,200,14,3522,40,316
healthy_40ms,signaling,legacy,64,true,120,6,607,40,2
healthy_40ms,signaling,next,64,true,200,14,3522,40,315
healthy_40ms,signaling,legacy,65,true,120,6,607,40,2
healthy_40ms,signaling,next,65,true,200,14,3522,40,316
healthy_40ms,signaling,legacy,66,true,120,6,607,40,2
healthy_40ms,signaling,next,66,true,200,14,3522,40,319
healthy_40ms,signaling,legacy,67,true,120,6,607,40,2
healthy_40ms,signaling,next,67,true,200,14,3522,40,316
healthy_40ms,signaling,legacy,68,true,120,6,607,40,2
healthy_40ms,signaling,next,68,true,200,14,3522,40,318
healthy_40ms,signaling,legacy,69,true,120,6,607,40,2
healthy_40ms,signaling,next,69,true,200,14,3522,40,316
healthy_40ms,signaling,legacy,70,true,120,6,607,40,2
healthy_40ms,signaling,next,70,true,200,14,3522,40,318
healthy_40ms,signaling,legacy,71,true,120,6,607,40,2
healthy_40ms,signaling,next,71,true,200,14,3522,40,316
healthy_40ms,signaling,legacy,72,true,120,6,607,40,2
healthy_40ms,signaling,next,72,true,200,14,3522,40,315
healthy_40ms,signaling,legacy,73,true,120,6,607,40,2
healthy_40ms,signaling,next,73,true,200,14,3522,40,316
healthy_40ms,signaling,legacy,74,true,120,6,607,40,2
healthy_40ms,signaling,next,74,true,200,14,3522,40,314
healthy_40ms,signaling,legacy,75,true,120,6,607,40,2
healthy_40ms,signaling,next,75,true,200,14,3522,40,315
healthy_40ms,signaling,legacy,76,true,120,6,607,40,2
healthy_40ms,signaling,next,76,true,200,14,3522,40,317
healthy_40ms,signaling,legacy,77,true,120,6,607,40,2
healthy_40ms,signaling,next,77,true,200,14,3522,40,316
healthy_40ms,signaling,legacy,78,true,120,6,607,40,2
healthy_40ms,signaling,next,78,true,200,14,3522,40,319
healthy_40ms,signaling,legacy,79,true,120,6,607,40,2
healthy_40ms,signaling,next,79,true,200,14,3522,40,316
healthy_40ms,signaling,legacy,80,true,120,6,607,40,2
healthy_40ms,signaling,next,80,true,200,14,3522,40,315
healthy_40ms,signaling,legacy,81,true,120,6,607,40,2
healthy_40ms,signaling,next,81,true,200,14,3522,40,315
healthy_40ms,signaling,legacy,82,true,120,6,607,40,2
healthy_40ms,signaling,next,82,true,200,14,3522,40,314
healthy_40ms,signaling,legacy,83,true,120,6,607,40,2
healthy_40ms,signaling,next,83,true,200,14,3522,40,315
healthy_40ms,signaling,legacy,84,true,120,6,607,40,3
healthy_40ms,signaling,next,84,true,200,14,3522,40,316
healthy_40ms,signaling,legacy,85,true,120,6,607,40,2
healthy_40ms,signaling,next,85,true,200,14,3522,40,316
healthy_40ms,signaling,legacy,86,true,120,6,607,40,3
healthy_40ms,signaling,next,86,true,200,14,3522,40,315
healthy_40ms,signaling,legacy,87,true,120,6,607,40,2
healthy_40ms,signaling,next,87,true,200,14,3522,40,317
healthy_40ms,signaling,legacy,88,true,120,6,607,40,2
healthy_40ms,signaling,next,88,true,200,14,3522,40,322
healthy_40ms,signaling,legacy,89,true,120,6,607,40,2
healthy_40ms,signaling,next,89,true,200,14,3522,40,315
healthy_40ms,signaling,legacy,90,true,120,6,607,40,2
healthy_40ms,signaling,next,90,true,200,14,3522,40,316
healthy_40ms,signaling,legacy,91,true,120,6,607,40,2
healthy_40ms,signaling,next,91,true,200,14,3522,40,326
healthy_40ms,signaling,legacy,92,true,120,6,607,40,2
healthy_40ms,signaling,next,92,true,200,14,3522,40,317
healthy_40ms,signaling,legacy,93,true,120,6,607,40,2
healthy_40ms,signaling,next,93,true,200,14,3522,40,316
healthy_40ms,signaling,legacy,94,true,120,6,607,40,2
healthy_40ms,signaling,next,94,true,200,14,3522,40,315
healthy_40ms,signaling,legacy,95,true,120,6,607,40,2
healthy_40ms,signaling,next,95,true,200,14,3522,40,317
healthy_40ms,signaling,legacy,96,true,120,6,607,40,2
healthy_40ms,signaling,next,96,true,200,14,3522,40,315
healthy_40ms,signaling,legacy,97,true,120,6,607,40,2
healthy_40ms,signaling,next,97,true,200,14,3522,40,315
healthy_40ms,signaling,legacy,98,true,120,6,607,40,2
healthy_40ms,signaling,next,98,true,200,14,3522,40,315
healthy_40ms,signaling,legacy,99,true,120,6,607,40,2
healthy_40ms,signaling,next,99,true,200,14,3522,40,315
wan_200ms,lookup,legacy,0,true,1600,42,5460,,68
wan_200ms,lookup,next,0,true,3000,80,23010,,4417
wan_200ms,lookup,legacy,1,true,1600,42,5460,,62
wan_200ms,lookup,next,1,true,3000,80,23010,,4382
wan_200ms,lookup,legacy,2,true,1400,40,5200,,54
wan_200ms,lookup,next,2,true,2600,76,21844,,4247
wan_200ms,lookup,legacy,3,true,1400,40,5200,,62
wan_200ms,lookup,next,3,true,2600,76,21844,,4172
wan_200ms,lookup,legacy,4,true,1400,40,5200,,60
wan_200ms,lookup,next,4,true,2600,76,21844,,4236
wan_200ms,lookup,legacy,5,true,1400,40,5200,,57
wan_200ms,lookup,next,5,true,2600,76,21844,,4417
wan_200ms,lookup,legacy,6,true,1400,40,5200,,64
wan_200ms,lookup,next,6,true,2600,76,21844,,4455
wan_200ms,lookup,legacy,7,true,1400,40,5200,,70
wan_200ms,lookup,next,7,true,2600,76,21844,,4364
wan_200ms,lookup,legacy,8,true,1600,42,5460,,69
wan_200ms,lookup,next,8,true,3000,80,23010,,4678
wan_200ms,lookup,legacy,9,true,1400,40,5200,,66
wan_200ms,lookup,next,9,true,2600,76,21844,,4389
wan_200ms,lookup,legacy,10,true,1400,40,5200,,62
wan_200ms,lookup,next,10,true,2600,76,21844,,4253
wan_200ms,lookup,legacy,11,true,1400,40,5200,,68
wan_200ms,lookup,next,11,true,2600,76,21844,,4420
wan_200ms,lookup,legacy,12,true,1600,42,5460,,79
wan_200ms,lookup,next,12,true,3000,80,23010,,4615
wan_200ms,lookup,legacy,13,true,1600,42,5460,,72
wan_200ms,lookup,next,13,true,3000,80,23010,,4559
wan_200ms,lookup,legacy,14,true,1600,42,5460,,67
wan_200ms,lookup,next,14,true,3000,80,23010,,4519
wan_200ms,lookup,legacy,15,true,1600,42,5460,,64
wan_200ms,lookup,next,15,true,3000,80,23010,,4476
wan_200ms,lookup,legacy,16,true,1600,42,5460,,60
wan_200ms,lookup,next,16,true,3000,80,23010,,4497
wan_200ms,lookup,legacy,17,true,1400,40,5200,,57
wan_200ms,lookup,next,17,true,2600,76,21844,,4317
wan_200ms,lookup,legacy,18,true,1600,42,5460,,72
wan_200ms,lookup,next,18,true,3000,80,23010,,4434
wan_200ms,lookup,legacy,19,true,1400,40,5200,,61
wan_200ms,lookup,next,19,true,2600,76,21844,,4120
wan_200ms,lookup,legacy,20,true,1400,40,5200,,56
wan_200ms,lookup,next,20,true,2600,76,21844,,4126
wan_200ms,lookup,legacy,21,true,1400,40,5200,,56
wan_200ms,lookup,next,21,true,2600,76,21844,,4068
wan_200ms,lookup,legacy,22,true,1600,42,5460,,60
wan_200ms,lookup,next,22,true,3000,80,23010,,4418
wan_200ms,lookup,legacy,23,true,1600,42,5460,,59
wan_200ms,lookup,next,23,true,3000,80,23010,,4151
wan_200ms,lookup,legacy,24,true,1400,40,5200,,59
wan_200ms,lookup,next,24,true,2600,76,21844,,4105
wan_200ms,lookup,legacy,25,true,1400,40,5200,,56
wan_200ms,lookup,next,25,true,2600,76,21844,,4151
wan_200ms,lookup,legacy,26,true,1400,40,5200,,55
wan_200ms,lookup,next,26,true,2600,76,21844,,4138
wan_200ms,lookup,legacy,27,true,1400,40,5200,,56
wan_200ms,lookup,next,27,true,2600,76,21844,,4130
wan_200ms,lookup,legacy,28,true,1600,42,5460,,61
wan_200ms,lookup,next,28,true,3000,80,23010,,4319
wan_200ms,lookup,legacy,29,true,1600,42,5460,,66
wan_200ms,lookup,next,29,true,3000,80,23010,,4394
wan_200ms,lookup,legacy,30,true,1600,42,5460,,62
wan_200ms,lookup,next,30,true,3000,80,23010,,4437
wan_200ms,lookup,legacy,31,true,1600,42,5460,,63
wan_200ms,lookup,next,31,true,3000,80,23010,,4431
wan_200ms,lookup,legacy,32,true,1600,42,5460,,59
wan_200ms,lookup,next,32,true,3000,80,23010,,4409
wan_200ms,lookup,legacy,33,true,1400,40,5200,,55
wan_200ms,lookup,next,33,true,2600,76,21844,,3857
wan_200ms,lookup,legacy,34,true,1400,40,5200,,57
wan_200ms,lookup,next,34,true,2600,76,21844,,4093
wan_200ms,lookup,legacy,35,true,1400,40,5200,,57
wan_200ms,lookup,next,35,true,2600,76,21844,,4097
wan_200ms,lookup,legacy,36,true,1400,40,5200,,56
wan_200ms,lookup,next,36,true,2600,76,21844,,4182
wan_200ms,lookup,legacy,37,true,1400,40,5200,,63
wan_200ms,lookup,next,37,true,2600,76,21844,,4129
wan_200ms,lookup,legacy,38,true,1600,42,5460,,62
wan_200ms,lookup,next,38,true,3000,80,23010,,4172
wan_200ms,lookup,legacy,39,true,1400,40,5200,,56
wan_200ms,lookup,next,39,true,2600,76,21844,,4080
wan_200ms,lookup,legacy,40,true,1600,42,5460,,59
wan_200ms,lookup,next,40,true,3000,80,23010,,4410
wan_200ms,lookup,legacy,41,true,1600,42,5460,,62
wan_200ms,lookup,next,41,true,3000,80,23010,,4442
wan_200ms,lookup,legacy,42,true,1400,40,5200,,55
wan_200ms,lookup,next,42,true,2600,76,21844,,4126
wan_200ms,lookup,legacy,43,true,1400,40,5200,,55
wan_200ms,lookup,next,43,true,2600,76,21844,,4089
wan_200ms,lookup,legacy,44,true,1600,42,5460,,61
wan_200ms,lookup,next,44,true,3000,80,23010,,4409
wan_200ms,lookup,legacy,45,true,1600,42,5460,,60
wan_200ms,lookup,next,45,true,3000,80,23010,,4441
wan_200ms,lookup,legacy,46,true,1400,40,5200,,55
wan_200ms,lookup,next,46,true,2600,76,21844,,4112
wan_200ms,lookup,legacy,47,true,1400,40,5200,,55
wan_200ms,lookup,next,47,true,2600,76,21844,,4023
wan_200ms,lookup,legacy,48,true,1400,40,5200,,58
wan_200ms,lookup,next,48,true,2600,76,21844,,4059
wan_200ms,lookup,legacy,49,true,1600,42,5460,,61
wan_200ms,lookup,next,49,true,3000,80,23010,,4395
wan_200ms,lookup,legacy,50,true,1400,40,5200,,59
wan_200ms,lookup,next,50,true,2600,76,21844,,4109
wan_200ms,lookup,legacy,51,true,1400,40,5200,,58
wan_200ms,lookup,next,51,true,2600,76,21844,,4130
wan_200ms,lookup,legacy,52,true,1400,40,5200,,54
wan_200ms,lookup,next,52,true,2600,76,21844,,4129
wan_200ms,lookup,legacy,53,true,1600,42,5460,,60
wan_200ms,lookup,next,53,true,3000,80,23010,,4358
wan_200ms,lookup,legacy,54,true,1400,40,5200,,57
wan_200ms,lookup,next,54,true,2600,76,21844,,4139
wan_200ms,lookup,legacy,55,true,1600,42,5460,,68
wan_200ms,lookup,next,55,true,3000,80,23010,,4304
wan_200ms,lookup,legacy,56,true,1600,42,5460,,69
wan_200ms,lookup,next,56,true,3000,80,23010,,4457
wan_200ms,lookup,legacy,57,true,1400,40,5200,,64
wan_200ms,lookup,next,57,true,2600,76,21844,,4256
wan_200ms,lookup,legacy,58,true,1400,40,5200,,72
wan_200ms,lookup,next,58,true,2600,76,21844,,5742
wan_200ms,lookup,legacy,59,true,1600,42,5460,,72
wan_200ms,lookup,next,59,true,3000,80,23010,,4615
wan_200ms,lookup,legacy,60,true,1400,40,5200,,63
wan_200ms,lookup,next,60,true,2600,76,21844,,4258
wan_200ms,lookup,legacy,61,true,1400,40,5200,,61
wan_200ms,lookup,next,61,true,2600,76,21844,,4353
wan_200ms,lookup,legacy,62,true,1400,40,5200,,65
wan_200ms,lookup,next,62,true,2600,76,21844,,4298
wan_200ms,lookup,legacy,63,true,1600,44,5720,,68
wan_200ms,lookup,next,63,true,3000,84,24176,,4791
wan_200ms,lookup,legacy,64,true,1600,44,5720,,65
wan_200ms,lookup,next,64,true,3000,84,24176,,4795
wan_200ms,lookup,legacy,65,true,1600,42,5460,,65
wan_200ms,lookup,next,65,true,3000,80,23010,,4592
wan_200ms,lookup,legacy,66,true,1400,40,5200,,57
wan_200ms,lookup,next,66,true,2600,76,21844,,4258
wan_200ms,lookup,legacy,67,true,1600,42,5460,,65
wan_200ms,lookup,next,67,true,3000,80,23010,,4592
wan_200ms,lookup,legacy,68,true,1400,40,5200,,58
wan_200ms,lookup,next,68,true,2600,76,21844,,4268
wan_200ms,lookup,legacy,69,true,1400,40,5200,,59
wan_200ms,lookup,next,69,true,2600,76,21844,,4304
wan_200ms,lookup,legacy,70,true,1400,40,5200,,60
wan_200ms,lookup,next,70,true,2600,76,21844,,4282
wan_200ms,lookup,legacy,71,true,1400,40,5200,,58
wan_200ms,lookup,next,71,true,2600,76,21844,,4281
wan_200ms,lookup,legacy,72,true,1600,44,5720,,70
wan_200ms,lookup,next,72,true,3000,84,24176,,4785
wan_200ms,lookup,legacy,73,true,1400,40,5200,,60
wan_200ms,lookup,next,73,true,2600,76,21844,,4235
wan_200ms,lookup,legacy,74,true,1400,40,5200,,58
wan_200ms,lookup,next,74,true,2600,76,21844,,4290
wan_200ms,lookup,legacy,75,true,1400,40,5200,,58
wan_200ms,lookup,next,75,true,2600,76,21844,,4256
wan_200ms,lookup,legacy,76,true,1400,40,5200,,59
wan_200ms,lookup,next,76,true,2600,76,21844,,4271
wan_200ms,lookup,legacy,77,true,1600,42,5460,,68
wan_200ms,lookup,next,77,true,3000,80,23010,,4575
wan_200ms,lookup,legacy,78,true,1400,40,5200,,60
wan_200ms,lookup,next,78,true,2600,76,21844,,4274
wan_200ms,lookup,legacy,79,true,1400,40,5200,,58
wan_200ms,lookup,next,79,true,2600,76,21844,,4282
wan_200ms,lookup,legacy,80,true,1600,42,5460,,67
wan_200ms,lookup,next,80,true,3000,80,23010,,4567
wan_200ms,lookup,legacy,81,true,1600,42,5460,,65
wan_200ms,lookup,next,81,true,3000,80,23010,,4590
wan_200ms,lookup,legacy,82,true,1400,40,5200,,63
wan_200ms,lookup,next,82,true,2600,76,21844,,4267
wan_200ms,lookup,legacy,83,true,1400,40,5200,,59
wan_200ms,lookup,next,83,true,2600,76,21844,,4253
wan_200ms,lookup,legacy,84,true,1400,40,5200,,59
wan_200ms,lookup,next,84,true,2600,76,21844,,4273
wan_200ms,lookup,legacy,85,true,1400,40,5200,,57
wan_200ms,lookup,next,85,true,2600,76,21844,,4297
wan_200ms,lookup,legacy,86,true,1400,40,5200,,58
wan_200ms,lookup,next,86,true,2600,76,21844,,4273
wan_200ms,lookup,legacy,87,true,1400,40,5200,,58
wan_200ms,lookup,next,87,true,2600,76,21844,,4288
wan_200ms,lookup,legacy,88,true,1600,42,5460,,65
wan_200ms,lookup,next,88,true,3000,80,23010,,4521
wan_200ms,lookup,legacy,89,true,1600,42,5460,,65
wan_200ms,lookup,next,89,true,3000,80,23010,,4565
wan_200ms,lookup,legacy,90,true,1400,40,5200,,59
wan_200ms,lookup,next,90,true,2600,76,21844,,4281
wan_200ms,lookup,legacy,91,true,1600,42,5460,,63
wan_200ms,lookup,next,91,true,3000,80,23010,,4563
wan_200ms,lookup,legacy,92,true,1400,40,5200,,57
wan_200ms,lookup,next,92,true,2600,76,21844,,4274
wan_200ms,lookup,legacy,93,true,1600,42,5460,,66
wan_200ms,lookup,next,93,true,3000,80,23010,,4569
wan_200ms,lookup,legacy,94,true,1400,40,5200,,59
wan_200ms,lookup,next,94,true,2600,76,21844,,4250
wan_200ms,lookup,legacy,95,true,1400,40,5200,,57
wan_200ms,lookup,next,95,true,2600,76,21844,,4268
wan_200ms,lookup,legacy,96,true,1400,40,5200,,57
wan_200ms,lookup,next,96,true,2600,76,21844,,4245
wan_200ms,lookup,legacy,97,true,1400,40,5200,,60
wan_200ms,lookup,next,97,true,2600,76,21844,,4416
wan_200ms,lookup,legacy,98,true,1400,40,5200,,66
wan_200ms,lookup,next,98,true,2600,76,21844,,4399
wan_200ms,lookup,legacy,99,true,1400,40,5200,,63
wan_200ms,lookup,next,99,true,2600,76,21844,,4352
wan_200ms,signaling,legacy,0,true,600,6,607,200,11
wan_200ms,signaling,next,0,true,1000,14,3522,200,352
wan_200ms,signaling,legacy,1,true,600,6,607,200,6
wan_200ms,signaling,next,1,true,1000,14,3522,200,350
wan_200ms,signaling,legacy,2,true,600,6,607,200,4
wan_200ms,signaling,next,2,true,1000,14,3522,200,345
wan_200ms,signaling,legacy,3,true,600,6,607,200,4
wan_200ms,signaling,next,3,true,1000,14,3522,200,338
wan_200ms,signaling,legacy,4,true,600,6,607,200,4
wan_200ms,signaling,next,4,true,1000,14,3522,200,336
wan_200ms,signaling,legacy,5,true,600,6,607,200,5
wan_200ms,signaling,next,5,true,1000,14,3522,200,339
wan_200ms,signaling,legacy,6,true,600,6,607,200,5
wan_200ms,signaling,next,6,true,1000,14,3522,200,343
wan_200ms,signaling,legacy,7,true,600,6,607,200,4
wan_200ms,signaling,next,7,true,1000,14,3522,200,339
wan_200ms,signaling,legacy,8,true,600,6,607,200,4
wan_200ms,signaling,next,8,true,1000,14,3522,200,337
wan_200ms,signaling,legacy,9,true,600,6,607,200,4
wan_200ms,signaling,next,9,true,1000,14,3522,200,344
wan_200ms,signaling,legacy,10,true,600,6,607,200,4
wan_200ms,signaling,next,10,true,1000,14,3522,200,339
wan_200ms,signaling,legacy,11,true,600,6,607,200,5
wan_200ms,signaling,next,11,true,1000,14,3522,200,338
wan_200ms,signaling,legacy,12,true,600,6,607,200,4
wan_200ms,signaling,next,12,true,1000,14,3522,200,340
wan_200ms,signaling,legacy,13,true,600,6,607,200,4
wan_200ms,signaling,next,13,true,1000,14,3522,200,337
wan_200ms,signaling,legacy,14,true,600,6,607,200,4
wan_200ms,signaling,next,14,true,1000,14,3522,200,336
wan_200ms,signaling,legacy,15,true,600,6,607,200,4
wan_200ms,signaling,next,15,true,1000,14,3522,200,343
wan_200ms,signaling,legacy,16,true,600,6,607,200,4
wan_200ms,signaling,next,16,true,1000,14,3522,200,339
wan_200ms,signaling,legacy,17,true,600,6,607,200,4
wan_200ms,signaling,next,17,true,1000,14,3522,200,338
wan_200ms,signaling,legacy,18,true,600,6,607,200,4
wan_200ms,signaling,next,18,true,1000,14,3522,200,342
wan_200ms,signaling,legacy,19,true,600,6,607,200,4
wan_200ms,signaling,next,19,true,1000,14,3522,200,335
wan_200ms,signaling,legacy,20,true,600,6,607,200,4
wan_200ms,signaling,next,20,true,1000,14,3522,200,339
wan_200ms,signaling,legacy,21,true,600,6,607,200,4
wan_200ms,signaling,next,21,true,1000,14,3522,200,337
wan_200ms,signaling,legacy,22,true,600,6,607,200,4
wan_200ms,signaling,next,22,true,1000,14,3522,200,341
wan_200ms,signaling,legacy,23,true,600,6,607,200,4
wan_200ms,signaling,next,23,true,1000,14,3522,200,337
wan_200ms,signaling,legacy,24,true,600,6,607,200,4
wan_200ms,signaling,next,24,true,1000,14,3522,200,338
wan_200ms,signaling,legacy,25,true,600,6,607,200,4
wan_200ms,signaling,next,25,true,1000,14,3522,200,338
wan_200ms,signaling,legacy,26,true,600,6,607,200,4
wan_200ms,signaling,next,26,true,1000,14,3522,200,337
wan_200ms,signaling,legacy,27,true,600,6,607,200,4
wan_200ms,signaling,next,27,true,1000,14,3522,200,338
wan_200ms,signaling,legacy,28,true,600,6,607,200,4
wan_200ms,signaling,next,28,true,1000,14,3522,200,337
wan_200ms,signaling,legacy,29,true,600,6,607,200,4
wan_200ms,signaling,next,29,true,1000,14,3522,200,336
wan_200ms,signaling,legacy,30,true,600,6,607,200,4
wan_200ms,signaling,next,30,true,1000,14,3522,200,336
wan_200ms,signaling,legacy,31,true,600,6,607,200,4
wan_200ms,signaling,next,31,true,1000,14,3522,200,337
wan_200ms,signaling,legacy,32,true,600,6,607,200,4
wan_200ms,signaling,next,32,true,1000,14,3522,200,341
wan_200ms,signaling,legacy,33,true,600,6,607,200,4
wan_200ms,signaling,next,33,true,1000,14,3522,200,343
wan_200ms,signaling,legacy,34,true,600,6,607,200,4
wan_200ms,signaling,next,34,true,1000,14,3522,200,336
wan_200ms,signaling,legacy,35,true,600,6,607,200,4
wan_200ms,signaling,next,35,true,1000,14,3522,200,337
wan_200ms,signaling,legacy,36,true,600,6,607,200,4
wan_200ms,signaling,next,36,true,1000,14,3522,200,342
wan_200ms,signaling,legacy,37,true,600,6,607,200,4
wan_200ms,signaling,next,37,true,1000,14,3522,200,337
wan_200ms,signaling,legacy,38,true,600,6,607,200,4
wan_200ms,signaling,next,38,true,1000,14,3522,200,337
wan_200ms,signaling,legacy,39,true,600,6,607,200,4
wan_200ms,signaling,next,39,true,1000,14,3522,200,338
wan_200ms,signaling,legacy,40,true,600,6,607,200,4
wan_200ms,signaling,next,40,true,1000,14,3522,200,337
wan_200ms,signaling,legacy,41,true,600,6,607,200,5
wan_200ms,signaling,next,41,true,1000,14,3522,200,340
wan_200ms,signaling,legacy,42,true,600,6,607,200,4
wan_200ms,signaling,next,42,true,1000,14,3522,200,340
wan_200ms,signaling,legacy,43,true,600,6,607,200,4
wan_200ms,signaling,next,43,true,1000,14,3522,200,337
wan_200ms,signaling,legacy,44,true,600,6,607,200,5
wan_200ms,signaling,next,44,true,1000,14,3522,200,350
wan_200ms,signaling,legacy,45,true,600,6,607,200,4
wan_200ms,signaling,next,45,true,1000,14,3522,200,338
wan_200ms,signaling,legacy,46,true,600,6,607,200,4
wan_200ms,signaling,next,46,true,1000,14,3522,200,337
wan_200ms,signaling,legacy,47,true,600,6,607,200,4
wan_200ms,signaling,next,47,true,1000,14,3522,200,339
wan_200ms,signaling,legacy,48,true,600,6,607,200,4
wan_200ms,signaling,next,48,true,1000,14,3522,200,337
wan_200ms,signaling,legacy,49,true,600,6,607,200,4
wan_200ms,signaling,next,49,true,1000,14,3522,200,344
wan_200ms,signaling,legacy,50,true,600,6,607,200,4
wan_200ms,signaling,next,50,true,1000,14,3522,200,335
wan_200ms,signaling,legacy,51,true,600,6,607,200,4
wan_200ms,signaling,next,51,true,1000,14,3522,200,342
wan_200ms,signaling,legacy,52,true,600,6,607,200,4
wan_200ms,signaling,next,52,true,1000,14,3522,200,338
wan_200ms,signaling,legacy,53,true,600,6,607,200,4
wan_200ms,signaling,next,53,true,1000,14,3522,200,337
wan_200ms,signaling,legacy,54,true,600,6,607,200,4
wan_200ms,signaling,next,54,true,1000,14,3522,200,338
wan_200ms,signaling,legacy,55,true,600,6,607,200,4
wan_200ms,signaling,next,55,true,1000,14,3522,200,337
wan_200ms,signaling,legacy,56,true,600,6,607,200,4
wan_200ms,signaling,next,56,true,1000,14,3522,200,338
wan_200ms,signaling,legacy,57,true,600,6,607,200,4
wan_200ms,signaling,next,57,true,1000,14,3522,200,336
wan_200ms,signaling,legacy,58,true,600,6,607,200,4
wan_200ms,signaling,next,58,true,1000,14,3522,200,336
wan_200ms,signaling,legacy,59,true,600,6,607,200,4
wan_200ms,signaling,next,59,true,1000,14,3522,200,338
wan_200ms,signaling,legacy,60,true,600,6,607,200,4
wan_200ms,signaling,next,60,true,1000,14,3522,200,337
wan_200ms,signaling,legacy,61,true,600,6,607,200,4
wan_200ms,signaling,next,61,true,1000,14,3522,200,336
wan_200ms,signaling,legacy,62,true,600,6,607,200,4
wan_200ms,signaling,next,62,true,1000,14,3522,200,345
wan_200ms,signaling,legacy,63,true,600,6,607,200,4
wan_200ms,signaling,next,63,true,1000,14,3522,200,336
wan_200ms,signaling,legacy,64,true,600,6,607,200,4
wan_200ms,signaling,next,64,true,1000,14,3522,200,337
wan_200ms,signaling,legacy,65,true,600,6,607,200,4
wan_200ms,signaling,next,65,true,1000,14,3522,200,340
wan_200ms,signaling,legacy,66,true,600,6,607,200,4
wan_200ms,signaling,next,66,true,1000,14,3522,200,336
wan_200ms,signaling,legacy,67,true,600,6,607,200,4
wan_200ms,signaling,next,67,true,1000,14,3522,200,338
wan_200ms,signaling,legacy,68,true,600,6,607,200,4
wan_200ms,signaling,next,68,true,1000,14,3522,200,336
wan_200ms,signaling,legacy,69,true,600,6,607,200,4
wan_200ms,signaling,next,69,true,1000,14,3522,200,334
wan_200ms,signaling,legacy,70,true,600,6,607,200,4
wan_200ms,signaling,next,70,true,1000,14,3522,200,338
wan_200ms,signaling,legacy,71,true,600,6,607,200,4
wan_200ms,signaling,next,71,true,1000,14,3522,200,338
wan_200ms,signaling,legacy,72,true,600,6,607,200,4
wan_200ms,signaling,next,72,true,1000,14,3522,200,339
wan_200ms,signaling,legacy,73,true,600,6,607,200,4
wan_200ms,signaling,next,73,true,1000,14,3522,200,343
wan_200ms,signaling,legacy,74,true,600,6,607,200,4
wan_200ms,signaling,next,74,true,1000,14,3522,200,332
wan_200ms,signaling,legacy,75,true,600,6,607,200,4
wan_200ms,signaling,next,75,true,1000,14,3522,200,339
wan_200ms,signaling,legacy,76,true,600,6,607,200,4
wan_200ms,signaling,next,76,true,1000,14,3522,200,337
wan_200ms,signaling,legacy,77,true,600,6,607,200,4
wan_200ms,signaling,next,77,true,1000,14,3522,200,342
wan_200ms,signaling,legacy,78,true,600,6,607,200,4
wan_200ms,signaling,next,78,true,1000,14,3522,200,337
wan_200ms,signaling,legacy,79,true,600,6,607,200,4
wan_200ms,signaling,next,79,true,1000,14,3522,200,337
wan_200ms,signaling,legacy,80,true,600,6,607,200,4
wan_200ms,signaling,next,80,true,1000,14,3522,200,346
wan_200ms,signaling,legacy,81,true,600,6,607,200,4
wan_200ms,signaling,next,81,true,1000,14,3522,200,344
wan_200ms,signaling,legacy,82,true,600,6,607,200,4
wan_200ms,signaling,next,82,true,1000,14,3522,200,337
wan_200ms,signaling,legacy,83,true,600,6,607,200,4
wan_200ms,signaling,next,83,true,1000,14,3522,200,336
wan_200ms,signaling,legacy,84,true,600,6,607,200,4
wan_200ms,signaling,next,84,true,1000,14,3522,200,338
wan_200ms,signaling,legacy,85,true,600,6,607,200,4
wan_200ms,signaling,next,85,true,1000,14,3522,200,337
wan_200ms,signaling,legacy,86,true,600,6,607,200,4
wan_200ms,signaling,next,86,true,1000,14,3522,200,336
wan_200ms,signaling,legacy,87,true,600,6,607,200,4
wan_200ms,signaling,next,87,true,1000,14,3522,200,338
wan_200ms,signaling,legacy,88,true,600,6,607,200,4
wan_200ms,signaling,next,88,true,1000,14,3522,200,353
wan_200ms,signaling,legacy,89,true,600,6,607,200,4
wan_200ms,signaling,next,89,true,1000,14,3522,200,336
wan_200ms,signaling,legacy,90,true,600,6,607,200,4
wan_200ms,signaling,next,90,true,1000,14,3522,200,338
wan_200ms,signaling,legacy,91,true,600,6,607,200,4
wan_200ms,signaling,next,91,true,1000,14,3522,200,337
wan_200ms,signaling,legacy,92,true,600,6,607,200,4
wan_200ms,signaling,next,92,true,1000,14,3522,200,338
wan_200ms,signaling,legacy,93,true,600,6,607,200,4
wan_200ms,signaling,next,93,true,1000,14,3522,200,339
wan_200ms,signaling,legacy,94,true,600,6,607,200,4
wan_200ms,signaling,next,94,true,1000,14,3522,200,337
wan_200ms,signaling,legacy,95,true,600,6,607,200,4
wan_200ms,signaling,next,95,true,1000,14,3522,200,334
wan_200ms,signaling,legacy,96,true,600,6,607,200,4
wan_200ms,signaling,next,96,true,1000,14,3522,200,344
wan_200ms,signaling,legacy,97,true,600,6,607,200,4
wan_200ms,signaling,next,97,true,1000,14,3522,200,336
wan_200ms,signaling,legacy,98,true,600,6,607,200,4
wan_200ms,signaling,next,98,true,1000,14,3522,200,337
wan_200ms,signaling,legacy,99,true,600,6,607,200,4
wan_200ms,signaling,next,99,true,1000,14,3522,200,338
slow_800ms,lookup,legacy,0,false,500,4,520,,13
slow_800ms,lookup,next,0,true,8700,126,34084,,7538
slow_800ms,lookup,legacy,1,false,500,4,520,,17
slow_800ms,lookup,next,1,true,9200,144,39022,,8597
slow_800ms,lookup,legacy,2,false,500,4,520,,14
slow_800ms,lookup,next,2,true,8700,126,34084,,7586
slow_800ms,lookup,legacy,3,false,500,4,520,,13
slow_800ms,lookup,next,3,true,8700,132,35730,,7721
slow_800ms,lookup,legacy,4,false,500,4,520,,13
slow_800ms,lookup,next,4,true,7100,120,32438,,6798
slow_800ms,lookup,legacy,5,false,500,4,520,,14
slow_800ms,lookup,next,5,true,8700,132,35730,,7652
slow_800ms,lookup,legacy,6,false,500,4,520,,13
slow_800ms,lookup,next,6,true,8700,126,34084,,7424
slow_800ms,lookup,legacy,7,false,500,4,520,,12
slow_800ms,lookup,next,7,true,7100,120,32438,,6881
slow_800ms,lookup,legacy,8,false,500,4,520,,14
slow_800ms,lookup,next,8,true,8700,132,35730,,7589
slow_800ms,lookup,legacy,9,false,500,4,520,,14
slow_800ms,lookup,next,9,true,7100,120,32438,,6691
slow_800ms,lookup,legacy,10,false,500,4,520,,12
slow_800ms,lookup,next,10,true,7100,120,32438,,6631
slow_800ms,lookup,legacy,11,false,500,4,520,,12
slow_800ms,lookup,next,11,true,8700,126,34084,,7371
slow_800ms,lookup,legacy,12,false,500,4,520,,13
slow_800ms,lookup,next,12,true,8700,126,34084,,7121
slow_800ms,lookup,legacy,13,false,500,4,520,,16
slow_800ms,lookup,next,13,true,8700,126,34084,,7515
slow_800ms,lookup,legacy,14,false,500,4,520,,14
slow_800ms,lookup,next,14,true,8700,126,34084,,7533
slow_800ms,lookup,legacy,15,false,500,4,520,,14
slow_800ms,lookup,next,15,true,8700,138,37376,,7749
slow_800ms,lookup,legacy,16,false,500,4,520,,14
slow_800ms,lookup,next,16,true,8700,126,34084,,7622
slow_800ms,lookup,legacy,17,false,500,4,520,,14
slow_800ms,lookup,next,17,true,8700,126,34084,,7459
slow_800ms,lookup,legacy,18,false,500,4,520,,14
slow_800ms,lookup,next,18,true,8700,126,34084,,7306
slow_800ms,lookup,legacy,19,false,500,4,520,,13
slow_800ms,lookup,next,19,true,8700,126,34084,,7436
slow_800ms,lookup,legacy,20,false,500,4,520,,12
slow_800ms,lookup,next,20,true,8700,126,34084,,7362
slow_800ms,lookup,legacy,21,false,500,4,520,,12
slow_800ms,lookup,next,21,true,8700,132,35730,,7484
slow_800ms,lookup,legacy,22,false,500,4,520,,13
slow_800ms,lookup,next,22,true,8700,132,35730,,7477
slow_800ms,lookup,legacy,23,false,500,4,520,,14
slow_800ms,lookup,next,23,true,8700,126,34084,,7334
slow_800ms,lookup,legacy,24,false,500,4,520,,13
slow_800ms,lookup,next,24,true,8700,126,34084,,7271
slow_800ms,lookup,legacy,25,false,500,4,520,,12
slow_800ms,lookup,next,25,true,8700,126,34084,,7325
slow_800ms,lookup,legacy,26,false,500,4,520,,12
slow_800ms,lookup,next,26,true,7100,120,32438,,6688
slow_800ms,lookup,legacy,27,false,500,4,520,,13
slow_800ms,lookup,next,27,true,8700,126,34084,,7274
slow_800ms,lookup,legacy,28,false,500,4,520,,12
slow_800ms,lookup,next,28,true,8700,132,35730,,7175
slow_800ms,lookup,legacy,29,false,500,4,520,,15
slow_800ms,lookup,next,29,true,8700,126,34084,,7279
slow_800ms,lookup,legacy,30,false,500,4,520,,19
slow_800ms,lookup,next,30,true,8700,138,37376,,7878
slow_800ms,lookup,legacy,31,false,500,4,520,,14
slow_800ms,lookup,next,31,true,8700,132,35730,,7670
slow_800ms,lookup,legacy,32,false,500,4,520,,13
slow_800ms,lookup,next,32,true,8700,126,34084,,7338
slow_800ms,lookup,legacy,33,false,500,4,520,,13
slow_800ms,lookup,next,33,true,7100,120,32438,,6612
slow_800ms,lookup,legacy,34,false,500,4,520,,12
slow_800ms,lookup,next,34,true,8700,132,35730,,7588
slow_800ms,lookup,legacy,35,false,500,4,520,,13
slow_800ms,lookup,next,35,true,8700,126,34084,,7296
slow_800ms,lookup,legacy,36,false,500,4,520,,12
slow_800ms,lookup,next,36,true,8700,132,35730,,7603
slow_800ms,lookup,legacy,37,false,500,4,520,,12
slow_800ms,lookup,next,37,true,7100,120,32438,,6702
slow_800ms,lookup,legacy,38,false,500,4,520,,15
slow_800ms,lookup,next,38,true,8700,126,34084,,7448
slow_800ms,lookup,legacy,39,false,500,4,520,,13
slow_800ms,lookup,next,39,true,8700,126,34084,,7351
slow_800ms,lookup,legacy,40,false,500,4,520,,12
slow_800ms,lookup,next,40,true,8700,126,34084,,7317
slow_800ms,lookup,legacy,41,false,500,4,520,,14
slow_800ms,lookup,next,41,true,8700,126,34084,,7381
slow_800ms,lookup,legacy,42,false,500,4,520,,12
slow_800ms,lookup,next,42,true,8700,126,34084,,7379
slow_800ms,lookup,legacy,43,false,500,4,520,,15
slow_800ms,lookup,next,43,true,8700,132,35730,,7634
slow_800ms,lookup,legacy,44,false,500,4,520,,12
slow_800ms,lookup,next,44,true,8700,132,35730,,7682
slow_800ms,lookup,legacy,45,false,500,4,520,,12
slow_800ms,lookup,next,45,true,8700,126,34084,,7622
slow_800ms,lookup,legacy,46,false,500,4,520,,16
slow_800ms,lookup,next,46,true,8700,126,34084,,7716
slow_800ms,lookup,legacy,47,false,500,4,520,,17
slow_800ms,lookup,next,47,true,8700,126,34084,,7445
slow_800ms,lookup,legacy,48,false,500,4,520,,17
slow_800ms,lookup,next,48,true,8700,126,34084,,7346
slow_800ms,lookup,legacy,49,false,500,4,520,,19
slow_800ms,lookup,next,49,true,8700,132,35730,,7631
slow_800ms,lookup,legacy,50,false,500,4,520,,14
slow_800ms,lookup,next,50,true,8700,126,34084,,6871
slow_800ms,lookup,legacy,51,false,500,4,520,,16
slow_800ms,lookup,next,51,true,7100,120,32438,,6865
slow_800ms,lookup,legacy,52,false,500,4,520,,17
slow_800ms,lookup,next,52,true,8700,126,34084,,7598
slow_800ms,lookup,legacy,53,false,500,4,520,,16
slow_800ms,lookup,next,53,true,8700,126,34084,,7357
slow_800ms,lookup,legacy,54,false,500,4,520,,19
slow_800ms,lookup,next,54,true,8700,126,34084,,7332
slow_800ms,lookup,legacy,55,false,500,4,520,,16
slow_800ms,lookup,next,55,true,8700,126,34084,,7452
slow_800ms,lookup,legacy,56,false,500,4,520,,15
slow_800ms,lookup,next,56,true,8700,126,34084,,7284
slow_800ms,lookup,legacy,57,false,500,4,520,,13
slow_800ms,lookup,next,57,true,7100,120,32438,,6067
slow_800ms,lookup,legacy,58,false,500,4,520,,15
slow_800ms,lookup,next,58,true,8700,126,34084,,7591
slow_800ms,lookup,legacy,59,false,500,4,520,,16
slow_800ms,lookup,next,59,true,8700,126,34084,,7273
slow_800ms,lookup,legacy,60,false,500,4,520,,15
slow_800ms,lookup,next,60,true,8700,132,35730,,7533
slow_800ms,lookup,legacy,61,false,500,4,520,,16
slow_800ms,lookup,next,61,true,8700,126,34084,,7261
slow_800ms,lookup,legacy,62,false,500,4,520,,13
slow_800ms,lookup,next,62,true,8700,126,34084,,7310
slow_800ms,lookup,legacy,63,false,500,4,520,,13
slow_800ms,lookup,next,63,true,8700,138,37376,,7866
slow_800ms,lookup,legacy,64,false,500,4,520,,12
slow_800ms,lookup,next,64,true,8700,132,35730,,7636
slow_800ms,lookup,legacy,65,false,500,4,520,,13
slow_800ms,lookup,next,65,true,8700,126,34084,,7360
slow_800ms,lookup,legacy,66,false,500,4,520,,13
slow_800ms,lookup,next,66,true,8700,126,34084,,7263
slow_800ms,lookup,legacy,67,false,500,4,520,,15
slow_800ms,lookup,next,67,true,8700,138,37376,,7896
slow_800ms,lookup,legacy,68,false,500,4,520,,13
slow_800ms,lookup,next,68,true,8700,138,37376,,7833
slow_800ms,lookup,legacy,69,false,500,4,520,,15
slow_800ms,lookup,next,69,true,8700,126,34084,,7392
slow_800ms,lookup,legacy,70,false,500,4,520,,13
slow_800ms,lookup,next,70,true,7100,120,32438,,6621
slow_800ms,lookup,legacy,71,false,500,4,520,,16
slow_800ms,lookup,next,71,true,8700,126,34084,,7377
slow_800ms,lookup,legacy,72,false,500,4,520,,13
slow_800ms,lookup,next,72,true,8700,132,35730,,7584
slow_800ms,lookup,legacy,73,false,500,4,520,,12
slow_800ms,lookup,next,73,true,8700,126,34084,,7289
slow_800ms,lookup,legacy,74,false,500,4,520,,14
slow_800ms,lookup,next,74,true,7100,120,32438,,6743
slow_800ms,lookup,legacy,75,false,500,4,520,,16
slow_800ms,lookup,next,75,true,8700,132,35730,,7662
slow_800ms,lookup,legacy,76,false,500,4,520,,14
slow_800ms,lookup,next,76,true,8700,126,34084,,7277
slow_800ms,lookup,legacy,77,false,500,4,520,,13
slow_800ms,lookup,next,77,true,8700,126,34084,,7468
slow_800ms,lookup,legacy,78,false,500,4,520,,15
slow_800ms,lookup,next,78,true,8700,132,35730,,7795
slow_800ms,lookup,legacy,79,false,500,4,520,,14
slow_800ms,lookup,next,79,true,7100,120,32438,,6638
slow_800ms,lookup,legacy,80,false,500,4,520,,14
slow_800ms,lookup,next,80,true,8700,132,35730,,7589
slow_800ms,lookup,legacy,81,false,500,4,520,,14
slow_800ms,lookup,next,81,true,8700,126,34084,,7486
slow_800ms,lookup,legacy,82,false,500,4,520,,16
slow_800ms,lookup,next,82,true,8700,126,34084,,7395
slow_800ms,lookup,legacy,83,false,500,4,520,,15
slow_800ms,lookup,next,83,true,8700,126,34084,,7356
slow_800ms,lookup,legacy,84,false,500,4,520,,14
slow_800ms,lookup,next,84,true,8700,126,34084,,7524
slow_800ms,lookup,legacy,85,false,500,4,520,,17
slow_800ms,lookup,next,85,true,8700,132,35730,,7612
slow_800ms,lookup,legacy,86,false,500,4,520,,15
slow_800ms,lookup,next,86,true,8700,132,35730,,7659
slow_800ms,lookup,legacy,87,false,500,4,520,,14
slow_800ms,lookup,next,87,true,8700,126,34084,,7499
slow_800ms,lookup,legacy,88,false,500,4,520,,16
slow_800ms,lookup,next,88,true,8700,132,35730,,7624
slow_800ms,lookup,legacy,89,false,500,4,520,,17
slow_800ms,lookup,next,89,true,8700,126,34084,,7439
slow_800ms,lookup,legacy,90,false,500,4,520,,17
slow_800ms,lookup,next,90,true,8700,132,35730,,7654
slow_800ms,lookup,legacy,91,false,500,4,520,,14
slow_800ms,lookup,next,91,true,8700,126,34084,,7392
slow_800ms,lookup,legacy,92,false,500,4,520,,14
slow_800ms,lookup,next,92,true,8700,126,34084,,7337
slow_800ms,lookup,legacy,93,false,500,4,520,,13
slow_800ms,lookup,next,93,true,8700,132,35730,,7239
slow_800ms,lookup,legacy,94,false,500,4,520,,16
slow_800ms,lookup,next,94,true,8700,126,34084,,7331
slow_800ms,lookup,legacy,95,false,500,4,520,,14
slow_800ms,lookup,next,95,true,8700,126,34084,,7334
slow_800ms,lookup,legacy,96,false,500,4,520,,14
slow_800ms,lookup,next,96,true,8700,132,35730,,7597
slow_800ms,lookup,legacy,97,false,500,4,520,,14
slow_800ms,lookup,next,97,true,8700,126,34084,,7413
slow_800ms,lookup,legacy,98,false,500,4,520,,13
slow_800ms,lookup,next,98,true,8700,126,34084,,7442
slow_800ms,lookup,legacy,99,false,500,4,520,,12
slow_800ms,lookup,next,99,true,8700,126,34084,,7302
slow_800ms,signaling,legacy,0,false,500,2,143,500,4
slow_800ms,signaling,next,0,true,4000,26,6532,800,558
slow_800ms,signaling,legacy,1,false,500,2,143,500,3
slow_800ms,signaling,next,1,true,4000,26,6532,800,542
slow_800ms,signaling,legacy,2,false,500,2,143,500,2
slow_800ms,signaling,next,2,true,4000,26,6532,800,537
slow_800ms,signaling,legacy,3,false,500,2,143,500,2
slow_800ms,signaling,next,3,true,4000,26,6532,800,531
slow_800ms,signaling,legacy,4,false,500,2,143,500,2
slow_800ms,signaling,next,4,true,4000,26,6532,800,531
slow_800ms,signaling,legacy,5,false,500,2,143,500,2
slow_800ms,signaling,next,5,true,4000,26,6532,800,547
slow_800ms,signaling,legacy,6,false,500,2,143,500,2
slow_800ms,signaling,next,6,true,4000,26,6532,800,538
slow_800ms,signaling,legacy,7,false,500,2,143,500,2
slow_800ms,signaling,next,7,true,4000,26,6532,800,537
slow_800ms,signaling,legacy,8,false,500,2,143,500,2
slow_800ms,signaling,next,8,true,4000,26,6532,800,532
slow_800ms,signaling,legacy,9,false,500,2,143,500,2
slow_800ms,signaling,next,9,true,4000,26,6532,800,541
slow_800ms,signaling,legacy,10,false,500,2,143,500,2
slow_800ms,signaling,next,10,true,4000,26,6532,800,532
slow_800ms,signaling,legacy,11,false,500,2,143,500,2
slow_800ms,signaling,next,11,true,4000,26,6532,800,533
slow_800ms,signaling,legacy,12,false,500,2,143,500,2
slow_800ms,signaling,next,12,true,4000,26,6532,800,535
slow_800ms,signaling,legacy,13,false,500,2,143,500,2
slow_800ms,signaling,next,13,true,4000,26,6532,800,537
slow_800ms,signaling,legacy,14,false,500,2,143,500,2
slow_800ms,signaling,next,14,true,4000,26,6532,800,532
slow_800ms,signaling,legacy,15,false,500,2,143,500,2
slow_800ms,signaling,next,15,true,4000,26,6532,800,535
slow_800ms,signaling,legacy,16,false,500,2,143,500,2
slow_800ms,signaling,next,16,true,4000,26,6532,800,533
slow_800ms,signaling,legacy,17,false,500,2,143,500,2
slow_800ms,signaling,next,17,true,4000,26,6532,800,533
slow_800ms,signaling,legacy,18,false,500,2,143,500,2
slow_800ms,signaling,next,18,true,4000,26,6532,800,533
slow_800ms,signaling,legacy,19,false,500,2,143,500,2
slow_800ms,signaling,next,19,true,4000,26,6532,800,533
slow_800ms,signaling,legacy,20,false,500,2,143,500,2
slow_800ms,signaling,next,20,true,4000,26,6532,800,540
slow_800ms,signaling,legacy,21,false,500,2,143,500,2
slow_800ms,signaling,next,21,true,4000,26,6532,800,532
slow_800ms,signaling,legacy,22,false,500,2,143,500,2
slow_800ms,signaling,next,22,true,4000,26,6532,800,545
slow_800ms,signaling,legacy,23,false,500,2,143,500,2
slow_800ms,signaling,next,23,true,4000,26,6532,800,554
slow_800ms,signaling,legacy,24,false,500,2,143,500,2
slow_800ms,signaling,next,24,true,4000,26,6532,800,549
slow_800ms,signaling,legacy,25,false,500,2,143,500,2
slow_800ms,signaling,next,25,true,4000,26,6532,800,538
slow_800ms,signaling,legacy,26,false,500,2,143,500,2
slow_800ms,signaling,next,26,true,4000,26,6532,800,545
slow_800ms,signaling,legacy,27,false,500,2,143,500,2
slow_800ms,signaling,next,27,true,4000,26,6532,800,547
slow_800ms,signaling,legacy,28,false,500,2,143,500,3
slow_800ms,signaling,next,28,true,4000,26,6532,800,549
slow_800ms,signaling,legacy,29,false,500,2,143,500,2
slow_800ms,signaling,next,29,true,4000,26,6532,800,546
slow_800ms,signaling,legacy,30,false,500,2,143,500,2
slow_800ms,signaling,next,30,true,4000,26,6532,800,532
slow_800ms,signaling,legacy,31,false,500,2,143,500,2
slow_800ms,signaling,next,31,true,4000,26,6532,800,540
slow_800ms,signaling,legacy,32,false,500,2,143,500,2
slow_800ms,signaling,next,32,true,4000,26,6532,800,545
slow_800ms,signaling,legacy,33,false,500,2,143,500,2
slow_800ms,signaling,next,33,true,4000,26,6532,800,544
slow_800ms,signaling,legacy,34,false,500,2,143,500,2
slow_800ms,signaling,next,34,true,4000,26,6532,800,536
slow_800ms,signaling,legacy,35,false,500,2,143,500,3
slow_800ms,signaling,next,35,true,4000,26,6532,800,540
slow_800ms,signaling,legacy,36,false,500,2,143,500,2
slow_800ms,signaling,next,36,true,4000,26,6532,800,543
slow_800ms,signaling,legacy,37,false,500,2,143,500,2
slow_800ms,signaling,next,37,true,4000,26,6532,800,549
slow_800ms,signaling,legacy,38,false,500,2,143,500,2
slow_800ms,signaling,next,38,true,4000,26,6532,800,547
slow_800ms,signaling,legacy,39,false,500,2,143,500,2
slow_800ms,signaling,next,39,true,4000,26,6532,800,545
slow_800ms,signaling,legacy,40,false,500,2,143,500,2
slow_800ms,signaling,next,40,true,4000,26,6532,800,544
slow_800ms,signaling,legacy,41,false,500,2,143,500,2
slow_800ms,signaling,next,41,true,4000,26,6532,800,546
slow_800ms,signaling,legacy,42,false,500,2,143,500,2
slow_800ms,signaling,next,42,true,4000,26,6532,800,546
slow_800ms,signaling,legacy,43,false,500,2,143,500,2
slow_800ms,signaling,next,43,true,4000,26,6532,800,537
slow_800ms,signaling,legacy,44,false,500,2,143,500,2
slow_800ms,signaling,next,44,true,4000,26,6532,800,550
slow_800ms,signaling,legacy,45,false,500,2,143,500,2
slow_800ms,signaling,next,45,true,4000,26,6532,800,555
slow_800ms,signaling,legacy,46,false,500,2,143,500,2
slow_800ms,signaling,next,46,true,4000,26,6532,800,545
slow_800ms,signaling,legacy,47,false,500,2,143,500,3
slow_800ms,signaling,next,47,true,4000,26,6532,800,537
slow_800ms,signaling,legacy,48,false,500,2,143,500,2
slow_800ms,signaling,next,48,true,4000,26,6532,800,538
slow_800ms,signaling,legacy,49,false,500,2,143,500,2
slow_800ms,signaling,next,49,true,4000,26,6532,800,532
slow_800ms,signaling,legacy,50,false,500,2,143,500,2
slow_800ms,signaling,next,50,true,4000,26,6532,800,547
slow_800ms,signaling,legacy,51,false,500,2,143,500,2
slow_800ms,signaling,next,51,true,4000,26,6532,800,543
slow_800ms,signaling,legacy,52,false,500,2,143,500,2
slow_800ms,signaling,next,52,true,4000,26,6532,800,550
slow_800ms,signaling,legacy,53,false,500,2,143,500,2
slow_800ms,signaling,next,53,true,4000,26,6532,800,542
slow_800ms,signaling,legacy,54,false,500,2,143,500,2
slow_800ms,signaling,next,54,true,4000,26,6532,800,534
slow_800ms,signaling,legacy,55,false,500,2,143,500,2
slow_800ms,signaling,next,55,true,4000,26,6532,800,551
slow_800ms,signaling,legacy,56,false,500,2,143,500,2
slow_800ms,signaling,next,56,true,4000,26,6532,800,542
slow_800ms,signaling,legacy,57,false,500,2,143,500,2
slow_800ms,signaling,next,57,true,4000,26,6532,800,545
slow_800ms,signaling,legacy,58,false,500,2,143,500,2
slow_800ms,signaling,next,58,true,4000,26,6532,800,539
slow_800ms,signaling,legacy,59,false,500,2,143,500,2
slow_800ms,signaling,next,59,true,4000,26,6532,800,547
slow_800ms,signaling,legacy,60,false,500,2,143,500,2
slow_800ms,signaling,next,60,true,4000,26,6532,800,548
slow_800ms,signaling,legacy,61,false,500,2,143,500,2
slow_800ms,signaling,next,61,true,4000,26,6532,800,534
slow_800ms,signaling,legacy,62,false,500,2,143,500,2
slow_800ms,signaling,next,62,true,4000,26,6532,800,574
slow_800ms,signaling,legacy,63,false,500,2,143,500,3
slow_800ms,signaling,next,63,true,4000,26,6532,800,545
slow_800ms,signaling,legacy,64,false,500,2,143,500,2
slow_800ms,signaling,next,64,true,4000,26,6532,800,539
slow_800ms,signaling,legacy,65,false,500,2,143,500,2
slow_800ms,signaling,next,65,true,4000,26,6532,800,546
slow_800ms,signaling,legacy,66,false,500,2,143,500,2
slow_800ms,signaling,next,66,true,4000,26,6532,800,535
slow_800ms,signaling,legacy,67,false,500,2,143,500,2
slow_800ms,signaling,next,67,true,4000,26,6532,800,542
slow_800ms,signaling,legacy,68,false,500,2,143,500,3
slow_800ms,signaling,next,68,true,4000,26,6532,800,542
slow_800ms,signaling,legacy,69,false,500,2,143,500,3
slow_800ms,signaling,next,69,true,4000,26,6532,800,526
slow_800ms,signaling,legacy,70,false,500,2,143,500,2
slow_800ms,signaling,next,70,true,4000,26,6532,800,536
slow_800ms,signaling,legacy,71,false,500,2,143,500,2
slow_800ms,signaling,next,71,true,4000,26,6532,800,542
slow_800ms,signaling,legacy,72,false,500,2,143,500,2
slow_800ms,signaling,next,72,true,4000,26,6532,800,534
slow_800ms,signaling,legacy,73,false,500,2,143,500,2
slow_800ms,signaling,next,73,true,4000,26,6532,800,542
slow_800ms,signaling,legacy,74,false,500,2,143,500,2
slow_800ms,signaling,next,74,true,4000,26,6532,800,531
slow_800ms,signaling,legacy,75,false,500,2,143,500,2
slow_800ms,signaling,next,75,true,4000,26,6532,800,539
slow_800ms,signaling,legacy,76,false,500,2,143,500,2
slow_800ms,signaling,next,76,true,4000,26,6532,800,533
slow_800ms,signaling,legacy,77,false,500,2,143,500,2
slow_800ms,signaling,next,77,true,4000,26,6532,800,540
slow_800ms,signaling,legacy,78,false,500,2,143,500,2
slow_800ms,signaling,next,78,true,4000,26,6532,800,532
slow_800ms,signaling,legacy,79,false,500,2,143,500,2
slow_800ms,signaling,next,79,true,4000,26,6532,800,537
slow_800ms,signaling,legacy,80,false,500,2,143,500,2
slow_800ms,signaling,next,80,true,4000,26,6532,800,533
slow_800ms,signaling,legacy,81,false,500,2,143,500,2
slow_800ms,signaling,next,81,true,4000,26,6532,800,537
slow_800ms,signaling,legacy,82,false,500,2,143,500,2
slow_800ms,signaling,next,82,true,4000,26,6532,800,541
slow_800ms,signaling,legacy,83,false,500,2,143,500,2
slow_800ms,signaling,next,83,true,4000,26,6532,800,531
slow_800ms,signaling,legacy,84,false,500,2,143,500,2
slow_800ms,signaling,next,84,true,4000,26,6532,800,535
slow_800ms,signaling,legacy,85,false,500,2,143,500,2
slow_800ms,signaling,next,85,true,4000,26,6532,800,534
slow_800ms,signaling,legacy,86,false,500,2,143,500,2
slow_800ms,signaling,next,86,true,4000,26,6532,800,533
slow_800ms,signaling,legacy,87,false,500,2,143,500,2
slow_800ms,signaling,next,87,true,4000,26,6532,800,534
slow_800ms,signaling,legacy,88,false,500,2,143,500,5
slow_800ms,signaling,next,88,true,4000,26,6532,800,535
slow_800ms,signaling,legacy,89,false,500,2,143,500,2
slow_800ms,signaling,next,89,true,4000,26,6532,800,536
slow_800ms,signaling,legacy,90,false,500,2,143,500,2
slow_800ms,signaling,next,90,true,4000,26,6532,800,540
slow_800ms,signaling,legacy,91,false,500,2,143,500,2
slow_800ms,signaling,next,91,true,4000,26,6532,800,539
slow_800ms,signaling,legacy,92,false,500,2,143,500,2
slow_800ms,signaling,next,92,true,4000,26,6532,800,551
slow_800ms,signaling,legacy,93,false,500,2,143,500,2
slow_800ms,signaling,next,93,true,4000,26,6532,800,545
slow_800ms,signaling,legacy,94,false,500,2,143,500,2
slow_800ms,signaling,next,94,true,4000,26,6532,800,533
slow_800ms,signaling,legacy,95,false,500,2,143,500,2
slow_800ms,signaling,next,95,true,4000,26,6532,800,534
slow_800ms,signaling,legacy,96,false,500,2,143,500,2
slow_800ms,signaling,next,96,true,4000,26,6532,800,534
slow_800ms,signaling,legacy,97,false,500,2,143,500,2
slow_800ms,signaling,next,97,true,4000,26,6532,800,532
slow_800ms,signaling,legacy,98,false,500,2,143,500,2
slow_800ms,signaling,next,98,true,4000,26,6532,800,537
slow_800ms,signaling,legacy,99,false,500,2,143,500,2
slow_800ms,signaling,next,99,true,4000,26,6532,800,533
loss_10pct,lookup,legacy,0,true,1160,40,5074,,58
loss_10pct,lookup,next,0,true,2340,94,26974,,4725
loss_10pct,lookup,legacy,1,true,780,40,5074,,48
loss_10pct,lookup,next,1,true,4600,94,26910,,5502
loss_10pct,lookup,legacy,2,false,740,39,5007,,54
loss_10pct,lookup,next,2,true,1260,84,24240,,4102
loss_10pct,lookup,legacy,3,false,500,3,327,,13
loss_10pct,lookup,next,3,true,4060,93,26318,,5280
loss_10pct,lookup,legacy,4,true,780,39,5007,,56
loss_10pct,lookup,next,4,true,1020,84,24188,,4102
loss_10pct,lookup,legacy,5,true,1240,39,4881,,61
loss_10pct,lookup,next,5,true,1700,93,26375,,4565
loss_10pct,lookup,legacy,6,true,1240,38,4814,,55
loss_10pct,lookup,next,6,true,2000,90,25602,,4403
loss_10pct,lookup,legacy,7,true,780,38,4814,,46
loss_10pct,lookup,next,7,true,1260,84,24098,,4134
loss_10pct,lookup,legacy,8,true,860,40,5074,,51
loss_10pct,lookup,next,8,true,2200,88,25200,,4599
loss_10pct,lookup,legacy,9,false,1360,39,5007,,57
loss_10pct,lookup,next,9,true,3620,97,27482,,5097
loss_10pct,lookup,legacy,10,true,1200,37,4621,,62
loss_10pct,lookup,next,10,true,1460,92,26648,,4276
loss_10pct,lookup,legacy,11,false,780,40,5200,,50
loss_10pct,lookup,next,11,true,2500,94,27258,,4647
loss_10pct,lookup,legacy,12,true,1620,37,4495,,63
loss_10pct,lookup,next,12,true,2680,92,26231,,4730
loss_10pct,lookup,legacy,13,false,1160,40,5074,,55
loss_10pct,lookup,next,13,true,1780,91,25810,,4529
loss_10pct,lookup,legacy,14,true,780,41,5267,,47
loss_10pct,lookup,next,14,true,2360,91,25952,,4748
loss_10pct,lookup,legacy,15,true,780,40,5074,,52
loss_10pct,lookup,next,15,true,3860,92,26430,,5064
loss_10pct,lookup,legacy,16,true,1080,41,5267,,53
loss_10pct,lookup,next,16,true,4040,96,27184,,5111
loss_10pct,lookup,legacy,17,true,1200,37,4621,,54
loss_10pct,lookup,next,17,true,1780,88,25328,,4283
loss_10pct,lookup,legacy,18,true,780,42,5460,,48
loss_10pct,lookup,next,18,true,1180,90,25680,,4330
loss_10pct,lookup,legacy,19,true,740,38,4814,,45
loss_10pct,lookup,next,19,true,2020,96,28072,,4624
loss_10pct,lookup,legacy,20,true,780,39,5007,,45
loss_10pct,lookup,next,20,true,2200,85,24512,,4420
loss_10pct,lookup,legacy,21,true,700,39,5007,,48
loss_10pct,lookup,next,21,true,1180,83,23705,,5635
loss_10pct,lookup,legacy,22,true,740,42,5460,,55
loss_10pct,lookup,next,22,true,1860,91,26158,,4593
loss_10pct,lookup,legacy,23,true,620,42,5460,,51
loss_10pct,lookup,next,23,true,4020,94,27116,,5327
loss_10pct,lookup,legacy,24,true,1200,39,5007,,64
loss_10pct,lookup,next,24,true,4520,87,24786,,5176
loss_10pct,lookup,legacy,25,true,940,39,5007,,53
loss_10pct,lookup,next,25,true,2280,82,23348,,4422
loss_10pct,lookup,legacy,26,false,1620,38,4814,,68
loss_10pct,lookup,next,26,true,5020,97,27051,,5400
loss_10pct,lookup,legacy,27,true,540,40,5200,,47
loss_10pct,lookup,next,27,true,920,85,24654,,3938
loss_10pct,lookup,legacy,28,true,1660,45,5787,,66
loss_10pct,lookup,next,28,true,2440,96,27056,,4689
loss_10pct,lookup,legacy,29,true,1040,39,4881,,49
loss_10pct,lookup,next,29,true,1280,89,25678,,4151
loss_10pct,lookup,legacy,30,true,820,40,5074,,46
loss_10pct,lookup,next,30,true,2420,93,26908,,4564
loss_10pct,lookup,legacy,31,true,1480,40,5074,,56
loss_10pct,lookup,next,31,true,3780,101,29176,,5087
loss_10pct,lookup,legacy,32,true,1120,40,5074,,49
loss_10pct,lookup,next,32,true,1780,89,25472,,4135
loss_10pct,lookup,legacy,33,true,1160,41,5141,,51
loss_10pct,lookup,next,33,true,1900,93,27114,,4225
loss_10pct,lookup,legacy,34,false,580,40,5200,,43
loss_10pct,lookup,next,34,true,700,78,22324,,3741
loss_10pct,lookup,legacy,35,false,1320,36,4428,,56
loss_10pct,lookup,next,35,true,3260,96,27660,,4657
loss_10pct,lookup,legacy,36,true,620,39,5007,,42
loss_10pct,lookup,next,36,true,860,79,22596,,3777
loss_10pct,lookup,legacy,37,false,860,40,5200,,52
loss_10pct,lookup,next,37,true,1180,89,25562,,3764
loss_10pct,lookup,legacy,38,true,1700,38,4688,,66
loss_10pct,lookup,next,38,true,5100,107,30950,,5480
loss_10pct,lookup,legacy,39,true,280,40,5200,,37
loss_10pct,lookup,next,39,true,1200,86,25132,,3988
loss_10pct,lookup,legacy,40,true,740,41,5267,,45
loss_10pct,lookup,next,40,true,2160,90,25950,,4432
loss_10pct,lookup,legacy,41,true,940,42,5334,,48
loss_10pct,lookup,next,41,true,1440,91,26364,,4244
loss_10pct,lookup,legacy,42,true,980,39,5007,,48
loss_10pct,lookup,next,42,true,2000,91,25964,,4342
loss_10pct,lookup,legacy,43,true,1160,38,4814,,51
loss_10pct,lookup,next,43,true,4320,99,28618,,4954
loss_10pct,lookup,legacy,44,true,900,42,5460,,53
loss_10pct,lookup,next,44,true,4320,97,27250,,5149
loss_10pct,lookup,legacy,45,true,1620,39,4881,,61
loss_10pct,lookup,next,45,true,4600,109,30888,,5408
loss_10pct,lookup,legacy,46,true,740,40,5200,,45
loss_10pct,lookup,next,46,true,1100,83,23826,,3906
loss_10pct,lookup,legacy,47,true,820,38,4814,,47
loss_10pct,lookup,next,47,true,1760,88,25349,,4280
loss_10pct,lookup,legacy,48,true,740,40,5200,,44
loss_10pct,lookup,next,48,true,2180,93,26354,,4444
loss_10pct,lookup,legacy,49,true,1160,39,5007,,55
loss_10pct,lookup,next,49,true,2180,99,28348,,4555
loss_10pct,lookup,legacy,50,true,1200,38,4814,,52
loss_10pct,lookup,next,50,true,2100,86,24372,,4201
loss_10pct,lookup,legacy,51,true,1060,39,5007,,51
loss_10pct,lookup,next,51,true,1780,88,25212,,4096
loss_10pct,lookup,legacy,52,false,500,3,327,,11
loss_10pct,lookup,next,52,true,2220,96,27492,,4325
loss_10pct,lookup,legacy,53,true,1120,41,5267,,52
loss_10pct,lookup,next,53,true,1280,92,26366,,4208
loss_10pct,lookup,legacy,54,true,1200,38,4814,,50
loss_10pct,lookup,next,54,true,1600,87,24992,,4075
loss_10pct,lookup,legacy,55,true,1200,40,5074,,53
loss_10pct,lookup,next,55,true,1100,88,25079,,4039
loss_10pct,lookup,legacy,56,true,780,41,5267,,46
loss_10pct,lookup,next,56,true,2260,95,27388,,4487
loss_10pct,lookup,legacy,57,false,1200,39,4881,,58
loss_10pct,lookup,next,57,true,3700,90,25692,,4663
loss_10pct,lookup,legacy,58,true,1660,42,5334,,62
loss_10pct,lookup,next,58,true,2260,102,28837,,4592
loss_10pct,lookup,legacy,59,true,1280,39,4881,,53
loss_10pct,lookup,next,59,true,4780,93,26444,,5043
loss_10pct,lookup,legacy,60,true,820,38,4814,,43
loss_10pct,lookup,next,60,true,1520,90,26220,,3837
loss_10pct,lookup,legacy,61,true,1160,41,5267,,58
loss_10pct,lookup,next,61,true,1700,88,25058,,4133
loss_10pct,lookup,legacy,62,true,1660,34,4042,,64
loss_10pct,lookup,next,62,true,2760,88,24923,,4342
loss_10pct,lookup,legacy,63,true,1660,40,5074,,60
loss_10pct,lookup,next,63,true,2760,96,27063,,4698
loss_10pct,lookup,legacy,64,true,1240,40,4948,,60
loss_10pct,lookup,next,64,true,2760,103,29791,,4850
loss_10pct,lookup,legacy,65,true,780,40,5074,,44
loss_10pct,lookup,next,65,true,1700,94,27038,,4168
loss_10pct,lookup,legacy,66,false,1160,40,5074,,52
loss_10pct,lookup,next,66,true,2440,102,29048,,4939
loss_10pct,lookup,legacy,67,true,1540,41,5015,,61
loss_10pct,lookup,next,67,true,5380,115,32856,,5956
loss_10pct,lookup,legacy,68,false,1740,39,4755,,61
loss_10pct,lookup,next,68,true,4440,112,32057,,5446
loss_10pct,lookup,legacy,69,false,500,2,134,,10
loss_10pct,lookup,next,69,true,1660,94,27208,,4168
loss_10pct,lookup,legacy,70,true,1200,38,4814,,51
loss_10pct,lookup,next,70,true,1760,88,25122,,3967
loss_10pct,lookup,legacy,71,true,620,40,5200,,40
loss_10pct,lookup,next,71,true,1020,86,24720,,3893
loss_10pct,lookup,legacy,72,true,1040,43,5527,,52
loss_10pct,lookup,next,72,true,2360,104,29670,,4803
loss_10pct,lookup,legacy,73,true,1120,38,4814,,49
loss_10pct,lookup,next,73,true,2180,90,25744,,4252
loss_10pct,lookup,legacy,74,true,820,39,5007,,44
loss_10pct,lookup,next,74,true,1280,86,24720,,3995
loss_10pct,lookup,legacy,75,false,1120,39,5007,,53
loss_10pct,lookup,next,75,true,2280,85,24242,,4326
loss_10pct,lookup,legacy,76,false,1240,37,4621,,51
loss_10pct,lookup,next,76,true,1940,89,25415,,4182
loss_10pct,lookup,legacy,77,true,1320,39,4881,,54
loss_10pct,lookup,next,77,true,2840,97,27868,,4673
loss_10pct,lookup,legacy,78,false,1240,36,4428,,49
loss_10pct,lookup,next,78,true,2520,89,25330,,4180
loss_10pct,lookup,legacy,79,true,1080,38,4814,,50
loss_10pct,lookup,next,79,true,7620,97,27662,,5870
loss_10pct,lookup,legacy,80,true,1160,40,5074,,52
loss_10pct,lookup,next,80,true,4180,98,27955,,5022
loss_10pct,lookup,legacy,81,true,1280,41,5267,,53
loss_10pct,lookup,next,81,true,2280,102,28778,,4612
loss_10pct,lookup,legacy,82,true,1200,37,4621,,52
loss_10pct,lookup,next,82,true,2520,91,25895,,4371
loss_10pct,lookup,legacy,83,true,860,37,4621,,43
loss_10pct,lookup,next,83,true,1660,107,30808,,4969
loss_10pct,lookup,legacy,84,false,500,3,327,,12
loss_10pct,lookup,next,84,true,1900,91,25706,,4167
loss_10pct,lookup,legacy,85,false,1080,38,4814,,52
loss_10pct,lookup,next,85,true,2200,88,25264,,4322
loss_10pct,lookup,legacy,86,true,820,39,5007,,47
loss_10pct,lookup,next,86,true,2360,92,26842,,4375
loss_10pct,lookup,legacy,87,true,1280,40,5074,,53
loss_10pct,lookup,next,87,true,1680,86,24308,,4154
loss_10pct,lookup,legacy,88,true,1000,40,5074,,49
loss_10pct,lookup,next,88,true,4040,100,28568,,5012
loss_10pct,lookup,legacy,89,true,700,40,5074,,46
loss_10pct,lookup,next,89,true,1940,88,25328,,4260
loss_10pct,lookup,legacy,90,true,900,39,5007,,46
loss_10pct,lookup,next,90,true,2420,94,27038,,4399
loss_10pct,lookup,legacy,91,true,780,40,5074,,45
loss_10pct,lookup,next,91,true,1500,91,26286,,4201
loss_10pct,lookup,legacy,92,true,700,40,5200,,42
loss_10pct,lookup,next,92,true,1940,83,23762,,4178
loss_10pct,lookup,legacy,93,true,1040,40,5074,,50
loss_10pct,lookup,next,93,true,2040,94,27116,,4413
loss_10pct,lookup,legacy,94,true,660,40,5200,,47
loss_10pct,lookup,next,94,true,860,78,22324,,3798
loss_10pct,lookup,legacy,95,false,1200,38,4688,,53
loss_10pct,lookup,next,95,true,1840,94,27265,,4214
loss_10pct,lookup,legacy,96,true,1000,39,5007,,50
loss_10pct,lookup,next,96,true,2260,86,24462,,4198
loss_10pct,lookup,legacy,97,false,740,37,4621,,42
loss_10pct,lookup,next,97,true,1380,91,26492,,4061
loss_10pct,lookup,legacy,98,true,1120,40,5074,,50
loss_10pct,lookup,next,98,true,1200,85,24112,,3912
loss_10pct,lookup,legacy,99,false,1400,37,4621,,52
loss_10pct,lookup,next,99,true,2200,88,25058,,4272
loss_10pct,signaling,legacy,0,true,120,6,607,40,6
loss_10pct,signaling,next,0,true,200,14,3522,40,328
loss_10pct,signaling,legacy,1,true,120,6,607,40,3
loss_10pct,signaling,next,1,true,200,14,3522,40,321
loss_10pct,signaling,legacy,2,true,120,6,607,40,3
loss_10pct,signaling,next,2,true,1700,16,4422,40,424
loss_10pct,signaling,legacy,3,false,500,2,143,500,2
loss_10pct,signaling,next,3,true,400,16,3969,240,326
loss_10pct,signaling,legacy,4,false,500,2,143,500,2
loss_10pct,signaling,next,4,true,1800,21,5450,640,391
loss_10pct,signaling,legacy,5,true,120,6,607,40,3
loss_10pct,signaling,next,5,true,200,14,3522,40,321
loss_10pct,signaling,legacy,6,false,10000,5,491,40,28
loss_10pct,signaling,next,6,true,1900,18,4903,40,391
loss_10pct,signaling,legacy,7,true,120,6,607,40,3
loss_10pct,signaling,next,7,true,200,14,3522,40,320
loss_10pct,signaling,legacy,8,false,10000,4,375,40,27
loss_10pct,signaling,next,8,true,4200,23,6769,40,561
loss_10pct,signaling,legacy,9,false,500,2,143,500,2
loss_10pct,signaling,next,9,true,900,17,4274,240,331
loss_10pct,signaling,legacy,10,false,500,2,143,500,2
loss_10pct,signaling,next,10,true,4300,22,5983,640,568
loss_10pct,signaling,legacy,11,false,10000,4,375,40,27
loss_10pct,signaling,next,11,true,1700,19,5229,40,481
loss_10pct,signaling,legacy,12,false,500,1,67,500,2
loss_10pct,signaling,next,12,true,1300,18,4666,240,346
loss_10pct,signaling,legacy,13,true,120,6,607,40,3
loss_10pct,signaling,next,13,true,200,14,3522,40,325
loss_10pct,signaling,legacy,14,false,10000,5,491,40,28
loss_10pct,signaling,next,14,true,2200,19,5143,40,450
loss_10pct,signaling,legacy,15,false,10000,6,607,40,28
loss_10pct,signaling,next,15,true,200,14,3522,40,313
loss_10pct,signaling,legacy,16,true,120,6,607,40,3
loss_10pct,signaling,next,16,true,400,15,3827,40,299
loss_10pct,signaling,legacy,17,true,120,6,607,40,2
loss_10pct,signaling,next,17,true,200,14,3522,40,318
loss_10pct,signaling,legacy,18,true,120,6,607,40,2
loss_10pct,signaling,next,18,true,200,14,3522,40,317
loss_10pct,signaling,legacy,19,false,10000,3,259,40,27
loss_10pct,signaling,next,19,true,400,15,4002,40,320
loss_10pct,signaling,legacy,20,false,10000,6,607,40,28
loss_10pct,signaling,next,20,true,200,14,3522,40,315
loss_10pct,signaling,legacy,21,true,120,6,607,40,2
loss_10pct,signaling,next,21,true,400,15,3827,40,299
loss_10pct,signaling,legacy,22,true,120,6,607,40,3
loss_10pct,signaling,next,22,true,700,16,4035,40,340
loss_10pct,signaling,legacy,23,true,120,6,607,40,2
loss_10pct,signaling,next,23,true,200,14,3522,40,316
loss_10pct,signaling,legacy,24,true,120,6,607,40,2
loss_10pct,signaling,next,24,true,200,14,3522,40,315
loss_10pct,signaling,legacy,25,true,120,6,607,40,2
loss_10pct,signaling,next,25,true,200,14,3522,40,322
loss_10pct,signaling,legacy,26,false,10000,3,259,40,27
loss_10pct,signaling,next,26,true,400,15,4002,40,318
loss_10pct,signaling,legacy,27,true,120,6,607,40,2
loss_10pct,signaling,next,27,true,200,14,3522,40,316
loss_10pct,signaling,legacy,28,true,120,6,607,40,2
loss_10pct,signaling,next,28,true,200,14,3522,40,316
loss_10pct,signaling,legacy,29,true,120,6,607,40,2
loss_10pct,signaling,next,29,true,200,14,3522,40,314
loss_10pct,signaling,legacy,30,false,10000,3,259,40,27
loss_10pct,signaling,next,30,true,600,16,4307,40,303
loss_10pct,signaling,legacy,31,true,120,6,607,40,2
loss_10pct,signaling,next,31,true,600,16,4132,40,302
loss_10pct,signaling,legacy,32,true,120,6,607,40,2
loss_10pct,signaling,next,32,true,700,16,4035,40,336
loss_10pct,signaling,legacy,33,false,10000,4,375,40,28
loss_10pct,signaling,next,33,true,1700,16,4422,40,460
loss_10pct,signaling,legacy,34,false,10000,6,607,40,28
loss_10pct,signaling,next,34,true,200,14,3522,40,314
loss_10pct,signaling,legacy,35,false,10000,4,375,40,27
loss_10pct,signaling,next,35,true,700,15,3827,40,323
loss_10pct,signaling,legacy,36,true,120,6,607,40,2
loss_10pct,signaling,next,36,true,400,15,3827,40,288
loss_10pct,signaling,legacy,37,true,120,6,607,40,4
loss_10pct,signaling,next,37,true,400,15,3827,40,287
loss_10pct,signaling,legacy,38,false,10000,3,259,40,24
loss_10pct,signaling,next,38,true,1900,18,5110,40,432
loss_10pct,signaling,legacy,39,true,120,6,607,40,3
loss_10pct,signaling,next,39,true,200,14,3522,40,299
loss_10pct,signaling,legacy,40,true,120,6,607,40,2
loss_10pct,signaling,next,40,true,900,20,5101,40,343
loss_10pct,signaling,legacy,41,false,10000,3,259,40,27
loss_10pct,signaling,next,41,true,900,16,4307,40,313
loss_10pct,signaling,legacy,42,true,120,6,607,40,3
loss_10pct,signaling,next,42,true,200,14,3522,40,299
loss_10pct,signaling,legacy,43,true,120,6,607,40,2
loss_10pct,signaling,next,43,true,400,15,3827,40,318
loss_10pct,signaling,legacy,44,false,10000,3,259,40,24
loss_10pct,signaling,next,44,true,400,15,4002,40,321
loss_10pct,signaling,legacy,45,false,500,1,67,500,2
loss_10pct,signaling,next,45,true,1300,19,4754,640,386
loss_10pct,signaling,legacy,46,true,120,6,607,40,3
loss_10pct,signaling,next,46,true,200,14,3522,40,311
loss_10pct,signaling,legacy,47,true,120,6,607,40,3
loss_10pct,signaling,next,47,true,400,15,3827,40,298
loss_10pct,signaling,legacy,48,true,120,6,607,40,2
loss_10pct,signaling,next,48,true,400,15,3827,40,309
loss_10pct,signaling,legacy,49,true,120,6,607,40,3
loss_10pct,signaling,next,49,true,700,16,4035,40,333
loss_10pct,signaling,legacy,50,false,10000,4,375,40,25
loss_10pct,signaling,next,50,true,1200,16,4132,40,330
loss_10pct,signaling,legacy,51,false,10000,5,491,40,24
loss_10pct,signaling,next,51,true,1700,20,5437,40,488
loss_10pct,signaling,legacy,52,false,500,1,67,500,2
loss_10pct,signaling,next,52,true,800,17,4241,640,362
loss_10pct,signaling,legacy,53,true,120,6,607,40,3
loss_10pct,signaling,next,53,true,600,16,4132,40,304
loss_10pct,signaling,legacy,54,false,10000,3,259,40,24
loss_10pct,signaling,next,54,true,400,15,4002,40,319
loss_10pct,signaling,legacy,55,true,120,6,607,40,2
loss_10pct,signaling,next,55,true,700,18,4677,40,340
loss_10pct,signaling,legacy,56,true,120,6,607,40,2
loss_10pct,signaling,next,56,true,200,14,3522,40,306
loss_10pct,signaling,legacy,57,true,120,6,607,40,2
loss_10pct,signaling,next,57,true,200,14,3522,40,306
loss_10pct,signaling,legacy,58,false,10000,3,259,40,27
loss_10pct,signaling,next,58,true,400,15,4002,40,316
loss_10pct,signaling,legacy,59,false,500,2,143,500,2
loss_10pct,signaling,next,59,true,2400,23,6189,240,497
loss_10pct,signaling,legacy,60,true,120,6,607,40,3
loss_10pct,signaling,next,60,true,700,15,3827,40,317
loss_10pct,signaling,legacy,61,true,120,6,607,40,2
loss_10pct,signaling,next,61,true,200,14,3522,40,320
loss_10pct,signaling,legacy,62,true,120,6,607,40,2
loss_10pct,signaling,next,62,true,200,14,3522,40,316
loss_10pct,signaling,legacy,63,false,500,1,67,500,2
loss_10pct,signaling,next,63,true,400,15,3673,240,316
loss_10pct,signaling,legacy,64,true,120,6,607,40,2
loss_10pct,signaling,next,64,true,200,14,3522,40,322
loss_10pct,signaling,legacy,65,true,120,6,607,40,2
loss_10pct,signaling,next,65,true,200,14,3522,40,315
loss_10pct,signaling,legacy,66,true,120,6,607,40,3
loss_10pct,signaling,next,66,true,400,15,3827,40,299
loss_10pct,signaling,legacy,67,false,10000,4,375,40,27
loss_10pct,signaling,next,67,true,700,15,3827,40,323
loss_10pct,signaling,legacy,68,false,500,2,143,500,2
loss_10pct,signaling,next,68,true,2100,20,5114,1440,426
loss_10pct,signaling,legacy,69,false,500,1,67,500,2
loss_10pct,signaling,next,69,true,600,18,4402,240,308
loss_10pct,signaling,legacy,70,true,120,6,607,40,3
loss_10pct,signaling,next,70,true,200,14,3522,40,319
loss_10pct,signaling,legacy,71,true,120,6,607,40,2
loss_10pct,signaling,next,71,true,400,15,3827,40,300
loss_10pct,signaling,legacy,72,true,120,6,607,40,2
loss_10pct,signaling,next,72,true,200,14,3522,40,315
loss_10pct,signaling,legacy,73,false,10000,3,259,40,27
loss_10pct,signaling,next,73,true,1600,17,5341,40,469
loss_10pct,signaling,legacy,74,false,10000,5,491,40,27
loss_10pct,signaling,next,74,true,1900,18,4935,40,456
loss_10pct,signaling,legacy,75,false,10000,6,607,40,28
loss_10pct,signaling,next,75,true,1700,21,6431,40,491
loss_10pct,signaling,legacy,76,false,500,1,67,500,2
loss_10pct,signaling,next,76,true,400,15,3673,240,321
loss_10pct,signaling,legacy,77,true,120,6,607,40,3
loss_10pct,signaling,next,77,true,400,15,3827,40,319
loss_10pct,signaling,legacy,78,false,10000,4,375,40,27
loss_10pct,signaling,next,78,true,900,18,4556,40,312
loss_10pct,signaling,legacy,79,true,120,6,607,40,2
loss_10pct,signaling,next,79,true,700,18,4459,40,341
loss_10pct,signaling,legacy,80,false,500,1,67,500,2
loss_10pct,signaling,next,80,true,600,16,3978,240,323
loss_10pct,signaling,legacy,81,false,500,2,143,500,2
loss_10pct,signaling,next,81,true,1200,19,5059,240,314
loss_10pct,signaling,legacy,82,false,10000,3,259,40,27
loss_10pct,signaling,next,82,true,1900,17,4870,40,398
loss_10pct,signaling,legacy,83,false,10000,4,375,40,28
loss_10pct,signaling,next,83,true,700,15,3827,40,324
loss_10pct,signaling,legacy,84,false,500,2,143,500,2
loss_10pct,signaling,next,84,true,1600,19,4809,1440,394
loss_10pct,signaling,legacy,85,false,10000,4,375,40,27
loss_10pct,signaling,next,85,true,700,15,3827,40,324
loss_10pct,signaling,legacy,86,true,120,6,607,40,3
loss_10pct,signaling,next,86,true,400,17,4251,40,303
loss_10pct,signaling,legacy,87,true,120,6,607,40,2
loss_10pct,signaling,next,87,true,200,14,3522,40,328
loss_10pct,signaling,legacy,88,true,120,6,607,40,3
loss_10pct,signaling,next,88,true,200,14,3522,40,316
loss_10pct,signaling,legacy,89,false,10000,3,259,40,27
loss_10pct,signaling,next,89,true,400,15,4002,40,324
loss_10pct,signaling,legacy,90,true,120,6,607,40,2
loss_10pct,signaling,next,90,true,200,14,3522,40,315
loss_10pct,signaling,legacy,91,false,10000,4,375,40,27
loss_10pct,signaling,next,91,true,4300,19,5716,40,627
loss_10pct,signaling,legacy,92,true,120,6,607,40,3
loss_10pct,signaling,next,92,true,200,14,3522,40,317
loss_10pct,signaling,legacy,93,true,120,6,607,40,2
loss_10pct,signaling,next,93,true,200,14,3522,40,315
loss_10pct,signaling,legacy,94,false,10000,5,491,40,27
loss_10pct,signaling,next,94,true,3900,20,5569,40,523
loss_10pct,signaling,legacy,95,false,500,1,67,500,2
loss_10pct,signaling,next,95,true,600,16,3978,240,329
loss_10pct,signaling,legacy,96,true,120,6,607,40,2
loss_10pct,signaling,next,96,true,700,15,3827,40,322
loss_10pct,signaling,legacy,97,true,120,6,607,40,2
loss_10pct,signaling,next,97,true,400,15,3827,40,319
loss_10pct,signaling,legacy,98,false,500,2,143,500,2
loss_10pct,signaling,next,98,true,1100,18,4579,240,336
loss_10pct,signaling,legacy,99,false,10000,4,375,40,28
loss_10pct,signaling,next,99,true,2200,18,4903,40,417
loss_30pct,lookup,legacy,0,true,1320,36,4428,,54
loss_30pct,lookup,next,0,true,5520,106,30252,,5459
loss_30pct,lookup,legacy,1,false,500,3,327,,11
loss_30pct,lookup,next,1,true,6640,134,37325,,6113
loss_30pct,lookup,legacy,2,false,1540,15,1761,,39
loss_30pct,lookup,next,2,true,7220,130,35946,,6397
loss_30pct,lookup,legacy,3,false,500,3,327,,12
loss_30pct,lookup,next,3,true,5780,128,37066,,5949
loss_30pct,lookup,legacy,4,false,1540,20,2348,,42
loss_30pct,lookup,next,4,true,12780,136,38887,,7744
loss_30pct,lookup,legacy,5,false,500,2,134,,10
loss_30pct,lookup,next,5,true,12000,142,40265,,7871
loss_30pct,lookup,legacy,6,true,2120,33,3849,,63
loss_30pct,lookup,next,6,true,8880,141,40226,,6848
loss_30pct,lookup,legacy,7,false,2120,34,4042,,64
loss_30pct,lookup,next,7,false,9680,135,37443,,6905
loss_30pct,lookup,legacy,8,false,500,3,327,,11
loss_30pct,lookup,next,8,false,10560,143,38615,,6768
loss_30pct,lookup,legacy,9,false,2240,41,5015,,71
loss_30pct,lookup,next,9,true,9300,145,41020,,7282
loss_30pct,lookup,legacy,10,true,1660,31,3715,,52
loss_30pct,lookup,next,10,true,9760,146,41631,,6974
loss_30pct,lookup,legacy,11,false,2120,40,4822,,70
loss_30pct,lookup,next,11,false,8980,134,37368,,6531
loss_30pct,lookup,legacy,12,false,500,3,327,,11
loss_30pct,lookup,next,12,true,11360,135,37524,,7363
loss_30pct,lookup,legacy,13,false,1620,28,3388,,50
loss_30pct,lookup,next,13,false,7780,130,36678,,6431
loss_30pct,lookup,legacy,14,false,1740,34,4042,,61
loss_30pct,lookup,next,14,true,4860,111,31342,,5384
loss_30pct,lookup,legacy,15,true,2240,43,5275,,71
loss_30pct,lookup,next,15,true,8100,142,39778,,6637
loss_30pct,lookup,legacy,16,true,1780,34,4042,,57
loss_30pct,lookup,next,16,true,9740,131,36606,,6772
loss_30pct,lookup,legacy,17,false,2160,36,4176,,67
loss_30pct,lookup,next,17,true,9120,134,37392,,6339
loss_30pct,lookup,legacy,18,false,1660,29,3455,,50
loss_30pct,lookup,next,18,true,8520,142,39851,,6845
loss_30pct,lookup,legacy,19,true,1240,38,4688,,55
loss_30pct,lookup,next,19,true,5940,129,37450,,6015
loss_30pct,lookup,legacy,20,true,1660,38,4814,,61
loss_30pct,lookup,next,20,true,5020,113,31505,,5421
loss_30pct,lookup,legacy,21,false,1040,11,1367,,27
loss_30pct,lookup,next,21,true,5280,126,35132,,5826
loss_30pct,lookup,legacy,22,false,1500,18,1962,,41
loss_30pct,lookup,next,22,false,9840,152,43061,,6955
loss_30pct,lookup,legacy,23,true,1780,44,5468,,63
loss_30pct,lookup,next,23,true,6840,127,35940,,6037
loss_30pct,lookup,legacy,24,false,500,2,134,,11
loss_30pct,lookup,next,24,true,10020,142,39730,,7139
loss_30pct,lookup,legacy,25,false,1620,28,3262,,51
loss_30pct,lookup,next,25,true,7380,131,37307,,6328
loss_30pct,lookup,legacy,26,false,1500,14,1568,,37
loss_30pct,lookup,next,26,true,10280,131,36391,,6648
loss_30pct,lookup,legacy,27,false,1580,20,2222,,43
loss_30pct,lookup,next,27,true,3780,112,32175,,4937
loss_30pct,lookup,legacy,28,false,1660,29,3581,,50
loss_30pct,lookup,next,28,true,5860,130,35960,,6144
loss_30pct,lookup,legacy,29,false,2120,37,4369,,67
loss_30pct,lookup,next,29,true,6680,125,36414,,6010
loss_30pct,lookup,legacy,30,true,2160,39,4755,,67
loss_30pct,lookup,next,30,true,8700,141,39956,,6917
loss_30pct,lookup,legacy,31,false,1040,8,788,,24
loss_30pct,lookup,next,31,true,9400,149,42098,,6981
loss_30pct,lookup,legacy,32,false,1500,18,2088,,40
loss_30pct,lookup,next,32,true,12020,139,39135,,7477
loss_30pct,lookup,legacy,33,false,2160,32,3656,,63
loss_30pct,lookup,next,33,true,8860,129,37438,,6708
loss_30pct,lookup,legacy,34,false,1040,8,788,,24
loss_30pct,lookup,next,34,false,8560,140,39082,,6619
loss_30pct,lookup,legacy,35,false,1580,25,3061,,45
loss_30pct,lookup,next,35,false,12400,140,40032,,8415
loss_30pct,lookup,legacy,36,true,2080,39,4755,,62
loss_30pct,lookup,next,36,true,6300,125,35744,,5937
loss_30pct,lookup,legacy,37,false,2200,39,4755,,71
loss_30pct,lookup,next,37,true,7780,132,37108,,6501
loss_30pct,lookup,legacy,38,true,2120,29,3455,,59
loss_30pct,lookup,next,38,true,11700,147,40430,,7457
loss_30pct,lookup,legacy,39,false,500,3,327,,11
loss_30pct,lookup,next,39,true,8640,143,39792,,6707
loss_30pct,lookup,legacy,40,false,500,3,327,,11
loss_30pct,lookup,next,40,true,8060,130,37665,,6144
loss_30pct,lookup,legacy,41,false,2080,31,3715,,60
loss_30pct,lookup,next,41,true,11060,140,39710,,7561
loss_30pct,lookup,legacy,42,false,2040,35,4235,,64
loss_30pct,lookup,next,42,true,9420,137,38958,,7099
loss_30pct,lookup,legacy,43,true,1700,31,3715,,57
loss_30pct,lookup,next,43,true,9780,141,39762,,6730
loss_30pct,lookup,legacy,44,true,1780,39,4755,,62
loss_30pct,lookup,next,44,true,6600,130,36824,,6214
loss_30pct,lookup,legacy,45,false,500,3,327,,11
loss_30pct,lookup,next,45,true,9440,155,43271,,7083
loss_30pct,lookup,legacy,46,true,1540,37,4621,,55
loss_30pct,lookup,next,46,true,6220,126,36068,,5935
loss_30pct,lookup,legacy,47,true,1660,37,4621,,60
loss_30pct,lookup,next,47,true,9520,133,37938,,7361
loss_30pct,lookup,legacy,48,true,1660,37,4621,,60
loss_30pct,lookup,next,48,true,14180,137,38378,,8286
loss_30pct,lookup,legacy,49,false,500,2,134,,11
loss_30pct,lookup,next,49,false,2000,11,2660,,532
loss_30pct,lookup,legacy,50,false,1620,29,3455,,53
loss_30pct,lookup,next,50,true,10140,145,41015,,7322
loss_30pct,lookup,legacy,51,false,500,2,134,,11
loss_30pct,lookup,next,51,true,7980,133,37396,,6576
loss_30pct,lookup,legacy,52,false,500,2,134,,9
loss_30pct,lookup,next,52,false,9260,149,41076,,7148
loss_30pct,lookup,legacy,53,false,2080,30,3522,,61
loss_30pct,lookup,next,53,false,8540,146,41754,,6652
loss_30pct,lookup,legacy,54,true,1700,39,4755,,58
loss_30pct,lookup,next,54,true,7020,124,35020,,6025
loss_30pct,lookup,legacy,55,true,1780,35,4109,,62
loss_30pct,lookup,next,55,true,5820,110,31361,,5532
loss_30pct,lookup,legacy,56,false,1860,37,4369,,71
loss_30pct,lookup,next,56,true,8040,125,35446,,6215
loss_30pct,lookup,legacy,57,false,1500,19,2155,,42
loss_30pct,lookup,next,57,true,7080,121,34784,,6013
loss_30pct,lookup,legacy,58,false,500,2,134,,11
loss_30pct,lookup,next,58,true,10480,141,38473,,7215
loss_30pct,lookup,legacy,59,false,500,3,327,,12
loss_30pct,lookup,next,59,true,7200,138,39329,,6559
loss_30pct,lookup,legacy,60,false,1040,8,788,,25
loss_30pct,lookup,next,60,false,10780,143,39761,,7200
loss_30pct,lookup,legacy,61,true,1040,9,981,,24
loss_30pct,lookup,next,61,true,7280,134,37730,,6469
loss_30pct,lookup,legacy,62,false,2000,21,2163,,51
loss_30pct,lookup,next,62,true,7700,125,34690,,6272
loss_30pct,lookup,legacy,63,true,2080,35,4235,,62
loss_30pct,lookup,next,63,true,7940,129,36782,,6561
loss_30pct,lookup,legacy,64,false,1700,34,4042,,61
loss_30pct,lookup,next,64,true,8720,139,39493,,6586
loss_30pct,lookup,legacy,65,false,2240,39,4629,,68
loss_30pct,lookup,next,65,true,7620,142,40396,,6772
loss_30pct,lookup,legacy,66,false,1780,39,4881,,60
loss_30pct,lookup,next,66,true,9440,131,36758,,6933
loss_30pct,lookup,legacy,67,false,1620,25,2809,,50
loss_30pct,lookup,next,67,false,9480,135,37488,,6610
loss_30pct,lookup,legacy,68,false,500,3,327,,16
loss_30pct,lookup,next,68,true,13020,159,44584,,8203
loss_30pct,lookup,legacy,69,false,500,2,134,,11
loss_30pct,lookup,next,69,true,7900,149,42233,,6877
loss_30pct,lookup,legacy,70,false,500,2,134,,11
loss_30pct,lookup,next,70,true,8800,153,42992,,7113
loss_30pct,lookup,legacy,71,true,1200,36,4428,,55
loss_30pct,lookup,next,71,true,8180,134,38180,,6740
loss_30pct,lookup,legacy,72,false,500,2,134,,12
loss_30pct,lookup,next,72,true,8260,138,39795,,6740
loss_30pct,lookup,legacy,73,true,1620,36,4428,,60
loss_30pct,lookup,next,73,true,8660,144,41340,,6847
loss_30pct,lookup,legacy,74,true,1620,21,2541,,44
loss_30pct,lookup,next,74,true,8440,137,37923,,6574
loss_30pct,lookup,legacy,75,false,2320,41,5015,,72
loss_30pct,lookup,next,75,true,9160,143,40038,,6934
loss_30pct,lookup,legacy,76,false,500,2,134,,12
loss_30pct,lookup,next,76,true,8900,142,39249,,7049
loss_30pct,lookup,legacy,77,false,500,2,134,,11
loss_30pct,lookup,next,77,true,8240,141,39690,,6597
loss_30pct,lookup,legacy,78,false,1620,25,2809,,50
loss_30pct,lookup,next,78,true,12860,137,38674,,7936
loss_30pct,lookup,legacy,79,false,2080,29,3455,,57
loss_30pct,lookup,next,79,false,12040,147,40906,,7085
loss_30pct,lookup,legacy,80,false,500,2,134,,10
loss_30pct,lookup,next,80,true,8480,136,38335,,6683
loss_30pct,lookup,legacy,81,false,1700,25,2935,,49
loss_30pct,lookup,next,81,true,9620,137,38188,,6847
loss_30pct,lookup,legacy,82,false,500,2,134,,10
loss_30pct,lookup,next,82,true,8820,154,42939,,7190
loss_30pct,lookup,legacy,83,false,2080,35,4235,,63
loss_30pct,lookup,next,83,false,8620,153,43454,,7029
loss_30pct,lookup,legacy,84,false,500,3,327,,11
loss_30pct,lookup,next,84,true,8100,141,39317,,6725
loss_30pct,lookup,legacy,85,false,2080,37,4495,,69
loss_30pct,lookup,next,85,true,12600,144,40528,,7875
loss_30pct,lookup,legacy,86,true,2040,36,4428,,67
loss_30pct,lookup,next,86,true,8300,138,39346,,6664
loss_30pct,lookup,legacy,87,false,2160,34,4042,,63
loss_30pct,lookup,next,87,false,8620,150,41487,,6935
loss_30pct,lookup,legacy,88,false,1500,20,2348,,41
loss_30pct,lookup,next,88,false,9280,148,41204,,6934
loss_30pct,lookup,legacy,89,true,2200,37,4369,,71
loss_30pct,lookup,next,89,true,8860,135,37090,,6740
loss_30pct,lookup,legacy,90,true,1700,33,3849,,58
loss_30pct,lookup,next,90,true,11360,139,39100,,7186
loss_30pct,lookup,legacy,91,true,2080,33,3849,,61
loss_30pct,lookup,next,91,true,9380,152,42910,,6718
loss_30pct,lookup,legacy,92,false,1900,39,4881,,64
loss_30pct,lookup,next,92,true,8280,128,36152,,6633
loss_30pct,lookup,legacy,93,false,1820,37,4369,,64
loss_30pct,lookup,next,93,true,8240,136,38930,,6585
loss_30pct,lookup,legacy,94,true,1200,39,5007,,52
loss_30pct,lookup,next,94,true,10680,111,31562,,6957
loss_30pct,lookup,legacy,95,false,2080,32,3656,,62
loss_30pct,lookup,next,95,true,8740,126,35933,,6525
loss_30pct,lookup,legacy,96,false,500,3,327,,11
loss_30pct,lookup,next,96,true,7980,133,37259,,6247
loss_30pct,lookup,legacy,97,false,1040,8,788,,26
loss_30pct,lookup,next,97,false,10280,150,42906,,7275
loss_30pct,lookup,legacy,98,false,1120,19,2281,,32
loss_30pct,lookup,next,98,true,5840,129,36278,,6141
loss_30pct,lookup,legacy,99,false,2200,35,4235,,68
loss_30pct,lookup,next,99,true,10840,139,38936,,7287
loss_30pct,signaling,legacy,0,true,120,6,607,40,6
loss_30pct,signaling,next,0,true,1700,17,4598,40,417
loss_30pct,signaling,legacy,1,false,500,2,143,500,3
loss_30pct,signaling,next,1,true,4400,27,7640,240,584
loss_30pct,signaling,legacy,2,false,500,1,67,500,2
loss_30pct,signaling,next,2,true,3100,23,6549,640,541
loss_30pct,signaling,legacy,3,false,500,2,143,500,2
loss_30pct,signaling,next,3,true,600,17,4274,240,304
loss_30pct,signaling,legacy,4,false,500,2,143,500,2
loss_30pct,signaling,next,4,false,2000,5,1142,,64
loss_30pct,signaling,legacy,5,false,500,1,67,500,2
loss_30pct,signaling,next,5,false,2000,4,846,,61
loss_30pct,signaling,legacy,6,false,10000,5,491,40,30
loss_30pct,signaling,next,6,true,5200,25,7548,40,603
loss_30pct,signaling,legacy,7,false,10000,4,375,40,29
loss_30pct,signaling,next,7,false,20000,15,4828,40,582
loss_30pct,signaling,legacy,8,false,500,1,67,500,2
loss_30pct,signaling,next,8,false,20000,7,2760,240,304
loss_30pct,signaling,legacy,9,false,500,1,67,500,2
loss_30pct,signaling,next,9,true,1500,19,4851,640,359
loss_30pct,signaling,legacy,10,false,500,2,143,500,2
loss_30pct,signaling,next,10,false,21000,17,5292,1440,519
loss_30pct,signaling,legacy,11,false,10000,4,375,40,29
loss_30pct,signaling,next,11,true,2300,26,8149,40,624
loss_30pct,signaling,legacy,12,false,500,1,67,500,2
loss_30pct,signaling,next,12,true,2300,19,5229,240,464
loss_30pct,signaling,legacy,13,false,10000,4,375,40,29
loss_30pct,signaling,next,13,true,3700,18,5056,40,515
loss_30pct,signaling,legacy,14,false,10000,3,259,40,28
loss_30pct,signaling,next,14,true,3800,24,7765,40,698
loss_30pct,signaling,legacy,15,false,10000,5,491,40,29
loss_30pct,signaling,next,15,true,1900,20,5534,40,463
loss_30pct,signaling,legacy,16,true,120,6,607,40,3
loss_30pct,signaling,next,16,true,1700,17,4630,40,429
loss_30pct,signaling,legacy,17,true,120,6,607,40,3
loss_30pct,signaling,next,17,true,200,14,3522,40,317
loss_30pct,signaling,legacy,18,false,500,1,67,500,2
loss_30pct,signaling,next,18,true,7600,23,6838,240,629
loss_30pct,signaling,legacy,19,false,10000,3,259,40,28
loss_30pct,signaling,next,19,true,800,21,5756,40,339
loss_30pct,signaling,legacy,20,false,10000,6,607,40,30
loss_30pct,signaling,next,20,true,200,14,3522,40,315
loss_30pct,signaling,legacy,21,false,10000,3,259,40,28
loss_30pct,signaling,next,21,true,800,20,5637,40,330
loss_30pct,signaling,legacy,22,false,500,1,67,500,2
loss_30pct,signaling,next,22,true,5800,22,6555,240,598
loss_30pct,signaling,legacy,23,false,500,2,143,500,2
loss_30pct,signaling,next,23,true,6700,22,6785,640,710
loss_30pct,signaling,legacy,24,false,500,1,67,500,2
loss_30pct,signaling,next,24,false,2000,6,1438,,86
loss_30pct,signaling,legacy,25,true,120,6,607,40,2
loss_30pct,signaling,next,25,true,1300,18,4903,40,454
loss_30pct,signaling,legacy,26,false,10000,3,259,40,28
loss_30pct,signaling,next,26,true,400,15,4002,40,319
loss_30pct,signaling,legacy,27,false,500,1,67,500,2
loss_30pct,signaling,next,27,true,400,15,3673,240,319
loss_30pct,signaling,legacy,28,false,500,2,143,500,2
loss_30pct,signaling,next,28,true,900,19,4873,240,337
loss_30pct,signaling,legacy,29,true,120,6,607,40,3
loss_30pct,signaling,next,29,true,1700,22,5815,40,473
loss_30pct,signaling,legacy,30,false,10000,3,259,40,31
loss_30pct,signaling,next,30,true,600,16,4307,40,308
loss_30pct,signaling,legacy,31,true,120,6,607,40,3
loss_30pct,signaling,next,31,true,1000,17,4695,40,431
loss_30pct,signaling,legacy,32,true,120,6,607,40,2
loss_30pct,signaling,next,32,false,20000,16,4374,40,541
loss_30pct,signaling,legacy,33,false,10000,4,375,40,30
loss_30pct,signaling,next,33,true,3700,18,5056,40,497
loss_30pct,signaling,legacy,34,false,10000,6,607,40,30
loss_30pct,signaling,next,34,true,1900,24,6721,40,496
loss_30pct,signaling,legacy,35,false,10000,3,259,40,28
loss_30pct,signaling,next,35,true,2300,19,5480,40,393
loss_30pct,signaling,legacy,36,true,120,6,607,40,3
loss_30pct,signaling,next,36,true,800,16,4390,40,391
loss_30pct,signaling,legacy,37,false,10000,4,375,40,29
loss_30pct,signaling,next,37,true,3200,23,6849,40,645
loss_30pct,signaling,legacy,38,false,10000,3,259,40,28
loss_30pct,signaling,next,38,false,20000,11,3404,40,417
loss_30pct,signaling,legacy,39,false,500,2,143,500,2
loss_30pct,signaling,next,39,true,4300,25,7107,640,557
loss_30pct,signaling,legacy,40,false,500,2,143,500,2
loss_30pct,signaling,next,40,true,1800,19,5492,240,401
loss_30pct,signaling,legacy,41,false,500,2,143,500,2
loss_30pct,signaling,next,41,true,2900,24,6816,640,613
loss_30pct,signaling,legacy,42,true,120,6,607,40,3
loss_30pct,signaling,next,42,true,400,15,3827,40,305
loss_30pct,signaling,legacy,43,false,500,2,143,500,2
loss_30pct,signaling,next,43,true,800,19,5059,240,307
loss_30pct,signaling,legacy,44,false,500,1,67,500,2
loss_30pct,signaling,next,44,false,20000,17,5294,640,657
loss_30pct,signaling,legacy,45,false,500,1,67,500,2
loss_30pct,signaling,next,45,false,20000,22,6032,640,665
loss_30pct,signaling,legacy,46,false,10000,4,375,40,29
loss_30pct,signaling,next,46,true,1900,17,4727,40,463
loss_30pct,signaling,legacy,47,true,120,6,607,40,2
loss_30pct,signaling,next,47,false,20000,18,5105,40,556
loss_30pct,signaling,legacy,48,false,10000,3,259,40,28
loss_30pct,signaling,next,48,false,20000,10,3196,40,396
loss_30pct,signaling,legacy,49,false,500,1,67,500,2
loss_30pct,signaling,next,49,false,2000,6,1438,,90
loss_30pct,signaling,legacy,50,false,10000,3,259,40,28
loss_30pct,signaling,next,50,false,20000,23,7211,40,620
loss_30pct,signaling,legacy,51,false,500,1,67,500,2
loss_30pct,signaling,next,51,false,20000,15,4684,640,592
loss_30pct,signaling,legacy,52,false,500,1,67,500,2
loss_30pct,signaling,next,52,true,4300,20,5567,640,505
loss_30pct,signaling,legacy,53,false,500,2,143,500,2
loss_30pct,signaling,next,53,true,3800,22,6374,640,504
loss_30pct,signaling,legacy,54,false,10000,3,259,40,28
loss_30pct,signaling,next,54,true,400,15,4002,40,323
loss_30pct,signaling,legacy,55,false,10000,4,375,40,29
loss_30pct,signaling,next,55,true,5800,25,7714,40,798
loss_30pct,signaling,legacy,56,false,500,2,143,500,2
loss_30pct,signaling,next,56,true,800,17,4241,640,375
loss_30pct,signaling,legacy,57,true,120,6,607,40,3
loss_30pct,signaling,next,57,true,700,16,4035,40,339
loss_30pct,signaling,legacy,58,false,500,1,67,500,2
loss_30pct,signaling,next,58,true,3700,23,6204,1440,540
loss_30pct,signaling,legacy,59,false,500,2,143,500,2
loss_30pct,signaling,next,59,false,20000,18,5806,240,539
loss_30pct,signaling,legacy,60,false,500,1,67,500,2
loss_30pct,signaling,next,60,false,20000,24,7531,240,748
loss_30pct,signaling,legacy,61,true,120,6,607,40,3
loss_30pct,signaling,next,61,true,400,16,4132,40,322
loss_30pct,signaling,legacy,62,false,10000,3,259,40,29
loss_30pct,signaling,next,62,true,4100,25,7772,40,588
loss_30pct,signaling,legacy,63,false,500,1,67,500,2
loss_30pct,signaling,next,63,true,3900,24,6701,640,543
loss_30pct,signaling,legacy,64,true,120,6,607,40,3
loss_30pct,signaling,next,64,true,700,18,4459,40,347
loss_30pct,signaling,legacy,65,false,500,2,143,500,2
loss_30pct,signaling,next,65,false,20000,13,3797,240,439
loss_30pct,signaling,legacy,66,false,10000,6,607,40,28
loss_30pct,signaling,next,66,false,20000,21,6660,40,724
loss_30pct,signaling,legacy,67,false,500,1,67,500,2
loss_30pct,signaling,next,67,true,3100,19,5430,640,586
loss_30pct,signaling,legacy,68,false,500,2,143,500,2
loss_30pct,signaling,next,68,false,21000,10,3295,1440,399
loss_30pct,signaling,legacy,69,false,500,1,67,500,2
loss_30pct,signaling,next,69,false,20000,13,3709,240,461
loss_30pct,signaling,legacy,70,false,500,1,67,500,2
loss_30pct,signaling,next,70,true,3100,28,7615,1440,602
loss_30pct,signaling,legacy,71,true,120,6,607,40,2
loss_30pct,signaling,next,71,true,1000,17,4695,40,454
loss_30pct,signaling,legacy,72,false,500,1,67,500,2
loss_30pct,signaling,next,72,true,1000,17,4541,240,395
loss_30pct,signaling,legacy,73,false,10000,3,259,40,29
loss_30pct,signaling,next,73,false,20000,6,2609,40,313
loss_30pct,signaling,legacy,74,false,10000,5,491,40,29
loss_30pct,signaling,next,74,false,20000,25,7174,40,805
loss_30pct,signaling,legacy,75,false,10000,4,375,40,28
loss_30pct,signaling,next,75,true,3200,21,6940,40,558
loss_30pct,signaling,legacy,76,false,500,1,67,500,2
loss_30pct,signaling,next,76,true,1300,17,4387,640,461
loss_30pct,signaling,legacy,77,false,500,1,67,500,2
loss_30pct,signaling,next,77,false,2000,4,846,,62
loss_30pct,signaling,legacy,78,false,500,1,67,500,2
loss_30pct,signaling,next,78,true,3400,24,6964,640,632
loss_30pct,signaling,legacy,79,false,10000,4,375,40,29
loss_30pct,signaling,next,79,true,4200,24,7074,40,559
loss_30pct,signaling,legacy,80,false,500,1,67,500,2
loss_30pct,signaling,next,80,false,20000,12,3484,640,537
loss_30pct,signaling,legacy,81,false,500,1,67,500,2
loss_30pct,signaling,next,81,false,2000,5,1279,,126
loss_30pct,signaling,legacy,82,false,500,1,67,500,2
loss_30pct,signaling,next,82,true,6400,23,7615,640,862
loss_30pct,signaling,legacy,83,false,10000,4,375,40,28
loss_30pct,signaling,next,83,true,4300,19,5716,40,520
loss_30pct,signaling,legacy,84,false,500,2,143,500,2
loss_30pct,signaling,next,84,false,2000,7,1734,,92
loss_30pct,signaling,legacy,85,false,500,2,143,500,2
loss_30pct,signaling,next,85,true,4300,21,5983,240,502
loss_30pct,signaling,legacy,86,true,120,6,607,40,3
loss_30pct,signaling,next,86,true,400,19,4675,40,308
loss_30pct,signaling,legacy,87,true,120,6,607,40,3
loss_30pct,signaling,next,87,false,20000,15,4263,40,499
loss_30pct,signaling,legacy,88,false,10000,6,607,40,35
loss_30pct,signaling,next,88,true,3700,21,5863,40,486
loss_30pct,signaling,legacy,89,false,500,1,67,500,2
loss_30pct,signaling,next,89,true,1000,18,4692,640,440
loss_30pct,signaling,legacy,90,false,10000,3,259,40,29
loss_30pct,signaling,next,90,true,3300,20,6514,40,509
loss_30pct,signaling,legacy,91,false,10000,4,375,40,29
loss_30pct,signaling,next,91,false,20000,11,3315,40,401
loss_30pct,signaling,legacy,92,false,500,1,67,500,2
loss_30pct,signaling,next,92,true,1800,19,4900,640,482
loss_30pct,signaling,legacy,93,true,120,6,607,40,2
loss_30pct,signaling,next,93,true,800,16,4390,40,406
loss_30pct,signaling,legacy,94,false,10000,5,491,40,28
loss_30pct,signaling,next,94,true,3900,20,5569,40,521
loss_30pct,signaling,legacy,95,false,500,1,67,500,2
loss_30pct,signaling,next,95,true,600,16,3978,240,325
loss_30pct,signaling,legacy,96,false,500,1,67,500,2
loss_30pct,signaling,next,96,true,2400,20,5294,240,480
loss_30pct,signaling,legacy,97,true,120,6,607,40,4
loss_30pct,signaling,next,97,false,20000,17,4679,40,505
loss_30pct,signaling,legacy,98,false,500,2,143,500,2
loss_30pct,signaling,next,98,true,6000,25,7543,1440,675
loss_30pct,signaling,legacy,99,false,10000,3,259,40,24
loss_30pct,signaling,next,99,true,1900,19,5913,40,552
dead_30pct,lookup,legacy,0,true,1660,35,4109,,55
dead_30pct,lookup,next,0,true,8620,92,25884,,4785
dead_30pct,lookup,legacy,1,false,500,2,134,,9
dead_30pct,lookup,next,1,false,2000,8,1692,,347
dead_30pct,lookup,legacy,2,true,1360,34,4042,,53
dead_30pct,lookup,next,2,true,8700,92,25962,,5262
dead_30pct,lookup,legacy,3,false,1500,15,1509,,31
dead_30pct,lookup,next,3,false,6000,42,11300,,1516
dead_30pct,lookup,legacy,4,true,1660,33,3849,,56
dead_30pct,lookup,next,4,true,8280,80,22386,,4255
dead_30pct,lookup,legacy,5,true,1620,41,4889,,57
dead_30pct,lookup,next,5,true,8120,92,25962,,5771
dead_30pct,lookup,legacy,6,true,740,37,4621,,50
dead_30pct,lookup,next,6,true,8440,92,26118,,5489
dead_30pct,lookup,legacy,7,true,1540,35,4109,,64
dead_30pct,lookup,next,7,true,6000,94,26458,,4703
dead_30pct,lookup,legacy,8,true,1620,35,4109,,54
dead_30pct,lookup,next,8,true,8200,92,25962,,4884
dead_30pct,lookup,legacy,9,true,1700,32,3656,,55
dead_30pct,lookup,next,9,true,8280,92,25806,,4328
dead_30pct,lookup,legacy,10,true,1280,34,4042,,51
dead_30pct,lookup,next,10,true,8540,92,25884,,4757
dead_30pct,lookup,legacy,11,true,780,39,4881,,53
dead_30pct,lookup,next,11,true,12440,92,26118,,6279
dead_30pct,lookup,legacy,12,true,1700,34,3916,,56
dead_30pct,lookup,next,12,true,8540,94,26302,,4707
dead_30pct,lookup,legacy,13,true,1000,38,4688,,47
dead_30pct,lookup,next,13,true,8040,94,26614,,5573
dead_30pct,lookup,legacy,14,true,1520,36,4302,,50
dead_30pct,lookup,next,14,true,8040,92,25962,,4822
dead_30pct,lookup,legacy,15,true,1780,37,4243,,53
dead_30pct,lookup,next,15,true,8360,92,25806,,4387
dead_30pct,lookup,legacy,16,true,940,39,4881,,44
dead_30pct,lookup,next,16,true,4600,90,25604,,4772
dead_30pct,lookup,legacy,17,true,1040,36,4428,,48
dead_30pct,lookup,next,17,true,8280,94,26614,,5491
dead_30pct,lookup,legacy,18,false,1120,18,1962,,28
dead_30pct,lookup,next,18,false,4700,46,12544,,1761
dead_30pct,lookup,legacy,19,true,1540,33,3849,,51
dead_30pct,lookup,next,19,true,8040,92,25962,,4805
dead_30pct,lookup,legacy,20,true,1080,36,4428,,44
dead_30pct,lookup,next,20,true,8620,92,26040,,5380
dead_30pct,lookup,legacy,21,false,1280,34,4042,,50
dead_30pct,lookup,next,21,true,5020,94,26536,,4556
dead_30pct,lookup,legacy,22,false,1540,33,3849,,47
dead_30pct,lookup,next,22,false,8360,90,25214,,4599
dead_30pct,lookup,legacy,23,true,1320,36,4302,,48
dead_30pct,lookup,next,23,true,8700,92,25884,,4747
dead_30pct,lookup,legacy,24,true,1740,37,4243,,54
dead_30pct,lookup,next,24,true,8600,94,26224,,4252
dead_30pct,lookup,legacy,25,true,1620,33,3849,,50
dead_30pct,lookup,next,25,true,6080,94,26458,,4642
dead_30pct,lookup,legacy,26,true,820,39,4881,,44
dead_30pct,lookup,next,26,true,4620,88,25108,,4818
dead_30pct,lookup,legacy,27,true,1500,33,3849,,48
dead_30pct,lookup,next,27,true,8360,94,26302,,4488
dead_30pct,lookup,legacy,28,false,500,2,134,,10
dead_30pct,lookup,next,28,false,2000,8,1692,,388
dead_30pct,lookup,legacy,29,true,1860,37,4243,,58
dead_30pct,lookup,next,29,true,8520,92,25806,,4300
dead_30pct,lookup,legacy,30,true,1280,37,4495,,52
dead_30pct,lookup,next,30,true,5020,92,26118,,4682
dead_30pct,lookup,legacy,31,true,1620,35,4109,,51
dead_30pct,lookup,next,31,true,8360,94,26380,,4984
dead_30pct,lookup,legacy,32,true,1700,34,3916,,50
dead_30pct,lookup,next,32,true,8200,94,26302,,4543
dead_30pct,lookup,legacy,33,true,1240,34,4042,,43
dead_30pct,lookup,next,33,true,8200,84,23552,,4127
dead_30pct,lookup,legacy,34,true,1240,38,4562,,54
dead_30pct,lookup,next,34,true,4860,94,26536,,4538
dead_30pct,lookup,legacy,35,true,1240,34,4042,,43
dead_30pct,lookup,next,35,true,8780,92,25884,,4754
dead_30pct,lookup,legacy,36,false,500,2,134,,10
dead_30pct,lookup,next,36,false,2000,8,1692,,384
dead_30pct,lookup,legacy,37,true,1080,36,4428,,44
dead_30pct,lookup,next,37,true,8360,92,26118,,5433
dead_30pct,lookup,legacy,38,false,500,2,134,,8
dead_30pct,lookup,next,38,false,2000,8,1692,,290
dead_30pct,lookup,legacy,39,true,1280,38,4562,,50
dead_30pct,lookup,next,39,true,5020,92,26040,,4348
dead_30pct,lookup,legacy,40,true,1280,37,4495,,48
dead_30pct,lookup,next,40,true,8680,94,26458,,5115
dead_30pct,lookup,legacy,41,true,2160,36,4050,,54
dead_30pct,lookup,next,41,true,8600,90,25058,,4161
dead_30pct,lookup,legacy,42,true,1240,34,4042,,43
dead_30pct,lookup,next,42,true,8440,88,24796,,4708
dead_30pct,lookup,legacy,43,false,500,2,134,,8
dead_30pct,lookup,next,43,false,2000,8,1692,,333
dead_30pct,lookup,legacy,44,true,1120,38,4688,,48
dead_30pct,lookup,next,44,true,4860,92,26196,,4856
dead_30pct,lookup,legacy,45,true,1240,36,4302,,45
dead_30pct,lookup,next,45,true,8200,88,24796,,4506
dead_30pct,lookup,legacy,46,true,1620,32,3656,,44
dead_30pct,lookup,next,46,true,8600,92,25806,,4543
dead_30pct,lookup,legacy,47,true,1580,33,3849,,49
dead_30pct,lookup,next,47,true,8280,94,26302,,4616
dead_30pct,lookup,legacy,48,true,1200,35,4235,,46
dead_30pct,lookup,next,48,true,8280,94,26458,,5036
dead_30pct,lookup,legacy,49,true,1400,36,4302,,49
dead_30pct,lookup,next,49,true,8440,94,26458,,5052
dead_30pct,lookup,legacy,50,false,500,2,134,,8
dead_30pct,lookup,next,50,false,2000,8,1692,,295
dead_30pct,lookup,legacy,51,false,500,2,134,,10
dead_30pct,lookup,next,51,false,2000,8,1692,,285
dead_30pct,lookup,legacy,52,true,1240,34,4042,,45
dead_30pct,lookup,next,52,true,8200,94,26380,,4819
dead_30pct,lookup,legacy,53,false,1160,18,1962,,30
dead_30pct,lookup,next,53,false,4780,46,12544,,2018
dead_30pct,lookup,legacy,54,true,1160,35,4235,,43
dead_30pct,lookup,next,54,true,8700,92,25962,,4931
dead_30pct,lookup,legacy,55,false,500,2,134,,9
dead_30pct,lookup,next,55,false,2000,8,1692,,325
dead_30pct,lookup,legacy,56,true,940,37,4621,,47
dead_30pct,lookup,next,56,true,4360,90,25604,,4808
dead_30pct,lookup,legacy,57,true,1200,35,4235,,46
dead_30pct,lookup,next,57,true,8620,92,26040,,5265
dead_30pct,lookup,legacy,58,true,1740,34,3916,,48
dead_30pct,lookup,next,58,true,8360,94,26224,,4339
dead_30pct,lookup,legacy,59,true,1240,36,4302,,44
dead_30pct,lookup,next,59,true,8200,92,25884,,4640
dead_30pct,lookup,legacy,60,true,860,37,4621,,41
dead_30pct,lookup,next,60,true,12440,92,26118,,6177
dead_30pct,lookup,legacy,61,true,1160,36,4428,,50
dead_30pct,lookup,next,61,true,8780,92,25962,,4968
dead_30pct,lookup,legacy,62,true,1200,34,4042,,41
dead_30pct,lookup,next,62,true,8280,94,26380,,4858
dead_30pct,lookup,legacy,63,true,1200,40,4948,,55
dead_30pct,lookup,next,63,true,4940,92,26196,,4875
dead_30pct,lookup,legacy,64,true,1160,39,4755,,51
dead_30pct,lookup,next,64,true,8780,92,26040,,5268
dead_30pct,lookup,legacy,65,false,500,2,134,,7
dead_30pct,lookup,next,65,false,2000,8,1692,,266
dead_30pct,lookup,legacy,66,true,820,37,4621,,44
dead_30pct,lookup,next,66,true,4680,88,25108,,4756
dead_30pct,lookup,legacy,67,true,540,41,5267,,41
dead_30pct,lookup,next,67,true,4120,84,24098,,4578
dead_30pct,lookup,legacy,68,true,1280,34,4042,,50
dead_30pct,lookup,next,68,true,4860,94,26536,,4566
dead_30pct,lookup,legacy,69,true,1080,38,4688,,48
dead_30pct,lookup,next,69,true,8280,92,26118,,5630
dead_30pct,lookup,legacy,70,true,280,40,5200,,37
dead_30pct,lookup,next,70,true,520,76,21844,,3842
dead_30pct,lookup,legacy,71,true,1120,36,4428,,48
dead_30pct,lookup,next,71,true,8700,92,25962,,5312
dead_30pct,lookup,legacy,72,false,500,2,134,,8
dead_30pct,lookup,next,72,false,2000,8,1692,,300
dead_30pct,lookup,legacy,73,true,1660,38,4436,,56
dead_30pct,lookup,next,73,true,8120,94,26380,,4859
dead_30pct,lookup,legacy,74,true,860,37,4621,,44
dead_30pct,lookup,next,74,true,12040,92,26040,,6256
dead_30pct,lookup,legacy,75,true,740,38,4814,,43
dead_30pct,lookup,next,75,true,4520,84,24020,,4884
dead_30pct,lookup,legacy,76,true,1240,35,4235,,49
dead_30pct,lookup,next,76,true,8040,92,26040,,5220
dead_30pct,lookup,legacy,77,true,1240,36,4302,,52
dead_30pct,lookup,next,77,true,4940,92,26040,,4470
dead_30pct,lookup,legacy,78,true,2080,36,4050,,59
dead_30pct,lookup,next,78,true,8600,94,26224,,4674
dead_30pct,lookup,legacy,79,true,1620,35,4109,,57
dead_30pct,lookup,next,79,true,8540,94,26224,,4529
dead_30pct,lookup,legacy,80,true,1200,38,4688,,57
dead_30pct,lookup,next,80,true,4940,92,26196,,4963
dead_30pct,lookup,legacy,81,true,1200,38,4688,,54
dead_30pct,lookup,next,81,true,6000,94,26614,,5311
dead_30pct,lookup,legacy,82,true,1620,32,3656,,48
dead_30pct,lookup,next,82,true,8200,86,24048,,4427
dead_30pct,lookup,legacy,83,true,1120,36,4428,,49
dead_30pct,lookup,next,83,true,6000,94,26614,,5268
dead_30pct,lookup,legacy,84,true,700,38,4814,,45
dead_30pct,lookup,next,84,true,4440,84,24020,,4883
dead_30pct,lookup,legacy,85,true,1620,33,3849,,52
dead_30pct,lookup,next,85,true,8120,92,25962,,5477
dead_30pct,lookup,legacy,86,true,1660,35,4109,,63
dead_30pct,lookup,next,86,true,8120,94,26380,,4929
dead_30pct,lookup,legacy,87,true,820,37,4621,,48
dead_30pct,lookup,next,87,true,8540,92,26118,,5685
dead_30pct,lookup,legacy,88,true,1240,37,4495,,53
dead_30pct,lookup,next,88,true,4940,92,26118,,4899
dead_30pct,lookup,legacy,89,true,1120,38,4688,,54
dead_30pct,lookup,next,89,true,8700,92,26040,,5483
dead_30pct,lookup,legacy,90,true,1580,32,3656,,46
dead_30pct,lookup,next,90,true,8540,84,23474,,4048
dead_30pct,lookup,legacy,91,true,1280,36,4302,,49
dead_30pct,lookup,next,91,true,8360,92,25884,,4949
dead_30pct,lookup,legacy,92,true,1240,35,4235,,48
dead_30pct,lookup,next,92,true,8440,90,25370,,5147
dead_30pct,lookup,legacy,93,true,1400,36,4302,,48
dead_30pct,lookup,next,93,true,8040,94,26458,,5060
dead_30pct,lookup,legacy,94,true,1740,34,3916,,55
dead_30pct,lookup,next,94,true,8200,94,26380,,4649
dead_30pct,lookup,legacy,95,true,1160,41,5015,,53
dead_30pct,lookup,next,95,true,4780,92,26118,,4728
dead_30pct,lookup,legacy,96,true,1080,36,4428,,49
dead_30pct,lookup,next,96,true,8120,92,26118,,5257
dead_30pct,lookup,legacy,97,true,1240,36,4302,,47
dead_30pct,lookup,next,97,true,8280,94,26380,,4875
dead_30pct,lookup,legacy,98,true,1280,35,4235,,47
dead_30pct,lookup,next,98,true,8540,92,25962,,5259
dead_30pct,lookup,legacy,99,true,1280,34,4042,,47
dead_30pct,lookup,next,99,true,8040,94,26380,,4912
