scenario,workload,engine,seed,success,elapsed_ms,packets,bytes,discovery_ms,host_us
healthy_40ms,lookup,legacy,0,true,320,42,5460,,72
healthy_40ms,lookup,next,0,true,600,80,23010,,4121
healthy_40ms,lookup,legacy,1,true,320,42,5460,,51
healthy_40ms,lookup,next,1,true,600,80,23010,,4081
healthy_40ms,lookup,legacy,2,true,280,40,5200,,39
healthy_40ms,lookup,next,2,true,520,76,21844,,3713
healthy_40ms,lookup,legacy,3,true,280,40,5200,,60
healthy_40ms,lookup,next,3,true,520,76,21844,,3871
healthy_40ms,lookup,legacy,4,true,280,40,5200,,54
healthy_40ms,lookup,next,4,true,520,76,21844,,3723
healthy_40ms,lookup,legacy,5,true,280,40,5200,,48
healthy_40ms,lookup,next,5,true,520,76,21844,,3533
healthy_40ms,lookup,legacy,6,true,280,40,5200,,40
healthy_40ms,lookup,next,6,true,520,76,21844,,3698
healthy_40ms,lookup,legacy,7,true,280,40,5200,,50
healthy_40ms,lookup,next,7,true,520,76,21844,,3925
healthy_40ms,lookup,legacy,8,true,320,42,5460,,54
healthy_40ms,lookup,next,8,true,600,80,23010,,3921
healthy_40ms,lookup,legacy,9,true,280,40,5200,,46
healthy_40ms,lookup,next,9,true,520,76,21844,,3650
healthy_40ms,lookup,legacy,10,true,280,40,5200,,47
healthy_40ms,lookup,next,10,true,520,76,21844,,3634
healthy_40ms,lookup,legacy,11,true,280,40,5200,,40
healthy_40ms,lookup,next,11,true,520,76,21844,,3550
healthy_40ms,lookup,legacy,12,true,320,42,5460,,42
healthy_40ms,lookup,next,12,true,600,80,23010,,3826
healthy_40ms,lookup,legacy,13,true,320,42,5460,,44
healthy_40ms,lookup,next,13,true,600,80,23010,,4142
healthy_40ms,lookup,legacy,14,true,320,42,5460,,48
healthy_40ms,lookup,next,14,true,600,80,23010,,3850
healthy_40ms,lookup,legacy,15,true,320,42,5460,,47
healthy_40ms,lookup,next,15,true,600,80,23010,,4173
healthy_40ms,lookup,legacy,16,true,320,42,5460,,48
healthy_40ms,lookup,next,16,true,600,80,23010,,3806
healthy_40ms,lookup,legacy,17,true,280,40,5200,,42
healthy_40ms,lookup,next,17,true,520,76,21844,,3609
healthy_40ms,lookup,legacy,18,true,320,42,5460,,48
healthy_40ms,lookup,next,18,true,600,80,23010,,4106
healthy_40ms,lookup,legacy,19,true,280,40,5200,,45
healthy_40ms,lookup,next,19,true,520,76,21844,,3578
healthy_40ms,lookup,legacy,20,true,280,40,5200,,41
healthy_40ms,lookup,next,20,true,520,76,21844,,3691
healthy_40ms,lookup,legacy,21,true,280,40,5200,,36
healthy_40ms,lookup,next,21,true,520,76,21844,,3752
healthy_40ms,lookup,legacy,22,true,320,42,5460,,43
healthy_40ms,lookup,next,22,true,600,80,23010,,3845
healthy_40ms,lookup,legacy,23,true,320,42,5460,,48
healthy_40ms,lookup,next,23,true,600,80,23010,,3932
healthy_40ms,lookup,legacy,24,true,280,40,5200,,42
healthy_40ms,lookup,next,24,true,520,76,21844,,3534
healthy_40ms,lookup,legacy,25,true,280,40,5200,,47
healthy_40ms,lookup,next,25,true,520,76,21844,,3895
healthy_40ms,lookup,legacy,26,true,280,40,5200,,44
healthy_40ms,lookup,next,26,true,520,76,21844,,3744
healthy_40ms,lookup,legacy,27,true,280,40,5200,,40
healthy_40ms,lookup,next,27,true,520,76,21844,,3597
healthy_40ms,lookup,legacy,28,true,320,42,5460,,50
healthy_40ms,lookup,next,28,true,600,80,23010,,3883
healthy_40ms,lookup,legacy,29,true,320,42,5460,,44
healthy_40ms,lookup,next,29,true,600,80,23010,,4120
healthy_40ms,lookup,legacy,30,true,320,42,5460,,49
healthy_40ms,lookup,next,30,true,600,80,23010,,3839
healthy_40ms,lookup,legacy,31,true,320,42,5460,,45
healthy_40ms,lookup,next,31,true,600,80,23010,,4113
healthy_40ms,lookup,legacy,32,true,320,42,5460,,42
healthy_40ms,lookup,next,32,true,600,80,23010,,3787
healthy_40ms,lookup,legacy,33,true,280,40,5200,,33
healthy_40ms,lookup,next,33,true,520,76,21844,,3728
healthy_40ms,lookup,legacy,34,true,280,40,5200,,35
healthy_40ms,lookup,next,34,true,520,76,21844,,4145
healthy_40ms,lookup,legacy,35,true,280,40,5200,,46
healthy_40ms,lookup,next,35,true,520,76,21844,,3713
healthy_40ms,lookup,legacy,36,true,280,40,5200,,41
healthy_40ms,lookup,next,36,true,520,76,21844,,3657
healthy_40ms,lookup,legacy,37,true,280,40,5200,,37
healthy_40ms,lookup,next,37,true,520,76,21844,,3800
healthy_40ms,lookup,legacy,38,true,320,42,5460,,51
healthy_40ms,lookup,next,38,true,600,80,23010,,3791
healthy_40ms,lookup,legacy,39,true,280,40,5200,,42
healthy_40ms,lookup,next,39,true,520,76,21844,,3809
healthy_40ms,lookup,legacy,40,true,320,42,5460,,48
healthy_40ms,lookup,next,40,true,600,80,23010,,3757
healthy_40ms,lookup,legacy,41,true,320,42,5460,,40
healthy_40ms,lookup,next,41,true,600,80,23010,,3853
healthy_40ms,lookup,legacy,42,true,280,40,5200,,45
healthy_40ms,lookup,next,42,true,520,76,21844,,3508
healthy_40ms,lookup,legacy,43,true,280,40,5200,,48
healthy_40ms,lookup,next,43,true,520,76,21844,,3676
healthy_40ms,lookup,legacy,44,true,320,42,5460,,45
healthy_40ms,lookup,next,44,true,600,80,23010,,3915
healthy_40ms,lookup,legacy,45,true,320,42,5460,,46
healthy_40ms,lookup,next,45,true,600,80,23010,,4239
healthy_40ms,lookup,legacy,46,true,280,40,5200,,39
healthy_40ms,lookup,next,46,true,520,76,21844,,3805
healthy_40ms,lookup,legacy,47,true,280,40,5200,,40
healthy_40ms,lookup,next,47,true,520,76,21844,,3854
healthy_40ms,lookup,legacy,48,true,280,40,5200,,39
healthy_40ms,lookup,next,48,true,520,76,21844,,3832
healthy_40ms,lookup,legacy,49,true,320,42,5460,,46
healthy_40ms,lookup,next,49,true,600,80,23010,,3836
healthy_40ms,lookup,legacy,50,true,280,40,5200,,44
healthy_40ms,lookup,next,50,true,520,76,21844,,3604
healthy_40ms,lookup,legacy,51,true,280,40,5200,,40
healthy_40ms,lookup,next,51,true,520,76,21844,,3504
healthy_40ms,lookup,legacy,52,true,280,40,5200,,44
healthy_40ms,lookup,next,52,true,520,76,21844,,3806
healthy_40ms,lookup,legacy,53,true,320,42,5460,,51
healthy_40ms,lookup,next,53,true,600,80,23010,,3680
healthy_40ms,lookup,legacy,54,true,280,40,5200,,43
healthy_40ms,lookup,next,54,true,520,76,21844,,3635
healthy_40ms,lookup,legacy,55,true,320,42,5460,,37
healthy_40ms,lookup,next,55,true,600,80,23010,,4052
healthy_40ms,lookup,legacy,56,true,320,42,5460,,51
healthy_40ms,lookup,next,56,true,600,80,23010,,4175
healthy_40ms,lookup,legacy,57,true,280,40,5200,,62
healthy_40ms,lookup,next,57,true,520,76,21844,,3956
healthy_40ms,lookup,legacy,58,true,280,40,5200,,51
healthy_40ms,lookup,next,58,true,520,76,21844,,3467
healthy_40ms,lookup,legacy,59,true,320,42,5460,,44
healthy_40ms,lookup,next,59,true,600,80,23010,,4012
healthy_40ms,lookup,legacy,60,true,280,40,5200,,46
healthy_40ms,lookup,next,60,true,520,76,21844,,3903
healthy_40ms,lookup,legacy,61,true,280,40,5200,,48
healthy_40ms,lookup,next,61,true,520,76,21844,,3892
healthy_40ms,lookup,legacy,62,true,280,40,5200,,45
healthy_40ms,lookup,next,62,true,520,76,21844,,3562
healthy_40ms,lookup,legacy,63,true,320,44,5720,,51
healthy_40ms,lookup,next,63,true,600,84,24176,,4291
healthy_40ms,lookup,legacy,64,true,320,44,5720,,49
healthy_40ms,lookup,next,64,true,600,84,24176,,4269
healthy_40ms,lookup,legacy,65,true,320,42,5460,,47
healthy_40ms,lookup,next,65,true,600,80,23010,,4151
healthy_40ms,lookup,legacy,66,true,280,40,5200,,51
healthy_40ms,lookup,next,66,true,520,76,21844,,3883
healthy_40ms,lookup,legacy,67,true,320,42,5460,,50
healthy_40ms,lookup,next,67,true,600,80,23010,,4066
healthy_40ms,lookup,legacy,68,true,280,40,5200,,47
healthy_40ms,lookup,next,68,true,520,76,21844,,3809
healthy_40ms,lookup,legacy,69,true,280,40,5200,,47
healthy_40ms,lookup,next,69,true,520,76,21844,,3691
healthy_40ms,lookup,legacy,70,true,280,40,5200,,49
healthy_40ms,lookup,next,70,true,520,76,21844,,3759
healthy_40ms,lookup,legacy,71,true,280,40,5200,,46
healthy_40ms,lookup,next,71,true,520,76,21844,,3634
healthy_40ms,lookup,legacy,72,true,320,44,5720,,44
healthy_40ms,lookup,next,72,true,600,84,24176,,4160
healthy_40ms,lookup,legacy,73,true,280,40,5200,,45
healthy_40ms,lookup,next,73,true,520,76,21844,,3852
healthy_40ms,lookup,legacy,74,true,280,40,5200,,48
healthy_40ms,lookup,next,74,true,520,76,21844,,3822
healthy_40ms,lookup,legacy,75,true,280,40,5200,,42
healthy_40ms,lookup,next,75,true,520,76,21844,,3519
healthy_40ms,lookup,legacy,76,true,280,40,5200,,38
healthy_40ms,lookup,next,76,true,520,76,21844,,3858
healthy_40ms,lookup,legacy,77,true,320,42,5460,,46
healthy_40ms,lookup,next,77,true,600,80,23010,,3997
healthy_40ms,lookup,legacy,78,true,280,40,5200,,44
healthy_40ms,lookup,next,78,true,520,76,21844,,3862
healthy_40ms,lookup,legacy,79,true,280,40,5200,,39
healthy_40ms,lookup,next,79,true,520,76,21844,,3794
healthy_40ms,lookup,legacy,80,true,320,42,5460,,563
healthy_40ms,lookup,next,80,true,600,80,23010,,4075
healthy_40ms,lookup,legacy,81,true,320,42,5460,,49
healthy_40ms,lookup,next,81,true,600,80,23010,,4055
healthy_40ms,lookup,legacy,82,true,280,40,5200,,45
healthy_40ms,lookup,next,82,true,520,76,21844,,3561
healthy_40ms,lookup,legacy,83,true,280,40,5200,,42
healthy_40ms,lookup,next,83,true,520,76,21844,,3809
healthy_40ms,lookup,legacy,84,true,280,40,5200,,48
healthy_40ms,lookup,next,84,true,520,76,21844,,3770
healthy_40ms,lookup,legacy,85,true,280,40,5200,,44
healthy_40ms,lookup,next,85,true,520,76,21844,,3741
healthy_40ms,lookup,legacy,86,true,280,40,5200,,45
healthy_40ms,lookup,next,86,true,520,76,21844,,3669
healthy_40ms,lookup,legacy,87,true,280,40,5200,,40
healthy_40ms,lookup,next,87,true,520,76,21844,,3841
healthy_40ms,lookup,legacy,88,true,320,42,5460,,47
healthy_40ms,lookup,next,88,true,600,80,23010,,4022
healthy_40ms,lookup,legacy,89,true,320,42,5460,,45
healthy_40ms,lookup,next,89,true,600,80,23010,,3992
healthy_40ms,lookup,legacy,90,true,280,40,5200,,40
healthy_40ms,lookup,next,90,true,520,76,21844,,3720
healthy_40ms,lookup,legacy,91,true,320,42,5460,,47
healthy_40ms,lookup,next,91,true,600,80,23010,,4033
healthy_40ms,lookup,legacy,92,true,280,40,5200,,39
healthy_40ms,lookup,next,92,true,520,76,21844,,3760
healthy_40ms,lookup,legacy,93,true,320,42,5460,,46
healthy_40ms,lookup,next,93,true,600,80,23010,,4017
healthy_40ms,lookup,legacy,94,true,280,40,5200,,41
healthy_40ms,lookup,next,94,true,520,76,21844,,3739
healthy_40ms,lookup,legacy,95,true,280,40,5200,,40
healthy_40ms,lookup,next,95,true,520,76,21844,,3714
healthy_40ms,lookup,legacy,96,true,280,40,5200,,41
healthy_40ms,lookup,next,96,true,520,76,21844,,3876
healthy_40ms,lookup,legacy,97,true,280,40,5200,,43
healthy_40ms,lookup,next,97,true,520,76,21844,,3573
healthy_40ms,lookup,legacy,98,true,280,40,5200,,46
healthy_40ms,lookup,next,98,true,520,76,21844,,14448
healthy_40ms,lookup,legacy,99,true,280,40,5200,,49
healthy_40ms,lookup,next,99,true,520,76,21844,,4856
healthy_40ms,signaling,legacy,0,true,120,6,607,40,6
healthy_40ms,signaling,next,0,true,200,14,3874,40,490
healthy_40ms,signaling,legacy,1,true,120,6,607,40,5
healthy_40ms,signaling,next,1,true,200,14,3874,40,468
healthy_40ms,signaling,legacy,2,true,120,6,607,40,5
healthy_40ms,signaling,next,2,true,200,14,3874,40,429
healthy_40ms,signaling,legacy,3,true,120,6,607,40,3
healthy_40ms,signaling,next,3,true,200,14,3874,40,470
healthy_40ms,signaling,legacy,4,true,120,6,607,40,3
healthy_40ms,signaling,next,4,true,200,14,3874,40,487
healthy_40ms,signaling,legacy,5,true,120,6,607,40,4
healthy_40ms,signaling,next,5,true,200,14,3874,40,447
healthy_40ms,signaling,legacy,6,true,120,6,607,40,4
healthy_40ms,signaling,next,6,true,200,14,3874,40,471
healthy_40ms,signaling,legacy,7,true,120,6,607,40,3
healthy_40ms,signaling,next,7,true,200,14,3874,40,470
healthy_40ms,signaling,legacy,8,true,120,6,607,40,3
healthy_40ms,signaling,next,8,true,200,14,3874,40,520
healthy_40ms,signaling,legacy,9,true,120,6,607,40,6
healthy_40ms,signaling,next,9,true,200,14,3874,40,474
healthy_40ms,signaling,legacy,10,true,120,6,607,40,3
healthy_40ms,signaling,next,10,true,200,14,3874,40,468
healthy_40ms,signaling,legacy,11,true,120,6,607,40,3
healthy_40ms,signaling,next,11,true,200,14,3874,40,462
healthy_40ms,signaling,legacy,12,true,120,6,607,40,3
healthy_40ms,signaling,next,12,true,200,14,3874,40,468
healthy_40ms,signaling,legacy,13,true,120,6,607,40,3
healthy_40ms,signaling,next,13,true,200,14,3874,40,462
healthy_40ms,signaling,legacy,14,true,120,6,607,40,3
healthy_40ms,signaling,next,14,true,200,14,3874,40,478
healthy_40ms,signaling,legacy,15,true,120,6,607,40,5
healthy_40ms,signaling,next,15,true,200,14,3874,40,548
healthy_40ms,signaling,legacy,16,true,120,6,607,40,4
healthy_40ms,signaling,next,16,true,200,14,3874,40,479
healthy_40ms,signaling,legacy,17,true,120,6,607,40,5
healthy_40ms,signaling,next,17,true,200,14,3874,40,527
healthy_40ms,signaling,legacy,18,true,120,6,607,40,3
healthy_40ms,signaling,next,18,true,200,14,3874,40,488
healthy_40ms,signaling,legacy,19,true,120,6,607,40,41
healthy_40ms,signaling,next,19,true,200,14,3874,40,505
healthy_40ms,signaling,legacy,20,true,120,6,607,40,4
healthy_40ms,signaling,next,20,true,200,14,3874,40,500
healthy_40ms,signaling,legacy,21,true,120,6,607,40,8
healthy_40ms,signaling,next,21,true,200,14,3874,40,473
healthy_40ms,signaling,legacy,22,true,120,6,607,40,3
healthy_40ms,signaling,next,22,true,200,14,3874,40,703
healthy_40ms,signaling,legacy,23,true,120,6,607,40,3
healthy_40ms,signaling,next,23,true,200,14,3874,40,460
healthy_40ms,signaling,legacy,24,true,120,6,607,40,3
healthy_40ms,signaling,next,24,true,200,14,3874,40,510
healthy_40ms,signaling,legacy,25,true,120,6,607,40,3
healthy_40ms,signaling,next,25,true,200,14,3874,40,425
healthy_40ms,signaling,legacy,26,true,120,6,607,40,3
healthy_40ms,signaling,next,26,true,200,14,3874,40,471
healthy_40ms,signaling,legacy,27,true,120,6,607,40,3
healthy_40ms,signaling,next,27,true,200,14,3874,40,468
healthy_40ms,signaling,legacy,28,true,120,6,607,40,7
healthy_40ms,signaling,next,28,true,200,14,3874,40,425
healthy_40ms,signaling,legacy,29,true,120,6,607,40,2
healthy_40ms,signaling,next,29,true,200,14,3874,40,554
healthy_40ms,signaling,legacy,30,true,120,6,607,40,4
healthy_40ms,signaling,next,30,true,200,14,3874,40,475
healthy_40ms,signaling,legacy,31,true,120,6,607,40,4
healthy_40ms,signaling,next,31,true,200,14,3874,40,470
healthy_40ms,signaling,legacy,32,true,120,6,607,40,3
healthy_40ms,signaling,next,32,true,200,14,3874,40,468
healthy_40ms,signaling,legacy,33,true,120,6,607,40,5
healthy_40ms,signaling,next,33,true,200,14,3874,40,467
healthy_40ms,signaling,legacy,34,true,120,6,607,40,3
healthy_40ms,signaling,next,34,true,200,14,3874,40,488
healthy_40ms,signaling,legacy,35,true,120,6,607,40,3
healthy_40ms,signaling,next,35,true,200,14,3874,40,512
healthy_40ms,signaling,legacy,36,true,120,6,607,40,5
healthy_40ms,signaling,next,36,true,200,14,3874,40,635
healthy_40ms,signaling,legacy,37,true,120,6,607,40,61
healthy_40ms,signaling,next,37,true,200,14,3874,40,715
healthy_40ms,signaling,legacy,38,true,120,6,607,40,7
healthy_40ms,signaling,next,38,true,200,14,3874,40,509
healthy_40ms,signaling,legacy,39,true,120,6,607,40,5
healthy_40ms,signaling,next,39,true,200,14,3874,40,476
healthy_40ms,signaling,legacy,40,true,120,6,607,40,4
healthy_40ms,signaling,next,40,true,200,14,3874,40,826
healthy_40ms,signaling,legacy,41,true,120,6,607,40,5
healthy_40ms,signaling,next,41,true,200,14,3874,40,512
healthy_40ms,signaling,legacy,42,true,120,6,607,40,4
healthy_40ms,signaling,next,42,true,200,14,3874,40,536
healthy_40ms,signaling,legacy,43,true,120,6,607,40,4
healthy_40ms,signaling,next,43,true,200,14,3874,40,523
healthy_40ms,signaling,legacy,44,true,120,6,607,40,4
healthy_40ms,signaling,next,44,true,200,14,3874,40,481
healthy_40ms,signaling,legacy,45,true,120,6,607,40,3
healthy_40ms,signaling,next,45,true,200,14,3874,40,467
healthy_40ms,signaling,legacy,46,true,120,6,607,40,3
healthy_40ms,signaling,next,46,true,200,14,3874,40,715
healthy_40ms,signaling,legacy,47,true,120,6,607,40,3
healthy_40ms,signaling,next,47,true,200,14,3874,40,615
healthy_40ms,signaling,legacy,48,true,120,6,607,40,3
healthy_40ms,signaling,next,48,true,200,14,3874,40,473
healthy_40ms,signaling,legacy,49,true,120,6,607,40,4
healthy_40ms,signaling,next,49,true,200,14,3874,40,471
healthy_40ms,signaling,legacy,50,true,120,6,607,40,3
healthy_40ms,signaling,next,50,true,200,14,3874,40,466
healthy_40ms,signaling,legacy,51,true,120,6,607,40,3
healthy_40ms,signaling,next,51,true,200,14,3874,40,486
healthy_40ms,signaling,legacy,52,true,120,6,607,40,3
healthy_40ms,signaling,next,52,true,200,14,3874,40,963
healthy_40ms,signaling,legacy,53,true,120,6,607,40,4
healthy_40ms,signaling,next,53,true,200,14,3874,40,486
healthy_40ms,signaling,legacy,54,true,120,6,607,40,3
healthy_40ms,signaling,next,54,true,200,14,3874,40,467
healthy_40ms,signaling,legacy,55,true,120,6,607,40,3
healthy_40ms,signaling,next,55,true,200,14,3874,40,467
healthy_40ms,signaling,legacy,56,true,120,6,607,40,4
healthy_40ms,signaling,next,56,true,200,14,3874,40,561
healthy_40ms,signaling,legacy,57,true,120,6,607,40,7
healthy_40ms,signaling,next,57,true,200,14,3874,40,496
healthy_40ms,signaling,legacy,58,true,120,6,607,40,5
healthy_40ms,signaling,next,58,true,200,14,3874,40,474
healthy_40ms,signaling,legacy,59,true,120,6,607,40,3
healthy_40ms,signaling,next,59,true,200,14,3874,40,469
healthy_40ms,signaling,legacy,60,true,120,6,607,40,4
healthy_40ms,signaling,next,60,true,200,14,3874,40,497
healthy_40ms,signaling,legacy,61,true,120,6,607,40,4
healthy_40ms,signaling,next,61,true,200,14,3874,40,448
healthy_40ms,signaling,legacy,62,true,120,6,607,40,2
healthy_40ms,signaling,next,62,true,200,14,3874,40,493
healthy_40ms,signaling,legacy,63,true,120,6,607,40,3
healthy_40ms,signaling,next,63,true,200,14,3874,40,471
healthy_40ms,signaling,legacy,64,true,120,6,607,40,3
healthy_40ms,signaling,next,64,true,200,14,3874,40,478
healthy_40ms,signaling,legacy,65,true,120,6,607,40,3
healthy_40ms,signaling,next,65,true,200,14,3874,40,490
healthy_40ms,signaling,legacy,66,true,120,6,607,40,3
healthy_40ms,signaling,next,66,true,200,14,3874,40,558
healthy_40ms,signaling,legacy,67,true,120,6,607,40,3
healthy_40ms,signaling,next,67,true,200,14,3874,40,514
healthy_40ms,signaling,legacy,68,true,120,6,607,40,3
healthy_40ms,signaling,next,68,true,200,14,3874,40,661
healthy_40ms,signaling,legacy,69,true,120,6,607,40,4
healthy_40ms,signaling,next,69,true,200,14,3874,40,475
healthy_40ms,signaling,legacy,70,true,120,6,607,40,4
healthy_40ms,signaling,next,70,true,200,14,3874,40,485
healthy_40ms,signaling,legacy,71,true,120,6,607,40,3
healthy_40ms,signaling,next,71,true,200,14,3874,40,613
healthy_40ms,signaling,legacy,72,true,120,6,607,40,3
healthy_40ms,signaling,next,72,true,200,14,3874,40,611
healthy_40ms,signaling,legacy,73,true,120,6,607,40,4
healthy_40ms,signaling,next,73,true,200,14,3874,40,633
healthy_40ms,signaling,legacy,74,true,120,6,607,40,4
healthy_40ms,signaling,next,74,true,200,14,3874,40,534
healthy_40ms,signaling,legacy,75,true,120,6,607,40,3
healthy_40ms,signaling,next,75,true,200,14,3874,40,696
healthy_40ms,signaling,legacy,76,true,120,6,607,40,3
healthy_40ms,signaling,next,76,true,200,14,3874,40,663
healthy_40ms,signaling,legacy,77,true,120,6,607,40,4
healthy_40ms,signaling,next,77,true,200,14,3874,40,470
healthy_40ms,signaling,legacy,78,true,120,6,607,40,3
healthy_40ms,signaling,next,78,true,200,14,3874,40,470
healthy_40ms,signaling,legacy,79,true,120,6,607,40,3
healthy_40ms,signaling,next,79,true,200,14,3874,40,498
healthy_40ms,signaling,legacy,80,true,120,6,607,40,3
healthy_40ms,signaling,next,80,true,200,14,3874,40,469
healthy_40ms,signaling,legacy,81,true,120,6,607,40,3
healthy_40ms,signaling,next,81,true,200,14,3874,40,516
healthy_40ms,signaling,legacy,82,true,120,6,607,40,4
healthy_40ms,signaling,next,82,true,200,14,3874,40,812
healthy_40ms,signaling,legacy,83,true,120,6,607,40,8
healthy_40ms,signaling,next,83,true,200,14,3874,40,1037
healthy_40ms,signaling,legacy,84,true,120,6,607,40,4
healthy_40ms,signaling,next,84,true,200,14,3874,40,432
healthy_40ms,signaling,legacy,85,true,120,6,607,40,3
healthy_40ms,signaling,next,85,true,200,14,3874,40,447
healthy_40ms,signaling,legacy,86,true,120,6,607,40,3
healthy_40ms,signaling,next,86,true,200,14,3874,40,475
healthy_40ms,signaling,legacy,87,true,120,6,607,40,4
healthy_40ms,signaling,next,87,true,200,14,3874,40,468
healthy_40ms,signaling,legacy,88,true,120,6,607,40,3
healthy_40ms,signaling,next,88,true,200,14,3874,40,965
healthy_40ms,signaling,legacy,89,true,120,6,607,40,3
healthy_40ms,signaling,next,89,true,200,14,3874,40,432
healthy_40ms,signaling,legacy,90,true,120,6,607,40,5
healthy_40ms,signaling,next,90,true,200,14,3874,40,512
healthy_40ms,signaling,legacy,91,true,120,6,607,40,5
healthy_40ms,signaling,next,91,true,200,14,3874,40,534
healthy_40ms,signaling,legacy,92,true,120,6,607,40,3
healthy_40ms,signaling,next,92,true,200,14,3874,40,997
healthy_40ms,signaling,legacy,93,true,120,6,607,40,4
healthy_40ms,signaling,next,93,true,200,14,3874,40,474
healthy_40ms,signaling,legacy,94,true,120,6,607,40,3
healthy_40ms,signaling,next,94,true,200,14,3874,40,4169
healthy_40ms,signaling,legacy,95,true,120,6,607,40,6
healthy_40ms,signaling,next,95,true,200,14,3874,40,474
healthy_40ms,signaling,legacy,96,true,120,6,607,40,4
healthy_40ms,signaling,next,96,true,200,14,3874,40,502
healthy_40ms,signaling,legacy,97,true,120,6,607,40,3
healthy_40ms,signaling,next,97,true,200,14,3874,40,490
healthy_40ms,signaling,legacy,98,true,120,6,607,40,4
healthy_40ms,signaling,next,98,true,200,14,3874,40,556
healthy_40ms,signaling,legacy,99,true,120,6,607,40,5
healthy_40ms,signaling,next,99,true,200,14,3874,40,656
wan_200ms,lookup,legacy,0,true,1600,42,5460,,73
wan_200ms,lookup,next,0,true,3000,80,23010,,4676
wan_200ms,lookup,legacy,1,true,1600,42,5460,,76
wan_200ms,lookup,next,1,true,3000,80,23010,,4378
wan_200ms,lookup,legacy,2,true,1400,40,5200,,64
wan_200ms,lookup,next,2,true,2600,76,21844,,4162
wan_200ms,lookup,legacy,3,true,1400,40,5200,,68
wan_200ms,lookup,next,3,true,2600,76,21844,,4009
wan_200ms,lookup,legacy,4,true,1400,40,5200,,61
wan_200ms,lookup,next,4,true,2600,76,21844,,4212
wan_200ms,lookup,legacy,5,true,1400,40,5200,,71
wan_200ms,lookup,next,5,true,2600,76,21844,,4215
wan_200ms,lookup,legacy,6,true,1400,40,5200,,63
wan_200ms,lookup,next,6,true,2600,76,21844,,4216
wan_200ms,lookup,legacy,7,true,1400,40,5200,,71
wan_200ms,lookup,next,7,true,2600,76,21844,,4353
wan_200ms,lookup,legacy,8,true,1600,42,5460,,77
wan_200ms,lookup,next,8,true,3000,80,23010,,4799
wan_200ms,lookup,legacy,9,true,1400,40,5200,,67
wan_200ms,lookup,next,9,true,2600,76,21844,,4176
wan_200ms,lookup,legacy,10,true,1400,40,5200,,61
wan_200ms,lookup,next,10,true,2600,76,21844,,4200
wan_200ms,lookup,legacy,11,true,1400,40,5200,,66
wan_200ms,lookup,next,11,true,2600,76,21844,,5260
wan_200ms,lookup,legacy,12,true,1600,42,5460,,70
wan_200ms,lookup,next,12,true,3000,80,23010,,4360
wan_200ms,lookup,legacy,13,true,1600,42,5460,,66
wan_200ms,lookup,next,13,true,3000,80,23010,,4407
wan_200ms,lookup,legacy,14,true,1600,42,5460,,57
wan_200ms,lookup,next,14,true,3000,80,23010,,4276
wan_200ms,lookup,legacy,15,true,1600,42,5460,,65
wan_200ms,lookup,next,15,true,3000,80,23010,,4377
wan_200ms,lookup,legacy,16,true,1600,42,5460,,69
wan_200ms,lookup,next,16,true,3000,80,23010,,4370
wan_200ms,lookup,legacy,17,true,1400,40,5200,,60
wan_200ms,lookup,next,17,true,2600,76,21844,,4616
wan_200ms,lookup,legacy,18,true,1600,42,5460,,70
wan_200ms,lookup,next,18,true,3000,80,23010,,4901
wan_200ms,lookup,legacy,19,true,1400,40,5200,,79
wan_200ms,lookup,next,19,true,2600,76,21844,,4054
wan_200ms,lookup,legacy,20,true,1400,40,5200,,63
wan_200ms,lookup,next,20,true,2600,76,21844,,4273
wan_200ms,lookup,legacy,21,true,1400,40,5200,,85
wan_200ms,lookup,next,21,true,2600,76,21844,,4047
wan_200ms,lookup,legacy,22,true,1600,42,5460,,66
wan_200ms,lookup,next,22,true,3000,80,23010,,4431
wan_200ms,lookup,legacy,23,true,1600,42,5460,,71
wan_200ms,lookup,next,23,true,3000,80,23010,,4465
wan_200ms,lookup,legacy,24,true,1400,40,5200,,60
wan_200ms,lookup,next,24,true,2600,76,21844,,4313
wan_200ms,lookup,legacy,25,true,1400,40,5200,,68
wan_200ms,lookup,next,25,true,2600,76,21844,,4379
wan_200ms,lookup,legacy,26,true,1400,40,5200,,65
wan_200ms,lookup,next,26,true,2600,76,21844,,4088
wan_200ms,lookup,legacy,27,true,1400,40,5200,,61
wan_200ms,lookup,next,27,true,2600,76,21844,,4392
wan_200ms,lookup,legacy,28,true,1600,42,5460,,65
wan_200ms,lookup,next,28,true,3000,80,23010,,4444
wan_200ms,lookup,legacy,29,true,1600,42,5460,,86
wan_200ms,lookup,next,29,true,3000,80,23010,,5721
wan_200ms,lookup,legacy,30,true,1600,42,5460,,74
wan_200ms,lookup,next,30,true,3000,80,23010,,4552
wan_200ms,lookup,legacy,31,true,1600,42,5460,,70
wan_200ms,lookup,next,31,true,3000,80,23010,,4327
wan_200ms,lookup,legacy,32,true,1600,42,5460,,70
wan_200ms,lookup,next,32,true,3000,80,23010,,4708
wan_200ms,lookup,legacy,33,true,1400,40,5200,,81
wan_200ms,lookup,next,33,true,2600,76,21844,,4078
wan_200ms,lookup,legacy,34,true,1400,40,5200,,61
wan_200ms,lookup,next,34,true,2600,76,21844,,4170
wan_200ms,lookup,legacy,35,true,1400,40,5200,,62
wan_200ms,lookup,next,35,true,2600,76,21844,,4011
wan_200ms,lookup,legacy,36,true,1400,40,5200,,65
wan_200ms,lookup,next,36,true,2600,76,21844,,4063
wan_200ms,lookup,legacy,37,true,1400,40,5200,,63
wan_200ms,lookup,next,37,true,2600,76,21844,,4513
wan_200ms,lookup,legacy,38,true,1600,42,5460,,75
wan_200ms,lookup,next,38,true,3000,80,23010,,4845
wan_200ms,lookup,legacy,39,true,1400,40,5200,,77
wan_200ms,lookup,next,39,true,2600,76,21844,,4191
wan_200ms,lookup,legacy,40,true,1600,42,5460,,79
wan_200ms,lookup,next,40,true,3000,80,23010,,4229
wan_200ms,lookup,legacy,41,true,1600,42,5460,,64
wan_200ms,lookup,next,41,true,3000,80,23010,,4316
wan_200ms,lookup,legacy,42,true,1400,40,5200,,58
wan_200ms,lookup,next,42,true,2600,76,21844,,4232
wan_200ms,lookup,legacy,43,true,1400,40,5200,,58
wan_200ms,lookup,next,43,true,2600,76,21844,,4163
wan_200ms,lookup,legacy,44,true,1600,42,5460,,63
wan_200ms,lookup,next,44,true,3000,80,23010,,4391
wan_200ms,lookup,legacy,45,true,1600,42,5460,,78
wan_200ms,lookup,next,45,true,3000,80,23010,,4770
wan_200ms,lookup,legacy,46,true,1400,40,5200,,55
wan_200ms,lookup,next,46,true,2600,76,21844,,4268
wan_200ms,lookup,legacy,47,true,1400,40,5200,,72
wan_200ms,lookup,next,47,true,2600,76,21844,,3949
wan_200ms,lookup,legacy,48,true,1400,40,5200,,61
wan_200ms,lookup,next,48,true,2600,76,21844,,4278
wan_200ms,lookup,legacy,49,true,1600,42,5460,,58
wan_200ms,lookup,next,49,true,3000,80,23010,,4367
wan_200ms,lookup,legacy,50,true,1400,40,5200,,56
wan_200ms,lookup,next,50,true,2600,76,21844,,4383
wan_200ms,lookup,legacy,51,true,1400,40,5200,,74
wan_200ms,lookup,next,51,true,2600,76,21844,,4344
wan_200ms,lookup,legacy,52,true,1400,40,5200,,62
wan_200ms,lookup,next,52,true,2600,76,21844,,4355
wan_200ms,lookup,legacy,53,true,1600,42,5460,,66
wan_200ms,lookup,next,53,true,3000,80,23010,,4623
wan_200ms,lookup,legacy,54,true,1400,40,5200,,59
wan_200ms,lookup,next,54,true,2600,76,21844,,4305
wan_200ms,lookup,legacy,55,true,1600,42,5460,,67
wan_200ms,lookup,next,55,true,3000,80,23010,,4624
wan_200ms,lookup,legacy,56,true,1600,42,5460,,72
wan_200ms,lookup,next,56,true,3000,80,23010,,4609
wan_200ms,lookup,legacy,57,true,1400,40,5200,,65
wan_200ms,lookup,next,57,true,2600,76,21844,,4291
wan_200ms,lookup,legacy,58,true,1400,40,5200,,63
wan_200ms,lookup,next,58,true,2600,76,21844,,4300
wan_200ms,lookup,legacy,59,true,1600,42,5460,,64
wan_200ms,lookup,next,59,true,3000,80,23010,,4602
wan_200ms,lookup,legacy,60,true,1400,40,5200,,60
wan_200ms,lookup,next,60,true,2600,76,21844,,4295
wan_200ms,lookup,legacy,61,true,1400,40,5200,,65
wan_200ms,lookup,next,61,true,2600,76,21844,,4258
wan_200ms,lookup,legacy,62,true,1400,40,5200,,59
wan_200ms,lookup,next,62,true,2600,76,21844,,4343
wan_200ms,lookup,legacy,63,true,1600,44,5720,,68
wan_200ms,lookup,next,63,true,3000,84,24176,,4796
wan_200ms,lookup,legacy,64,true,1600,44,5720,,67
wan_200ms,lookup,next,64,true,3000,84,24176,,4802
wan_200ms,lookup,legacy,65,true,1600,42,5460,,68
wan_200ms,lookup,next,65,true,3000,80,23010,,4639
wan_200ms,lookup,legacy,66,true,1400,40,5200,,61
wan_200ms,lookup,next,66,true,2600,76,21844,,4293
wan_200ms,lookup,legacy,67,true,1600,42,5460,,64
wan_200ms,lookup,next,67,true,3000,80,23010,,4604
wan_200ms,lookup,legacy,68,true,1400,40,5200,,60
wan_200ms,lookup,next,68,true,2600,76,21844,,4274
wan_200ms,lookup,legacy,69,true,1400,40,5200,,63
wan_200ms,lookup,next,69,true,2600,76,21844,,4362
wan_200ms,lookup,legacy,70,true,1400,40,5200,,64
wan_200ms,lookup,next,70,true,2600,76,21844,,4278
wan_200ms,lookup,legacy,71,true,1400,40,5200,,62
wan_200ms,lookup,next,71,true,2600,76,21844,,4308
wan_200ms,lookup,legacy,72,true,1600,44,5720,,68
wan_200ms,lookup,next,72,true,3000,84,24176,,4789
wan_200ms,lookup,legacy,73,true,1400,40,5200,,62
wan_200ms,lookup,next,73,true,2600,76,21844,,4268
wan_200ms,lookup,legacy,74,true,1400,40,5200,,60
wan_200ms,lookup,next,74,true,2600,76,21844,,4293
wan_200ms,lookup,legacy,75,true,1400,40,5200,,58
wan_200ms,lookup,next,75,true,2600,76,21844,,4272
wan_200ms,lookup,legacy,76,true,1400,40,5200,,59
wan_200ms,lookup,next,76,true,2600,76,21844,,4273
wan_200ms,lookup,legacy,77,true,1600,42,5460,,64
wan_200ms,lookup,next,77,true,3000,80,23010,,4599
wan_200ms,lookup,legacy,78,true,1400,40,5200,,59
wan_200ms,lookup,next,78,true,2600,76,21844,,4321
wan_200ms,lookup,legacy,79,true,1400,40,5200,,62
wan_200ms,lookup,next,79,true,2600,76,21844,,4286
wan_200ms,lookup,legacy,80,true,1600,42,5460,,68
wan_200ms,lookup,next,80,true,3000,80,23010,,4419
wan_200ms,lookup,legacy,81,true,1600,42,5460,,72
wan_200ms,lookup,next,81,true,3000,80,23010,,4246
wan_200ms,lookup,legacy,82,true,1400,40,5200,,69
wan_200ms,lookup,next,82,true,2600,76,21844,,4052
wan_200ms,lookup,legacy,83,true,1400,40,5200,,74
wan_200ms,lookup,next,83,true,2600,76,21844,,4251
wan_200ms,lookup,legacy,84,true,1400,40,5200,,70
wan_200ms,lookup,next,84,true,2600,76,21844,,4412
wan_200ms,lookup,legacy,85,true,1400,40,5200,,71
wan_200ms,lookup,next,85,true,2600,76,21844,,4286
wan_200ms,lookup,legacy,86,true,1400,40,5200,,73
wan_200ms,lookup,next,86,true,2600,76,21844,,4507
wan_200ms,lookup,legacy,87,true,1400,40,5200,,65
wan_200ms,lookup,next,87,true,2600,76,21844,,4422
wan_200ms,lookup,legacy,88,true,1600,42,5460,,73
wan_200ms,lookup,next,88,true,3000,80,23010,,4646
wan_200ms,lookup,legacy,89,true,1600,42,5460,,75
wan_200ms,lookup,next,89,true,3000,80,23010,,4645
wan_200ms,lookup,legacy,90,true,1400,40,5200,,68
wan_200ms,lookup,next,90,true,2600,76,21844,,4398
wan_200ms,lookup,legacy,91,true,1600,42,5460,,76
wan_200ms,lookup,next,91,true,3000,80,23010,,4697
wan_200ms,lookup,legacy,92,true,1400,40,5200,,70
wan_200ms,lookup,next,92,true,2600,76,21844,,4354
wan_200ms,lookup,legacy,93,true,1600,42,5460,,88
wan_200ms,lookup,next,93,true,3000,80,23010,,4675
wan_200ms,lookup,legacy,94,true,1400,40,5200,,70
wan_200ms,lookup,next,94,true,2600,76,21844,,4172
wan_200ms,lookup,legacy,95,true,1400,40,5200,,71
wan_200ms,lookup,next,95,true,2600,76,21844,,4291
wan_200ms,lookup,legacy,96,true,1400,40,5200,,67
wan_200ms,lookup,next,96,true,2600,76,21844,,4268
wan_200ms,lookup,legacy,97,true,1400,40,5200,,68
wan_200ms,lookup,next,97,true,2600,76,21844,,4289
wan_200ms,lookup,legacy,98,true,1400,40,5200,,65
wan_200ms,lookup,next,98,true,2600,76,21844,,4335
wan_200ms,lookup,legacy,99,true,1400,40,5200,,65
wan_200ms,lookup,next,99,true,2600,76,21844,,4295
wan_200ms,signaling,legacy,0,true,600,6,607,200,8
wan_200ms,signaling,next,0,true,1000,14,3874,200,497
wan_200ms,signaling,legacy,1,true,600,6,607,200,6
wan_200ms,signaling,next,1,true,1000,14,3874,200,484
wan_200ms,signaling,legacy,2,true,600,6,607,200,6
wan_200ms,signaling,next,2,true,1000,14,3874,200,481
wan_200ms,signaling,legacy,3,true,600,6,607,200,4
wan_200ms,signaling,next,3,true,1000,14,3874,200,484
wan_200ms,signaling,legacy,4,true,600,6,607,200,4
wan_200ms,signaling,next,4,true,1000,14,3874,200,484
wan_200ms,signaling,legacy,5,true,600,6,607,200,4
wan_200ms,signaling,next,5,true,1000,14,3874,200,479
wan_200ms,signaling,legacy,6,true,600,6,607,200,4
wan_200ms,signaling,next,6,true,1000,14,3874,200,482
wan_200ms,signaling,legacy,7,true,600,6,607,200,4
wan_200ms,signaling,next,7,true,1000,14,3874,200,502
wan_200ms,signaling,legacy,8,true,600,6,607,200,11
wan_200ms,signaling,next,8,true,1000,14,3874,200,496
wan_200ms,signaling,legacy,9,true,600,6,607,200,8
wan_200ms,signaling,next,9,true,1000,14,3874,200,490
wan_200ms,signaling,legacy,10,true,600,6,607,200,4
wan_200ms,signaling,next,10,true,1000,14,3874,200,485
wan_200ms,signaling,legacy,11,true,600,6,607,200,5
wan_200ms,signaling,next,11,true,1000,14,3874,200,479
wan_200ms,signaling,legacy,12,true,600,6,607,200,4
wan_200ms,signaling,next,12,true,1000,14,3874,200,483
wan_200ms,signaling,legacy,13,true,600,6,607,200,4
wan_200ms,signaling,next,13,true,1000,14,3874,200,491
wan_200ms,signaling,legacy,14,true,600,6,607,200,4
wan_200ms,signaling,next,14,true,1000,14,3874,200,476
wan_200ms,signaling,legacy,15,true,600,6,607,200,4
wan_200ms,signaling,next,15,true,1000,14,3874,200,471
wan_200ms,signaling,legacy,16,true,600,6,607,200,4
wan_200ms,signaling,next,16,true,1000,14,3874,200,508
wan_200ms,signaling,legacy,17,true,600,6,607,200,5
wan_200ms,signaling,next,17,true,1000,14,3874,200,474
wan_200ms,signaling,legacy,18,true,600,6,607,200,4
wan_200ms,signaling,next,18,true,1000,14,3874,200,471
wan_200ms,signaling,legacy,19,true,600,6,607,200,4
wan_200ms,signaling,next,19,true,1000,14,3874,200,502
wan_200ms,signaling,legacy,20,true,600,6,607,200,4
wan_200ms,signaling,next,20,true,1000,14,3874,200,479
wan_200ms,signaling,legacy,21,true,600,6,607,200,4
wan_200ms,signaling,next,21,true,1000,14,3874,200,485
wan_200ms,signaling,legacy,22,true,600,6,607,200,4
wan_200ms,signaling,next,22,true,1000,14,3874,200,480
wan_200ms,signaling,legacy,23,true,600,6,607,200,4
wan_200ms,signaling,next,23,true,1000,14,3874,200,481
wan_200ms,signaling,legacy,24,true,600,6,607,200,4
wan_200ms,signaling,next,24,true,1000,14,3874,200,467
wan_200ms,signaling,legacy,25,true,600,6,607,200,4
wan_200ms,signaling,next,25,true,1000,14,3874,200,513
wan_200ms,signaling,legacy,26,true,600,6,607,200,7
wan_200ms,signaling,next,26,true,1000,14,3874,200,487
wan_200ms,signaling,legacy,27,true,600,6,607,200,6
wan_200ms,signaling,next,27,true,1000,14,3874,200,474
wan_200ms,signaling,legacy,28,true,600,6,607,200,5
wan_200ms,signaling,next,28,true,1000,14,3874,200,482
wan_200ms,signaling,legacy,29,true,600,6,607,200,5
wan_200ms,signaling,next,29,true,1000,14,3874,200,481
wan_200ms,signaling,legacy,30,true,600,6,607,200,4
wan_200ms,signaling,next,30,true,1000,14,3874,200,479
wan_200ms,signaling,legacy,31,true,600,6,607,200,4
wan_200ms,signaling,next,31,true,1000,14,3874,200,478
wan_200ms,signaling,legacy,32,true,600,6,607,200,4
wan_200ms,signaling,next,32,true,1000,14,3874,200,468
wan_200ms,signaling,legacy,33,true,600,6,607,200,5
wan_200ms,signaling,next,33,true,1000,14,3874,200,470
wan_200ms,signaling,legacy,34,true,600,6,607,200,4
wan_200ms,signaling,next,34,true,1000,14,3874,200,486
wan_200ms,signaling,legacy,35,true,600,6,607,200,6
wan_200ms,signaling,next,35,true,1000,14,3874,200,469
wan_200ms,signaling,legacy,36,true,600,6,607,200,5
wan_200ms,signaling,next,36,true,1000,14,3874,200,484
wan_200ms,signaling,legacy,37,true,600,6,607,200,5
wan_200ms,signaling,next,37,true,1000,14,3874,200,475
wan_200ms,signaling,legacy,38,true,600,6,607,200,4
wan_200ms,signaling,next,38,true,1000,14,3874,200,479
wan_200ms,signaling,legacy,39,true,600,6,607,200,4
wan_200ms,signaling,next,39,true,1000,14,3874,200,468
wan_200ms,signaling,legacy,40,true,600,6,607,200,4
wan_200ms,signaling,next,40,true,1000,14,3874,200,476
wan_200ms,signaling,legacy,41,true,600,6,607,200,4
wan_200ms,signaling,next,41,true,1000,14,3874,200,476
wan_200ms,signaling,legacy,42,true,600,6,607,200,4
wan_200ms,signaling,next,42,true,1000,14,3874,200,523
wan_200ms,signaling,legacy,43,true,600,6,607,200,6
wan_200ms,signaling,next,43,true,1000,14,3874,200,484
wan_200ms,signaling,legacy,44,true,600,6,607,200,5
wan_200ms,signaling,next,44,true,1000,14,3874,200,470
wan_200ms,signaling,legacy,45,true,600,6,607,200,4
wan_200ms,signaling,next,45,true,1000,14,3874,200,469
wan_200ms,signaling,legacy,46,true,600,6,607,200,4
wan_200ms,signaling,next,46,true,1000,14,3874,200,473
wan_200ms,signaling,legacy,47,true,600,6,607,200,4
wan_200ms,signaling,next,47,true,1000,14,3874,200,478
wan_200ms,signaling,legacy,48,true,600,6,607,200,4
wan_200ms,signaling,next,48,true,1000,14,3874,200,477
wan_200ms,signaling,legacy,49,true,600,6,607,200,4
wan_200ms,signaling,next,49,true,1000,14,3874,200,499
wan_200ms,signaling,legacy,50,true,600,6,607,200,6
wan_200ms,signaling,next,50,true,1000,14,3874,200,472
wan_200ms,signaling,legacy,51,true,600,6,607,200,4
wan_200ms,signaling,next,51,true,1000,14,3874,200,473
wan_200ms,signaling,legacy,52,true,600,6,607,200,5
wan_200ms,signaling,next,52,true,1000,14,3874,200,476
wan_200ms,signaling,legacy,53,true,600,6,607,200,4
wan_200ms,signaling,next,53,true,1000,14,3874,200,476
wan_200ms,signaling,legacy,54,true,600,6,607,200,4
wan_200ms,signaling,next,54,true,1000,14,3874,200,477
wan_200ms,signaling,legacy,55,true,600,6,607,200,4
wan_200ms,signaling,next,55,true,1000,14,3874,200,504
wan_200ms,signaling,legacy,56,true,600,6,607,200,6
wan_200ms,signaling,next,56,true,1000,14,3874,200,472
wan_200ms,signaling,legacy,57,true,600,6,607,200,5
wan_200ms,signaling,next,57,true,1000,14,3874,200,480
wan_200ms,signaling,legacy,58,true,600,6,607,200,4
wan_200ms,signaling,next,58,true,1000,14,3874,200,481
wan_200ms,signaling,legacy,59,true,600,6,607,200,4
wan_200ms,signaling,next,59,true,1000,14,3874,200,504
wan_200ms,signaling,legacy,60,true,600,6,607,200,4
wan_200ms,signaling,next,60,true,1000,14,3874,200,479
wan_200ms,signaling,legacy,61,true,600,6,607,200,4
wan_200ms,signaling,next,61,true,1000,14,3874,200,488
wan_200ms,signaling,legacy,62,true,600,6,607,200,6
wan_200ms,signaling,next,62,true,1000,14,3874,200,481
wan_200ms,signaling,legacy,63,true,600,6,607,200,5
wan_200ms,signaling,next,63,true,1000,14,3874,200,517
wan_200ms,signaling,legacy,64,true,600,6,607,200,6
wan_200ms,signaling,next,64,true,1000,14,3874,200,490
wan_200ms,signaling,legacy,65,true,600,6,607,200,4
wan_200ms,signaling,next,65,true,1000,14,3874,200,471
wan_200ms,signaling,legacy,66,true,600,6,607,200,4
wan_200ms,signaling,next,66,true,1000,14,3874,200,462
wan_200ms,signaling,legacy,67,true,600,6,607,200,4
wan_200ms,signaling,next,67,true,1000,14,3874,200,479
wan_200ms,signaling,legacy,68,true,600,6,607,200,4
wan_200ms,signaling,next,68,true,1000,14,3874,200,499
wan_200ms,signaling,legacy,69,true,600,6,607,200,5
wan_200ms,signaling,next,69,true,1000,14,3874,200,468
wan_200ms,signaling,legacy,70,true,600,6,607,200,5
wan_200ms,signaling,next,70,true,1000,14,3874,200,480
wan_200ms,signaling,legacy,71,true,600,6,607,200,4
wan_200ms,signaling,next,71,true,1000,14,3874,200,480
wan_200ms,signaling,legacy,72,true,600,6,607,200,6
wan_200ms,signaling,next,72,true,1000,14,3874,200,462
wan_200ms,signaling,legacy,73,true,600,6,607,200,4
wan_200ms,signaling,next,73,true,1000,14,3874,200,480
wan_200ms,signaling,legacy,74,true,600,6,607,200,4
wan_200ms,signaling,next,74,true,1000,14,3874,200,479
wan_200ms,signaling,legacy,75,true,600,6,607,200,4
wan_200ms,signaling,next,75,true,1000,14,3874,200,468
wan_200ms,signaling,legacy,76,true,600,6,607,200,4
wan_200ms,signaling,next,76,true,1000,14,3874,200,454
wan_200ms,signaling,legacy,77,true,600,6,607,200,4
wan_200ms,signaling,next,77,true,1000,14,3874,200,485
wan_200ms,signaling,legacy,78,true,600,6,607,200,5
wan_200ms,signaling,next,78,true,1000,14,3874,200,473
wan_200ms,signaling,legacy,79,true,600,6,607,200,4
wan_200ms,signaling,next,79,true,1000,14,3874,200,476
wan_200ms,signaling,legacy,80,true,600,6,607,200,4
wan_200ms,signaling,next,80,true,1000,14,3874,200,559
wan_200ms,signaling,legacy,81,true,600,6,607,200,5
wan_200ms,signaling,next,81,true,1000,14,3874,200,476
wan_200ms,signaling,legacy,82,true,600,6,607,200,4
wan_200ms,signaling,next,82,true,1000,14,3874,200,477
wan_200ms,signaling,legacy,83,true,600,6,607,200,4
wan_200ms,signaling,next,83,true,1000,14,3874,200,457
wan_200ms,signaling,legacy,84,true,600,6,607,200,4
wan_200ms,signaling,next,84,true,1000,14,3874,200,477
wan_200ms,signaling,legacy,85,true,600,6,607,200,4
wan_200ms,signaling,next,85,true,1000,14,3874,200,471
wan_200ms,signaling,legacy,86,true,600,6,607,200,4
wan_200ms,signaling,next,86,true,1000,14,3874,200,474
wan_200ms,signaling,legacy,87,true,600,6,607,200,4
wan_200ms,signaling,next,87,true,1000,14,3874,200,461
wan_200ms,signaling,legacy,88,true,600,6,607,200,4
wan_200ms,signaling,next,88,true,1000,14,3874,200,471
wan_200ms,signaling,legacy,89,true,600,6,607,200,4
wan_200ms,signaling,next,89,true,1000,14,3874,200,481
wan_200ms,signaling,legacy,90,true,600,6,607,200,4
wan_200ms,signaling,next,90,true,1000,14,3874,200,472
wan_200ms,signaling,legacy,91,true,600,6,607,200,4
wan_200ms,signaling,next,91,true,1000,14,3874,200,475
wan_200ms,signaling,legacy,92,true,600,6,607,200,9
wan_200ms,signaling,next,92,true,1000,14,3874,200,475
wan_200ms,signaling,legacy,93,true,600,6,607,200,4
wan_200ms,signaling,next,93,true,1000,14,3874,200,481
wan_200ms,signaling,legacy,94,true,600,6,607,200,4
wan_200ms,signaling,next,94,true,1000,14,3874,200,494
wan_200ms,signaling,legacy,95,true,600,6,607,200,4
wan_200ms,signaling,next,95,true,1000,14,3874,200,468
wan_200ms,signaling,legacy,96,true,600,6,607,200,4
wan_200ms,signaling,next,96,true,1000,14,3874,200,445
wan_200ms,signaling,legacy,97,true,600,6,607,200,5
wan_200ms,signaling,next,97,true,1000,14,3874,200,438
wan_200ms,signaling,legacy,98,true,600,6,607,200,5
wan_200ms,signaling,next,98,true,1000,14,3874,200,445
wan_200ms,signaling,legacy,99,true,600,6,607,200,4
wan_200ms,signaling,next,99,true,1000,14,3874,200,463
slow_800ms,lookup,legacy,0,false,500,4,520,,13
slow_800ms,lookup,next,0,true,8700,126,34084,,7512
slow_800ms,lookup,legacy,1,false,500,4,520,,15
slow_800ms,lookup,next,1,true,9200,144,39022,,8472
slow_800ms,lookup,legacy,2,false,500,4,520,,16
slow_800ms,lookup,next,2,true,8700,126,34084,,7598
slow_800ms,lookup,legacy,3,false,500,4,520,,17
slow_800ms,lookup,next,3,true,8700,132,35730,,7908
slow_800ms,lookup,legacy,4,false,500,4,520,,16
slow_800ms,lookup,next,4,true,7100,120,32438,,6721
slow_800ms,lookup,legacy,5,false,500,4,520,,17
slow_800ms,lookup,next,5,true,8700,132,35730,,7739
slow_800ms,lookup,legacy,6,false,500,4,520,,16
slow_800ms,lookup,next,6,true,8700,126,34084,,7548
slow_800ms,lookup,legacy,7,false,500,4,520,,16
slow_800ms,lookup,next,7,true,7100,120,32438,,6501
slow_800ms,lookup,legacy,8,false,500,4,520,,14
slow_800ms,lookup,next,8,true,8700,132,35730,,7618
slow_800ms,lookup,legacy,9,false,500,4,520,,17
slow_800ms,lookup,next,9,true,7100,120,32438,,6758
slow_800ms,lookup,legacy,10,false,500,4,520,,17
slow_800ms,lookup,next,10,true,7100,120,32438,,6649
slow_800ms,lookup,legacy,11,false,500,4,520,,16
slow_800ms,lookup,next,11,true,8700,126,34084,,7152
slow_800ms,lookup,legacy,12,false,500,4,520,,16
slow_800ms,lookup,next,12,true,8700,126,34084,,7248
slow_800ms,lookup,legacy,13,false,500,4,520,,15
slow_800ms,lookup,next,13,true,8700,126,34084,,7429
slow_800ms,lookup,legacy,14,false,500,4,520,,16
slow_800ms,lookup,next,14,true,8700,126,34084,,7179
slow_800ms,lookup,legacy,15,false,500,4,520,,17
slow_800ms,lookup,next,15,true,8700,138,37376,,7508
slow_800ms,lookup,legacy,16,false,500,4,520,,19
slow_800ms,lookup,next,16,true,8700,126,34084,,7114
slow_800ms,lookup,legacy,17,false,500,4,520,,14
slow_800ms,lookup,next,17,true,8700,126,34084,,7159
slow_800ms,lookup,legacy,18,false,500,4,520,,14
slow_800ms,lookup,next,18,true,8700,126,34084,,7219
slow_800ms,lookup,legacy,19,false,500,4,520,,15
slow_800ms,lookup,next,19,true,8700,126,34084,,7201
slow_800ms,lookup,legacy,20,false,500,4,520,,14
slow_800ms,lookup,next,20,true,8700,126,34084,,7172
slow_800ms,lookup,legacy,21,false,500,4,520,,12
slow_800ms,lookup,next,21,true,8700,132,35730,,7774
slow_800ms,lookup,legacy,22,false,500,4,520,,14
slow_800ms,lookup,next,22,true,8700,132,35730,,7609
slow_800ms,lookup,legacy,23,false,500,4,520,,14
slow_800ms,lookup,next,23,true,8700,126,34084,,7457
slow_800ms,lookup,legacy,24,false,500,4,520,,16
slow_800ms,lookup,next,24,true,8700,126,34084,,7749
slow_800ms,lookup,legacy,25,false,500,4,520,,19
slow_800ms,lookup,next,25,true,8700,126,34084,,7408
slow_800ms,lookup,legacy,26,false,500,4,520,,14
slow_800ms,lookup,next,26,true,7100,120,32438,,6507
slow_800ms,lookup,legacy,27,false,500,4,520,,15
slow_800ms,lookup,next,27,true,8700,126,34084,,7372
slow_800ms,lookup,legacy,28,false,500,4,520,,20
slow_800ms,lookup,next,28,true,8700,132,35730,,7421
slow_800ms,lookup,legacy,29,false,500,4,520,,11
slow_800ms,lookup,next,29,true,8700,126,34084,,6885
slow_800ms,lookup,legacy,30,false,500,4,520,,18
slow_800ms,lookup,next,30,true,8700,138,37376,,8008
slow_800ms,lookup,legacy,31,false,500,4,520,,12
slow_800ms,lookup,next,31,true,8700,132,35730,,8117
slow_800ms,lookup,legacy,32,false,500,4,520,,16
slow_800ms,lookup,next,32,true,8700,126,34084,,7048
slow_800ms,lookup,legacy,33,false,500,4,520,,12
slow_800ms,lookup,next,33,true,7100,120,32438,,6329
slow_800ms,lookup,legacy,34,false,500,4,520,,13
slow_800ms,lookup,next,34,true,8700,132,35730,,7563
slow_800ms,lookup,legacy,35,false,500,4,520,,16
slow_800ms,lookup,next,35,true,8700,126,34084,,7047
slow_800ms,lookup,legacy,36,false,500,4,520,,15
slow_800ms,lookup,next,36,true,8700,132,35730,,7703
slow_800ms,lookup,legacy,37,false,500,4,520,,15
slow_800ms,lookup,next,37,true,7100,120,32438,,6783
slow_800ms,lookup,legacy,38,false,500,4,520,,15
slow_800ms,lookup,next,38,true,8700,126,34084,,7232
slow_800ms,lookup,legacy,39,false,500,4,520,,16
slow_800ms,lookup,next,39,true,8700,126,34084,,7036
slow_800ms,lookup,legacy,40,false,500,4,520,,16
slow_800ms,lookup,next,40,true,8700,126,34084,,7197
slow_800ms,lookup,legacy,41,false,500,4,520,,16
slow_800ms,lookup,next,41,true,8700,126,34084,,7289
slow_800ms,lookup,legacy,42,false,500,4,520,,15
slow_800ms,lookup,next,42,true,8700,126,34084,,6985
slow_800ms,lookup,legacy,43,false,500,4,520,,15
slow_800ms,lookup,next,43,true,8700,132,35730,,7538
slow_800ms,lookup,legacy,44,false,500,4,520,,17
slow_800ms,lookup,next,44,true,8700,132,35730,,7701
slow_800ms,lookup,legacy,45,false,500,4,520,,14
slow_800ms,lookup,next,45,true,8700,126,34084,,7205
slow_800ms,lookup,legacy,46,false,500,4,520,,16
slow_800ms,lookup,next,46,true,8700,126,34084,,7219
slow_800ms,lookup,legacy,47,false,500,4,520,,14
slow_800ms,lookup,next,47,true,8700,126,34084,,7199
slow_800ms,lookup,legacy,48,false,500,4,520,,14
slow_800ms,lookup,next,48,true,8700,126,34084,,7191
slow_800ms,lookup,legacy,49,false,500,4,520,,14
slow_800ms,lookup,next,49,true,8700,132,35730,,7801
slow_800ms,lookup,legacy,50,false,500,4,520,,16
slow_800ms,lookup,next,50,true,8700,126,34084,,7523
slow_800ms,lookup,legacy,51,false,500,4,520,,16
slow_800ms,lookup,next,51,true,7100,120,32438,,6759
slow_800ms,lookup,legacy,52,false,500,4,520,,16
slow_800ms,lookup,next,52,true,8700,126,34084,,7488
slow_800ms,lookup,legacy,53,false,500,4,520,,14
slow_800ms,lookup,next,53,true,8700,126,34084,,7213
slow_800ms,lookup,legacy,54,false,500,4,520,,15
slow_800ms,lookup,next,54,true,8700,126,34084,,7157
slow_800ms,lookup,legacy,55,false,500,4,520,,15
slow_800ms,lookup,next,55,true,8700,126,34084,,7131
slow_800ms,lookup,legacy,56,false,500,4,520,,15
slow_800ms,lookup,next,56,true,8700,126,34084,,7481
slow_800ms,lookup,legacy,57,false,500,4,520,,14
slow_800ms,lookup,next,57,true,7100,120,32438,,6764
slow_800ms,lookup,legacy,58,false,500,4,520,,16
slow_800ms,lookup,next,58,true,8700,126,34084,,6953
slow_800ms,lookup,legacy,59,false,500,4,520,,15
slow_800ms,lookup,next,59,true,8700,126,34084,,6931
slow_800ms,lookup,legacy,60,false,500,4,520,,15
slow_800ms,lookup,next,60,true,8700,132,35730,,7333
slow_800ms,lookup,legacy,61,false,500,4,520,,11
slow_800ms,lookup,next,61,true,8700,126,34084,,7221
slow_800ms,lookup,legacy,62,false,500,4,520,,13
slow_800ms,lookup,next,62,true,8700,126,34084,,7205
slow_800ms,lookup,legacy,63,false,500,4,520,,17
slow_800ms,lookup,next,63,true,8700,138,37376,,8050
slow_800ms,lookup,legacy,64,false,500,4,520,,15
slow_800ms,lookup,next,64,true,8700,132,35730,,7833
slow_800ms,lookup,legacy,65,false,500,4,520,,15
slow_800ms,lookup,next,65,true,8700,126,34084,,7172
slow_800ms,lookup,legacy,66,false,500,4,520,,17
slow_800ms,lookup,next,66,true,8700,126,34084,,6565
slow_800ms,lookup,legacy,67,false,500,4,520,,14
slow_800ms,lookup,next,67,true,8700,138,37376,,8247
slow_800ms,lookup,legacy,68,false,500,4,520,,14
slow_800ms,lookup,next,68,true,8700,138,37376,,8214
slow_800ms,lookup,legacy,69,false,500,4,520,,15
slow_800ms,lookup,next,69,true,8700,126,34084,,7542
slow_800ms,lookup,legacy,70,false,500,4,520,,15
slow_800ms,lookup,next,70,true,7100,120,32438,,6762
slow_800ms,lookup,legacy,71,false,500,4,520,,16
slow_800ms,lookup,next,71,true,8700,126,34084,,7347
slow_800ms,lookup,legacy,72,false,500,4,520,,14
slow_800ms,lookup,next,72,true,8700,132,35730,,7443
slow_800ms,lookup,legacy,73,false,500,4,520,,16
slow_800ms,lookup,next,73,true,8700,126,34084,,7451
slow_800ms,lookup,legacy,74,false,500,4,520,,16
slow_800ms,lookup,next,74,true,7100,120,32438,,6816
slow_800ms,lookup,legacy,75,false,500,4,520,,16
slow_800ms,lookup,next,75,true,8700,132,35730,,7635
slow_800ms,lookup,legacy,76,false,500,4,520,,15
slow_800ms,lookup,next,76,true,8700,126,34084,,7470
slow_800ms,lookup,legacy,77,false,500,4,520,,263
slow_800ms,lookup,next,77,true,8700,126,34084,,6854
slow_800ms,lookup,legacy,78,false,500,4,520,,16
slow_800ms,lookup,next,78,true,8700,132,35730,,7585
slow_800ms,lookup,legacy,79,false,500,4,520,,15
slow_800ms,lookup,next,79,true,7100,120,32438,,6771
slow_800ms,lookup,legacy,80,false,500,4,520,,20
slow_800ms,lookup,next,80,true,8700,132,35730,,7198
slow_800ms,lookup,legacy,81,false,500,4,520,,13
slow_800ms,lookup,next,81,true,8700,126,34084,,7417
slow_800ms,lookup,legacy,82,false,500,4,520,,15
slow_800ms,lookup,next,82,true,8700,126,34084,,7242
slow_800ms,lookup,legacy,83,false,500,4,520,,14
slow_800ms,lookup,next,83,true,8700,126,34084,,7179
slow_800ms,lookup,legacy,84,false,500,4,520,,16
slow_800ms,lookup,next,84,true,8700,126,34084,,7153
slow_800ms,lookup,legacy,85,false,500,4,520,,14
slow_800ms,lookup,next,85,true,8700,132,35730,,7876
slow_800ms,lookup,legacy,86,false,500,4,520,,16
slow_800ms,lookup,next,86,true,8700,132,35730,,7264
slow_800ms,lookup,legacy,87,false,500,4,520,,16
slow_800ms,lookup,next,87,true,8700,126,34084,,7891
slow_800ms,lookup,legacy,88,false,500,4,520,,17
slow_800ms,lookup,next,88,true,8700,132,35730,,7924
slow_800ms,lookup,legacy,89,false,500,4,520,,16
slow_800ms,lookup,next,89,true,8700,126,34084,,7139
slow_800ms,lookup,legacy,90,false,500,4,520,,16
slow_800ms,lookup,next,90,true,8700,132,35730,,7496
slow_800ms,lookup,legacy,91,false,500,4,520,,18
slow_800ms,lookup,next,91,true,8700,126,34084,,7429
slow_800ms,lookup,legacy,92,false,500,4,520,,17
slow_800ms,lookup,next,92,true,8700,126,34084,,7479
slow_800ms,lookup,legacy,93,false,500,4,520,,16
slow_800ms,lookup,next,93,true,8700,132,35730,,7817
slow_800ms,lookup,legacy,94,false,500,4,520,,18
slow_800ms,lookup,next,94,true,8700,126,34084,,12228
slow_800ms,lookup,legacy,95,false,500,4,520,,16
slow_800ms,lookup,next,95,true,8700,126,34084,,7226
slow_800ms,lookup,legacy,96,false,500,4,520,,16
slow_800ms,lookup,next,96,true,8700,132,35730,,7507
slow_800ms,lookup,legacy,97,false,500,4,520,,19
slow_800ms,lookup,next,97,true,8700,126,34084,,7504
slow_800ms,lookup,legacy,98,false,500,4,520,,12
slow_800ms,lookup,next,98,true,8700,126,34084,,7618
slow_800ms,lookup,legacy,99,false,500,4,520,,15
slow_800ms,lookup,next,99,true,8700,126,34084,,7442
slow_800ms,signaling,legacy,0,false,500,2,143,500,3
slow_800ms,signaling,next,0,true,4000,26,7140,800,673
slow_800ms,signaling,legacy,1,false,500,2,143,500,3
slow_800ms,signaling,next,1,true,4000,26,7140,800,652
slow_800ms,signaling,legacy,2,false,500,2,143,500,2
slow_800ms,signaling,next,2,true,4000,26,7140,800,652
slow_800ms,signaling,legacy,3,false,500,2,143,500,2
slow_800ms,signaling,next,3,true,4000,26,7140,800,658
slow_800ms,signaling,legacy,4,false,500,2,143,500,2
slow_800ms,signaling,next,4,true,4000,26,7140,800,651
slow_800ms,signaling,legacy,5,false,500,2,143,500,2
slow_800ms,signaling,next,5,true,4000,26,7140,800,654
slow_800ms,signaling,legacy,6,false,500,2,143,500,2
slow_800ms,signaling,next,6,true,4000,26,7140,800,653
slow_800ms,signaling,legacy,7,false,500,2,143,500,2
slow_800ms,signaling,next,7,true,4000,26,7140,800,659
slow_800ms,signaling,legacy,8,false,500,2,143,500,2
slow_800ms,signaling,next,8,true,4000,26,7140,800,658
slow_800ms,signaling,legacy,9,false,500,2,143,500,2
slow_800ms,signaling,next,9,true,4000,26,7140,800,654
slow_800ms,signaling,legacy,10,false,500,2,143,500,2
slow_800ms,signaling,next,10,true,4000,26,7140,800,655
slow_800ms,signaling,legacy,11,false,500,2,143,500,2
slow_800ms,signaling,next,11,true,4000,26,7140,800,659
slow_800ms,signaling,legacy,12,false,500,2,143,500,2
slow_800ms,signaling,next,12,true,4000,26,7140,800,664
slow_800ms,signaling,legacy,13,false,500,2,143,500,2
slow_800ms,signaling,next,13,true,4000,26,7140,800,659
slow_800ms,signaling,legacy,14,false,500,2,143,500,2
slow_800ms,signaling,next,14,true,4000,26,7140,800,673
slow_800ms,signaling,legacy,15,false,500,2,143,500,2
slow_800ms,signaling,next,15,true,4000,26,7140,800,662
slow_800ms,signaling,legacy,16,false,500,2,143,500,2
slow_800ms,signaling,next,16,true,4000,26,7140,800,682
slow_800ms,signaling,legacy,17,false,500,2,143,500,2
slow_800ms,signaling,next,17,true,4000,26,7140,800,677
slow_800ms,signaling,legacy,18,false,500,2,143,500,3
slow_800ms,signaling,next,18,true,4000,26,7140,800,669
slow_800ms,signaling,legacy,19,false,500,2,143,500,3
slow_800ms,signaling,next,19,true,4000,26,7140,800,592
slow_800ms,signaling,legacy,20,false,500,2,143,500,2
slow_800ms,signaling,next,20,true,4000,26,7140,800,625
slow_800ms,signaling,legacy,21,false,500,2,143,500,2
slow_800ms,signaling,next,21,true,4000,26,7140,800,634
slow_800ms,signaling,legacy,22,false,500,2,143,500,2
slow_800ms,signaling,next,22,true,4000,26,7140,800,637
slow_800ms,signaling,legacy,23,false,500,2,143,500,2
slow_800ms,signaling,next,23,true,4000,26,7140,800,635
slow_800ms,signaling,legacy,24,false,500,2,143,500,2
slow_800ms,signaling,next,24,true,4000,26,7140,800,675
slow_800ms,signaling,legacy,25,false,500,2,143,500,3
slow_800ms,signaling,next,25,true,4000,26,7140,800,692
slow_800ms,signaling,legacy,26,false,500,2,143,500,3
slow_800ms,signaling,next,26,true,4000,26,7140,800,699
slow_800ms,signaling,legacy,27,false,500,2,143,500,3
slow_800ms,signaling,next,27,true,4000,26,7140,800,668
slow_800ms,signaling,legacy,28,false,500,2,143,500,2
slow_800ms,signaling,next,28,true,4000,26,7140,800,632
slow_800ms,signaling,legacy,29,false,500,2,143,500,2
slow_800ms,signaling,next,29,true,4000,26,7140,800,642
slow_800ms,signaling,legacy,30,false,500,2,143,500,2
slow_800ms,signaling,next,30,true,4000,26,7140,800,646
slow_800ms,signaling,legacy,31,false,500,2,143,500,2
slow_800ms,signaling,next,31,true,4000,26,7140,800,666
slow_800ms,signaling,legacy,32,false,500,2,143,500,2
slow_800ms,signaling,next,32,true,4000,26,7140,800,699
slow_800ms,signaling,legacy,33,false,500,2,143,500,3
slow_800ms,signaling,next,33,true,4000,26,7140,800,681
slow_800ms,signaling,legacy,34,false,500,2,143,500,2
slow_800ms,signaling,next,34,true,4000,26,7140,800,673
slow_800ms,signaling,legacy,35,false,500,2,143,500,2
slow_800ms,signaling,next,35,true,4000,26,7140,800,632
slow_800ms,signaling,legacy,36,false,500,2,143,500,2
slow_800ms,signaling,next,36,true,4000,26,7140,800,638
slow_800ms,signaling,legacy,37,false,500,2,143,500,2
slow_800ms,signaling,next,37,true,4000,26,7140,800,649
slow_800ms,signaling,legacy,38,false,500,2,143,500,2
slow_800ms,signaling,next,38,true,4000,26,7140,800,649
slow_800ms,signaling,legacy,39,false,500,2,143,500,2
slow_800ms,signaling,next,39,true,4000,26,7140,800,654
slow_800ms,signaling,legacy,40,false,500,2,143,500,2
slow_800ms,signaling,next,40,true,4000,26,7140,800,651
slow_800ms,signaling,legacy,41,false,500,2,143,500,2
slow_800ms,signaling,next,41,true,4000,26,7140,800,666
slow_800ms,signaling,legacy,42,false,500,2,143,500,2
slow_800ms,signaling,next,42,true,4000,26,7140,800,665
slow_800ms,signaling,legacy,43,false,500,2,143,500,2
slow_800ms,signaling,next,43,true,4000,26,7140,800,665
slow_800ms,signaling,legacy,44,false,500,2,143,500,2
slow_800ms,signaling,next,44,true,4000,26,7140,800,686
slow_800ms,signaling,legacy,45,false,500,2,143,500,2
slow_800ms,signaling,next,45,true,4000,26,7140,800,664
slow_800ms,signaling,legacy,46,false,500,2,143,500,2
slow_800ms,signaling,next,46,true,4000,26,7140,800,665
slow_800ms,signaling,legacy,47,false,500,2,143,500,2
slow_800ms,signaling,next,47,true,4000,26,7140,800,698
slow_800ms,signaling,legacy,48,false,500,2,143,500,3
slow_800ms,signaling,next,48,true,4000,26,7140,800,685
slow_800ms,signaling,legacy,49,false,500,2,143,500,3
slow_800ms,signaling,next,49,true,4000,26,7140,800,704
slow_800ms,signaling,legacy,50,false,500,2,143,500,3
slow_800ms,signaling,next,50,true,4000,26,7140,800,669
slow_800ms,signaling,legacy,51,false,500,2,143,500,2
slow_800ms,signaling,next,51,true,4000,26,7140,800,667
slow_800ms,signaling,legacy,52,false,500,2,143,500,2
slow_800ms,signaling,next,52,true,4000,26,7140,800,667
slow_800ms,signaling,legacy,53,false,500,2,143,500,2
slow_800ms,signaling,next,53,true,4000,26,7140,800,665
slow_800ms,signaling,legacy,54,false,500,2,143,500,2
slow_800ms,signaling,next,54,true,4000,26,7140,800,665
slow_800ms,signaling,legacy,55,false,500,2,143,500,2
slow_800ms,signaling,next,55,true,4000,26,7140,800,680
slow_800ms,signaling,legacy,56,false,500,2,143,500,3
slow_800ms,signaling,next,56,true,4000,26,7140,800,685
slow_800ms,signaling,legacy,57,false,500,2,143,500,2
slow_800ms,signaling,next,57,true,4000,26,7140,800,680
slow_800ms,signaling,legacy,58,false,500,2,143,500,2
slow_800ms,signaling,next,58,true,4000,26,7140,800,653
slow_800ms,signaling,legacy,59,false,500,2,143,500,2
slow_800ms,signaling,next,59,true,4000,26,7140,800,642
slow_800ms,signaling,legacy,60,false,500,2,143,500,2
slow_800ms,signaling,next,60,true,4000,26,7140,800,640
slow_800ms,signaling,legacy,61,false,500,2,143,500,2
slow_800ms,signaling,next,61,true,4000,26,7140,800,656
slow_800ms,signaling,legacy,62,false,500,2,143,500,2
slow_800ms,signaling,next,62,true,4000,26,7140,800,681
slow_800ms,signaling,legacy,63,false,500,2,143,500,2
slow_800ms,signaling,next,63,true,4000,26,7140,800,678
slow_800ms,signaling,legacy,64,false,500,2,143,500,3
slow_800ms,signaling,next,64,true,4000,26,7140,800,683
slow_800ms,signaling,legacy,65,false,500,2,143,500,2
slow_800ms,signaling,next,65,true,4000,26,7140,800,688
slow_800ms,signaling,legacy,66,false,500,2,143,500,2
slow_800ms,signaling,next,66,true,4000,26,7140,800,687
slow_800ms,signaling,legacy,67,false,500,2,143,500,2
slow_800ms,signaling,next,67,true,4000,26,7140,800,672
slow_800ms,signaling,legacy,68,false,500,2,143,500,2
slow_800ms,signaling,next,68,true,4000,26,7140,800,671
slow_800ms,signaling,legacy,69,false,500,2,143,500,2
slow_800ms,signaling,next,69,true,4000,26,7140,800,686
slow_800ms,signaling,legacy,70,false,500,2,143,500,2
slow_800ms,signaling,next,70,true,4000,26,7140,800,680
slow_800ms,signaling,legacy,71,false,500,2,143,500,2
slow_800ms,signaling,next,71,true,4000,26,7140,800,665
slow_800ms,signaling,legacy,72,false,500,2,143,500,2
slow_800ms,signaling,next,72,true,4000,26,7140,800,668
slow_800ms,signaling,legacy,73,false,500,2,143,500,2
slow_800ms,signaling,next,73,true,4000,26,7140,800,683
slow_800ms,signaling,legacy,74,false,500,2,143,500,2
slow_800ms,signaling,next,74,true,4000,26,7140,800,674
slow_800ms,signaling,legacy,75,false,500,2,143,500,2
slow_800ms,signaling,next,75,true,4000,26,7140,800,680
slow_800ms,signaling,legacy,76,false,500,2,143,500,2
slow_800ms,signaling,next,76,true,4000,26,7140,800,675
slow_800ms,signaling,legacy,77,false,500,2,143,500,2
slow_800ms,signaling,next,77,true,4000,26,7140,800,689
slow_800ms,signaling,legacy,78,false,500,2,143,500,2
slow_800ms,signaling,next,78,true,4000,26,7140,800,690
slow_800ms,signaling,legacy,79,false,500,2,143,500,2
slow_800ms,signaling,next,79,true,4000,26,7140,800,662
slow_800ms,signaling,legacy,80,false,500,2,143,500,2
slow_800ms,signaling,next,80,true,4000,26,7140,800,668
slow_800ms,signaling,legacy,81,false,500,2,143,500,2
slow_800ms,signaling,next,81,true,4000,26,7140,800,679
slow_800ms,signaling,legacy,82,false,500,2,143,500,2
slow_800ms,signaling,next,82,true,4000,26,7140,800,681
slow_800ms,signaling,legacy,83,false,500,2,143,500,2
slow_800ms,signaling,next,83,true,4000,26,7140,800,670
slow_800ms,signaling,legacy,84,false,500,2,143,500,2
slow_800ms,signaling,next,84,true,4000,26,7140,800,669
slow_800ms,signaling,legacy,85,false,500,2,143,500,2
slow_800ms,signaling,next,85,true,4000,26,7140,800,671
slow_800ms,signaling,legacy,86,false,500,2,143,500,2
slow_800ms,signaling,next,86,true,4000,26,7140,800,690
slow_800ms,signaling,legacy,87,false,500,2,143,500,2
slow_800ms,signaling,next,87,true,4000,26,7140,800,664
slow_800ms,signaling,legacy,88,false,500,2,143,500,2
slow_800ms,signaling,next,88,true,4000,26,7140,800,677
slow_800ms,signaling,legacy,89,false,500,2,143,500,2
slow_800ms,signaling,next,89,true,4000,26,7140,800,673
slow_800ms,signaling,legacy,90,false,500,2,143,500,3
slow_800ms,signaling,next,90,true,4000,26,7140,800,658
slow_800ms,signaling,legacy,91,false,500,2,143,500,2
slow_800ms,signaling,next,91,true,4000,26,7140,800,655
slow_800ms,signaling,legacy,92,false,500,2,143,500,2
slow_800ms,signaling,next,92,true,4000,26,7140,800,659
slow_800ms,signaling,legacy,93,false,500,2,143,500,2
slow_800ms,signaling,next,93,true,4000,26,7140,800,658
slow_800ms,signaling,legacy,94,false,500,2,143,500,2
slow_800ms,signaling,next,94,true,4000,26,7140,800,636
slow_800ms,signaling,legacy,95,false,500,2,143,500,2
slow_800ms,signaling,next,95,true,4000,26,7140,800,673
slow_800ms,signaling,legacy,96,false,500,2,143,500,2
slow_800ms,signaling,next,96,true,4000,26,7140,800,690
slow_800ms,signaling,legacy,97,false,500,2,143,500,3
slow_800ms,signaling,next,97,true,4000,26,7140,800,691
slow_800ms,signaling,legacy,98,false,500,2,143,500,2
slow_800ms,signaling,next,98,true,4000,26,7140,800,670
slow_800ms,signaling,legacy,99,false,500,2,143,500,2
slow_800ms,signaling,next,99,true,4000,26,7140,800,666
loss_10pct,lookup,legacy,0,true,1160,40,5074,,62
loss_10pct,lookup,next,0,true,2340,94,26974,,4727
loss_10pct,lookup,legacy,1,true,780,40,5074,,52
loss_10pct,lookup,next,1,true,4600,94,26910,,5586
loss_10pct,lookup,legacy,2,false,740,39,5007,,52
loss_10pct,lookup,next,2,true,1260,84,24240,,4126
loss_10pct,lookup,legacy,3,false,500,3,327,,14
loss_10pct,lookup,next,3,true,4060,93,26318,,5263
loss_10pct,lookup,legacy,4,true,780,39,5007,,49
loss_10pct,lookup,next,4,true,1020,84,24188,,3923
loss_10pct,lookup,legacy,5,true,1240,39,4881,,62
loss_10pct,lookup,next,5,true,1700,93,26375,,4558
loss_10pct,lookup,legacy,6,true,1240,38,4814,,62
loss_10pct,lookup,next,6,true,2000,90,25602,,4314
loss_10pct,lookup,legacy,7,true,780,38,4814,,50
loss_10pct,lookup,next,7,true,1260,84,24098,,4239
loss_10pct,lookup,legacy,8,true,860,40,5074,,55
loss_10pct,lookup,next,8,true,2200,88,25200,,4573
loss_10pct,lookup,legacy,9,false,1360,39,5007,,62
loss_10pct,lookup,next,9,true,3620,97,27482,,5083
loss_10pct,lookup,legacy,10,true,1200,37,4621,,68
loss_10pct,lookup,next,10,true,1460,92,26648,,3955
loss_10pct,lookup,legacy,11,false,780,40,5200,,45
loss_10pct,lookup,next,11,true,2500,94,27258,,4666
loss_10pct,lookup,legacy,12,true,1620,37,4495,,82
loss_10pct,lookup,next,12,true,2680,92,26231,,4639
loss_10pct,lookup,legacy,13,false,1160,40,5074,,57
loss_10pct,lookup,next,13,true,1780,91,25810,,4593
loss_10pct,lookup,legacy,14,true,780,41,5267,,55
loss_10pct,lookup,next,14,true,2360,91,25952,,4804
loss_10pct,lookup,legacy,15,true,780,40,5074,,50
loss_10pct,lookup,next,15,true,3860,92,26430,,5145
loss_10pct,lookup,legacy,16,true,1080,41,5267,,58
loss_10pct,lookup,next,16,true,4040,96,27184,,5124
loss_10pct,lookup,legacy,17,true,1200,37,4621,,60
loss_10pct,lookup,next,17,true,1780,88,25328,,4175
loss_10pct,lookup,legacy,18,true,780,42,5460,,51
loss_10pct,lookup,next,18,true,1180,90,25680,,4245
loss_10pct,lookup,legacy,19,true,740,38,4814,,49
loss_10pct,lookup,next,19,true,2020,96,28072,,4451
loss_10pct,lookup,legacy,20,true,780,39,5007,,52
loss_10pct,lookup,next,20,true,2200,85,24512,,4515
loss_10pct,lookup,legacy,21,true,700,39,5007,,46
loss_10pct,lookup,next,21,true,1180,83,23705,,4190
loss_10pct,lookup,legacy,22,true,740,42,5460,,53
loss_10pct,lookup,next,22,true,1860,91,26158,,4577
loss_10pct,lookup,legacy,23,true,620,42,5460,,50
loss_10pct,lookup,next,23,true,4020,94,27116,,5377
loss_10pct,lookup,legacy,24,true,1200,39,5007,,67
loss_10pct,lookup,next,24,true,4520,87,24786,,5172
loss_10pct,lookup,legacy,25,true,940,39,5007,,59
loss_10pct,lookup,next,25,true,2280,82,23348,,4528
loss_10pct,lookup,legacy,26,false,1620,38,4814,,66
loss_10pct,lookup,next,26,true,5020,97,27051,,5480
loss_10pct,lookup,legacy,27,true,540,40,5200,,42
loss_10pct,lookup,next,27,true,920,85,24654,,4168
loss_10pct,lookup,legacy,28,true,1660,45,5787,,73
loss_10pct,lookup,next,28,true,2440,96,27056,,4875
loss_10pct,lookup,legacy,29,true,1040,39,4881,,54
loss_10pct,lookup,next,29,true,1280,89,25678,,4352
loss_10pct,lookup,legacy,30,true,820,40,5074,,50
loss_10pct,lookup,next,30,true,2420,93,26908,,4876
loss_10pct,lookup,legacy,31,true,1480,40,5074,,72
loss_10pct,lookup,next,31,true,3780,101,29176,,5458
loss_10pct,lookup,legacy,32,true,1120,40,5074,,59
loss_10pct,lookup,next,32,true,1780,89,25472,,4624
loss_10pct,lookup,legacy,33,true,1160,41,5141,,70
loss_10pct,lookup,next,33,true,1900,93,27114,,4452
loss_10pct,lookup,legacy,34,false,580,40,5200,,58
loss_10pct,lookup,next,34,true,700,78,22324,,3916
loss_10pct,lookup,legacy,35,false,1320,36,4428,,55
loss_10pct,lookup,next,35,true,3260,96,27660,,4922
loss_10pct,lookup,legacy,36,true,620,39,5007,,45
loss_10pct,lookup,next,36,true,860,79,22596,,4073
loss_10pct,lookup,legacy,37,false,860,40,5200,,55
loss_10pct,lookup,next,37,true,1180,89,25562,,4237
loss_10pct,lookup,legacy,38,true,1700,38,4688,,67
loss_10pct,lookup,next,38,true,5100,107,30950,,5799
loss_10pct,lookup,legacy,39,true,280,40,5200,,42
loss_10pct,lookup,next,39,true,1200,86,25132,,4178
loss_10pct,lookup,legacy,40,true,740,41,5267,,56
loss_10pct,lookup,next,40,true,2160,90,25950,,4606
loss_10pct,lookup,legacy,41,true,940,42,5334,,53
loss_10pct,lookup,next,41,true,1440,91,26364,,4418
loss_10pct,lookup,legacy,42,true,980,39,5007,,53
loss_10pct,lookup,next,42,true,2000,91,25964,,4529
loss_10pct,lookup,legacy,43,true,1160,38,4814,,55
loss_10pct,lookup,next,43,true,4320,99,28618,,5241
loss_10pct,lookup,legacy,44,true,900,42,5460,,54
loss_10pct,lookup,next,44,true,4320,97,27250,,5381
loss_10pct,lookup,legacy,45,true,1620,39,4881,,67
loss_10pct,lookup,next,45,true,4600,109,30888,,5674
loss_10pct,lookup,legacy,46,true,740,40,5200,,47
loss_10pct,lookup,next,46,true,1100,83,23826,,4241
loss_10pct,lookup,legacy,47,true,820,38,4814,,57
loss_10pct,lookup,next,47,true,1760,88,25349,,4559
loss_10pct,lookup,legacy,48,true,740,40,5200,,50
loss_10pct,lookup,next,48,true,2180,93,26354,,4860
loss_10pct,lookup,legacy,49,true,1160,39,5007,,59
loss_10pct,lookup,next,49,true,2180,99,28348,,4886
loss_10pct,lookup,legacy,50,true,1200,38,4814,,60
loss_10pct,lookup,next,50,true,2100,86,24372,,4484
loss_10pct,lookup,legacy,51,true,1060,39,5007,,63
loss_10pct,lookup,next,51,true,1780,88,25212,,4330
loss_10pct,lookup,legacy,52,false,500,3,327,,15
loss_10pct,lookup,next,52,true,2220,96,27492,,4581
loss_10pct,lookup,legacy,53,true,1120,41,5267,,58
loss_10pct,lookup,next,53,true,1280,92,26366,,4605
loss_10pct,lookup,legacy,54,true,1200,38,4814,,60
loss_10pct,lookup,next,54,true,1600,87,24992,,4289
loss_10pct,lookup,legacy,55,true,1200,40,5074,,61
loss_10pct,lookup,next,55,true,1100,88,25079,,4399
loss_10pct,lookup,legacy,56,true,780,41,5267,,51
loss_10pct,lookup,next,56,true,2260,95,27388,,4861
loss_10pct,lookup,legacy,57,false,1200,39,4881,,78
loss_10pct,lookup,next,57,true,3700,90,25692,,4978
loss_10pct,lookup,legacy,58,true,1660,42,5334,,67
loss_10pct,lookup,next,58,true,2260,102,28837,,4950
loss_10pct,lookup,legacy,59,true,1280,39,4881,,58
loss_10pct,lookup,next,59,true,4780,93,26444,,5385
loss_10pct,lookup,legacy,60,true,820,38,4814,,49
loss_10pct,lookup,next,60,true,1520,90,26220,,4257
loss_10pct,lookup,legacy,61,true,1160,41,5267,,59
loss_10pct,lookup,next,61,true,1700,88,25058,,4279
loss_10pct,lookup,legacy,62,true,1660,34,4042,,66
loss_10pct,lookup,next,62,true,2760,88,24923,,4560
loss_10pct,lookup,legacy,63,true,1660,40,5074,,63
loss_10pct,lookup,next,63,true,2760,96,27063,,4943
loss_10pct,lookup,legacy,64,true,1240,40,4948,,58
loss_10pct,lookup,next,64,true,2760,103,29791,,5297
loss_10pct,lookup,legacy,65,true,780,40,5074,,51
loss_10pct,lookup,next,65,true,1700,94,27038,,4549
loss_10pct,lookup,legacy,66,false,1160,40,5074,,56
loss_10pct,lookup,next,66,true,2440,102,29048,,5102
loss_10pct,lookup,legacy,67,true,1540,41,5015,,63
loss_10pct,lookup,next,67,true,5380,115,32856,,6111
loss_10pct,lookup,legacy,68,false,1740,39,4755,,66
loss_10pct,lookup,next,68,true,4440,112,32057,,5703
loss_10pct,lookup,legacy,69,false,500,2,134,,12
loss_10pct,lookup,next,69,true,1660,94,27208,,4449
loss_10pct,lookup,legacy,70,true,1200,38,4814,,61
loss_10pct,lookup,next,70,true,1760,88,25122,,4324
loss_10pct,lookup,legacy,71,true,620,40,5200,,51
loss_10pct,lookup,next,71,true,1020,86,24720,,4077
loss_10pct,lookup,legacy,72,true,1040,43,5527,,54
loss_10pct,lookup,next,72,true,2360,104,29670,,5038
loss_10pct,lookup,legacy,73,true,1120,38,4814,,52
loss_10pct,lookup,next,73,true,2180,90,25744,,4450
loss_10pct,lookup,legacy,74,true,820,39,5007,,49
loss_10pct,lookup,next,74,true,1280,86,24720,,4268
loss_10pct,lookup,legacy,75,false,1120,39,5007,,60
loss_10pct,lookup,next,75,true,2280,85,24242,,4443
loss_10pct,lookup,legacy,76,false,1240,37,4621,,58
loss_10pct,lookup,next,76,true,1940,89,25415,,4389
loss_10pct,lookup,legacy,77,true,1320,39,4881,,60
loss_10pct,lookup,next,77,true,2840,97,27868,,4892
loss_10pct,lookup,legacy,78,false,1240,36,4428,,58
loss_10pct,lookup,next,78,true,2520,89,25330,,4707
loss_10pct,lookup,legacy,79,true,1080,38,4814,,57
loss_10pct,lookup,next,79,true,7620,97,27662,,6147
loss_10pct,lookup,legacy,80,true,1160,40,5074,,58
loss_10pct,lookup,next,80,true,4180,98,27955,,5273
loss_10pct,lookup,legacy,81,true,1280,41,5267,,58
loss_10pct,lookup,next,81,true,2280,102,28778,,4791
loss_10pct,lookup,legacy,82,true,1200,37,4621,,55
loss_10pct,lookup,next,82,true,2520,91,25895,,4636
loss_10pct,lookup,legacy,83,true,860,37,4621,,52
loss_10pct,lookup,next,83,true,1660,107,30808,,5185
loss_10pct,lookup,legacy,84,false,500,3,327,,14
loss_10pct,lookup,next,84,true,1900,91,25706,,4288
loss_10pct,lookup,legacy,85,false,1080,38,4814,,57
loss_10pct,lookup,next,85,true,2200,88,25264,,4506
loss_10pct,lookup,legacy,86,true,820,39,5007,,48
loss_10pct,lookup,next,86,true,2360,92,26842,,4681
loss_10pct,lookup,legacy,87,true,1280,40,5074,,62
loss_10pct,lookup,next,87,true,1680,86,24308,,4410
loss_10pct,lookup,legacy,88,true,1000,40,5074,,59
loss_10pct,lookup,next,88,true,4040,100,28568,,5367
loss_10pct,lookup,legacy,89,true,700,40,5074,,52
loss_10pct,lookup,next,89,true,1940,88,25328,,4655
loss_10pct,lookup,legacy,90,true,900,39,5007,,53
loss_10pct,lookup,next,90,true,2420,94,27038,,4742
loss_10pct,lookup,legacy,91,true,780,40,5074,,54
loss_10pct,lookup,next,91,true,1500,91,26286,,4509
loss_10pct,lookup,legacy,92,true,700,40,5200,,51
loss_10pct,lookup,next,92,true,1940,83,23762,,4378
loss_10pct,lookup,legacy,93,true,1040,40,5074,,54
loss_10pct,lookup,next,93,true,2040,94,27116,,4622
loss_10pct,lookup,legacy,94,true,660,40,5200,,48
loss_10pct,lookup,next,94,true,860,78,22324,,4033
loss_10pct,lookup,legacy,95,false,1200,38,4688,,69
loss_10pct,lookup,next,95,true,1840,94,27265,,4547
loss_10pct,lookup,legacy,96,true,1000,39,5007,,62
loss_10pct,lookup,next,96,true,2260,86,24462,,4445
loss_10pct,lookup,legacy,97,false,740,37,4621,,48
loss_10pct,lookup,next,97,true,1380,91,26492,,4304
loss_10pct,lookup,legacy,98,true,1120,40,5074,,57
loss_10pct,lookup,next,98,true,1200,85,24112,,4159
loss_10pct,lookup,legacy,99,false,1400,37,4621,,59
loss_10pct,lookup,next,99,true,2200,88,25058,,4405
loss_10pct,signaling,legacy,0,true,120,6,607,40,5
loss_10pct,signaling,next,0,true,200,14,3874,40,470
loss_10pct,signaling,legacy,1,true,120,6,607,40,3
loss_10pct,signaling,next,1,true,200,14,3874,40,477
loss_10pct,signaling,legacy,2,true,120,6,607,40,3
loss_10pct,signaling,next,2,true,1700,16,4870,40,565
loss_10pct,signaling,legacy,3,false,500,2,143,500,3
loss_10pct,signaling,next,3,true,400,16,4353,240,491
loss_10pct,signaling,legacy,4,false,500,2,143,500,2
loss_10pct,signaling,next,4,true,1800,21,6010,640,541
loss_10pct,signaling,legacy,5,true,120,6,607,40,3
loss_10pct,signaling,next,5,true,200,14,3874,40,482
loss_10pct,signaling,legacy,6,false,10000,5,491,40,31
loss_10pct,signaling,next,6,true,1900,18,5399,40,556
loss_10pct,signaling,legacy,7,true,120,6,607,40,2
loss_10pct,signaling,next,7,true,200,14,3874,40,465
loss_10pct,signaling,legacy,8,false,10000,4,375,40,29
loss_10pct,signaling,next,8,true,4200,23,7473,40,739
loss_10pct,signaling,legacy,9,false,500,2,143,500,2
loss_10pct,signaling,next,9,true,900,17,4706,240,472
loss_10pct,signaling,legacy,10,false,500,2,143,500,2
loss_10pct,signaling,next,10,true,4300,22,6511,640,750
loss_10pct,signaling,legacy,11,false,10000,4,375,40,29
loss_10pct,signaling,next,11,true,1700,19,5757,40,640
loss_10pct,signaling,legacy,12,false,500,1,67,500,2
loss_10pct,signaling,next,12,true,1300,18,5146,240,494
loss_10pct,signaling,legacy,13,true,120,6,607,40,2
loss_10pct,signaling,next,13,true,200,14,3874,40,451
loss_10pct,signaling,legacy,14,false,10000,5,491,40,29
loss_10pct,signaling,next,14,true,2200,19,5639,40,609
loss_10pct,signaling,legacy,15,false,10000,6,607,40,31
loss_10pct,signaling,next,15,true,200,14,3874,40,460
loss_10pct,signaling,legacy,16,true,120,6,607,40,2
loss_10pct,signaling,next,16,true,400,15,4227,40,462
loss_10pct,signaling,legacy,17,true,120,6,607,40,2
loss_10pct,signaling,next,17,true,200,14,3874,40,454
loss_10pct,signaling,legacy,18,true,120,6,607,40,3
loss_10pct,signaling,next,18,true,200,14,3874,40,465
loss_10pct,signaling,legacy,19,false,10000,3,259,40,30
loss_10pct,signaling,next,19,true,400,15,4434,40,464
loss_10pct,signaling,legacy,20,false,10000,6,607,40,30
loss_10pct,signaling,next,20,true,200,14,3874,40,460
loss_10pct,signaling,legacy,21,true,120,6,607,40,2
loss_10pct,signaling,next,21,true,400,15,4227,40,451
loss_10pct,signaling,legacy,22,true,120,6,607,40,2
loss_10pct,signaling,next,22,true,700,16,4435,40,475
loss_10pct,signaling,legacy,23,true,120,6,607,40,2
loss_10pct,signaling,next,23,true,200,14,3874,40,461
loss_10pct,signaling,legacy,24,true,120,6,607,40,2
loss_10pct,signaling,next,24,true,200,14,3874,40,455
loss_10pct,signaling,legacy,25,true,120,6,607,40,2
loss_10pct,signaling,next,25,true,200,14,3874,40,458
loss_10pct,signaling,legacy,26,false,10000,3,259,40,29
loss_10pct,signaling,next,26,true,400,15,4434,40,458
loss_10pct,signaling,legacy,27,true,120,6,607,40,2
loss_10pct,signaling,next,27,true,200,14,3874,40,458
loss_10pct,signaling,legacy,28,true,120,6,607,40,2
loss_10pct,signaling,next,28,true,200,14,3874,40,461
loss_10pct,signaling,legacy,29,true,120,6,607,40,2
loss_10pct,signaling,next,29,true,200,14,3874,40,463
loss_10pct,signaling,legacy,30,false,10000,3,259,40,33
loss_10pct,signaling,next,30,true,600,16,4787,40,457
loss_10pct,signaling,legacy,31,true,120,6,607,40,5
loss_10pct,signaling,next,31,true,600,16,4580,40,453
loss_10pct,signaling,legacy,32,true,120,6,607,40,2
loss_10pct,signaling,next,32,true,700,16,4435,40,479
loss_10pct,signaling,legacy,33,false,10000,4,375,40,30
loss_10pct,signaling,next,33,true,1700,16,4870,40,620
loss_10pct,signaling,legacy,34,false,10000,6,607,40,30
loss_10pct,signaling,next,34,true,200,14,3874,40,458
loss_10pct,signaling,legacy,35,false,10000,4,375,40,30
loss_10pct,signaling,next,35,true,700,15,4227,40,466
loss_10pct,signaling,legacy,36,true,120,6,607,40,2
loss_10pct,signaling,next,36,true,400,15,4227,40,443
loss_10pct,signaling,legacy,37,true,120,6,607,40,3
loss_10pct,signaling,next,37,true,400,15,4227,40,440
loss_10pct,signaling,legacy,38,false,10000,3,259,40,30
loss_10pct,signaling,next,38,true,1900,18,5638,40,632
loss_10pct,signaling,legacy,39,true,120,6,607,40,3
loss_10pct,signaling,next,39,true,200,14,3874,40,468
loss_10pct,signaling,legacy,40,true,120,6,607,40,2
loss_10pct,signaling,next,40,true,900,20,5645,40,500
loss_10pct,signaling,legacy,41,false,10000,3,259,40,30
loss_10pct,signaling,next,41,true,900,16,4787,40,477
loss_10pct,signaling,legacy,42,true,120,6,607,40,2
loss_10pct,signaling,next,42,true,200,14,3874,40,461
loss_10pct,signaling,legacy,43,true,120,6,607,40,3
loss_10pct,signaling,next,43,true,400,15,4227,40,461
loss_10pct,signaling,legacy,44,false,10000,3,259,40,29
loss_10pct,signaling,next,44,true,400,15,4434,40,468
loss_10pct,signaling,legacy,45,false,500,1,67,500,2
loss_10pct,signaling,next,45,true,1300,19,5186,640,537
loss_10pct,signaling,legacy,46,true,120,6,607,40,2
loss_10pct,signaling,next,46,true,200,14,3874,40,463
loss_10pct,signaling,legacy,47,true,120,6,607,40,2
loss_10pct,signaling,next,47,true,400,15,4227,40,438
loss_10pct,signaling,legacy,48,true,120,6,607,40,2
loss_10pct,signaling,next,48,true,400,15,4227,40,464
loss_10pct,signaling,legacy,49,true,120,6,607,40,3
loss_10pct,signaling,next,49,true,700,16,4435,40,484
loss_10pct,signaling,legacy,50,false,10000,4,375,40,30
loss_10pct,signaling,next,50,true,1200,16,4580,40,493
loss_10pct,signaling,legacy,51,false,10000,5,491,40,31
loss_10pct,signaling,next,51,true,1700,20,5965,40,640
loss_10pct,signaling,legacy,52,false,500,1,67,500,2
loss_10pct,signaling,next,52,true,800,17,4625,640,514
loss_10pct,signaling,legacy,53,true,120,6,607,40,3
loss_10pct,signaling,next,53,true,600,16,4580,40,443
loss_10pct,signaling,legacy,54,false,10000,3,259,40,30
loss_10pct,signaling,next,54,true,400,15,4434,40,457
loss_10pct,signaling,legacy,55,true,120,6,607,40,2
loss_10pct,signaling,next,55,true,700,18,5173,40,489
loss_10pct,signaling,legacy,56,true,120,6,607,40,3
loss_10pct,signaling,next,56,true,200,14,3874,40,455
loss_10pct,signaling,legacy,57,true,120,6,607,40,2
loss_10pct,signaling,next,57,true,200,14,3874,40,456
loss_10pct,signaling,legacy,58,false,10000,3,259,40,29
loss_10pct,signaling,next,58,true,400,15,4434,40,459
loss_10pct,signaling,legacy,59,false,500,2,143,500,2
loss_10pct,signaling,next,59,true,2400,23,6797,240,667
loss_10pct,signaling,legacy,60,true,120,6,607,40,2
loss_10pct,signaling,next,60,true,700,15,4227,40,469
loss_10pct,signaling,legacy,61,true,120,6,607,40,2
loss_10pct,signaling,next,61,true,200,14,3874,40,460
loss_10pct,signaling,legacy,62,true,120,6,607,40,5
loss_10pct,signaling,next,62,true,200,14,3874,40,456
loss_10pct,signaling,legacy,63,false,500,1,67,500,2
loss_10pct,signaling,next,63,true,400,15,4025,240,463
loss_10pct,signaling,legacy,64,true,120,6,607,40,3
loss_10pct,signaling,next,64,true,200,14,3874,40,461
loss_10pct,signaling,legacy,65,true,120,6,607,40,2
loss_10pct,signaling,next,65,true,200,14,3874,40,469
loss_10pct,signaling,legacy,66,true,120,6,607,40,2
loss_10pct,signaling,next,66,true,400,15,4227,40,440
loss_10pct,signaling,legacy,67,false,10000,4,375,40,30
loss_10pct,signaling,next,67,true,700,15,4227,40,467
loss_10pct,signaling,legacy,68,false,500,2,143,500,2
loss_10pct,signaling,next,68,true,2100,20,5578,1440,563
loss_10pct,signaling,legacy,69,false,500,1,67,500,2
loss_10pct,signaling,next,69,true,600,18,4850,240,461
loss_10pct,signaling,legacy,70,true,120,6,607,40,2
loss_10pct,signaling,next,70,true,200,14,3874,40,455
loss_10pct,signaling,legacy,71,true,120,6,607,40,2
loss_10pct,signaling,next,71,true,400,15,4227,40,449
loss_10pct,signaling,legacy,72,true,120,6,607,40,2
loss_10pct,signaling,next,72,true,200,14,3874,40,455
loss_10pct,signaling,legacy,73,false,10000,3,259,40,29
loss_10pct,signaling,next,73,true,1600,17,5933,40,618
loss_10pct,signaling,legacy,74,false,10000,5,491,40,30
loss_10pct,signaling,next,74,true,1900,18,5431,40,603
loss_10pct,signaling,legacy,75,false,10000,6,607,40,30
loss_10pct,signaling,next,75,true,1700,21,7119,40,642
loss_10pct,signaling,legacy,76,false,500,1,67,500,2
loss_10pct,signaling,next,76,true,400,15,4025,240,463
loss_10pct,signaling,legacy,77,true,120,6,607,40,2
loss_10pct,signaling,next,77,true,400,15,4227,40,468
loss_10pct,signaling,legacy,78,false,10000,4,375,40,34
loss_10pct,signaling,next,78,true,900,18,5052,40,453
loss_10pct,signaling,legacy,79,true,120,6,607,40,2
loss_10pct,signaling,next,79,true,700,18,4907,40,492
loss_10pct,signaling,legacy,80,false,500,1,67,500,2
loss_10pct,signaling,next,80,true,600,16,4378,240,478
loss_10pct,signaling,legacy,81,false,500,2,143,500,2
loss_10pct,signaling,next,81,true,1200,19,5619,240,455
loss_10pct,signaling,legacy,82,false,10000,3,259,40,30
loss_10pct,signaling,next,82,true,1900,17,5398,40,565
loss_10pct,signaling,legacy,83,false,10000,4,375,40,32
loss_10pct,signaling,next,83,true,700,15,4227,40,497
loss_10pct,signaling,legacy,84,false,500,2,143,500,3
loss_10pct,signaling,next,84,true,1600,19,5225,1440,538
loss_10pct,signaling,legacy,85,false,10000,4,375,40,30
loss_10pct,signaling,next,85,true,700,15,4227,40,469
loss_10pct,signaling,legacy,86,true,120,6,607,40,3
loss_10pct,signaling,next,86,true,400,17,4699,40,447
loss_10pct,signaling,legacy,87,true,120,6,607,40,3
loss_10pct,signaling,next,87,true,200,14,3874,40,470
loss_10pct,signaling,legacy,88,true,120,6,607,40,3
loss_10pct,signaling,next,88,true,200,14,3874,40,462
loss_10pct,signaling,legacy,89,false,10000,3,259,40,29
loss_10pct,signaling,next,89,true,400,15,4434,40,466
loss_10pct,signaling,legacy,90,true,120,6,607,40,2
loss_10pct,signaling,next,90,true,200,14,3874,40,454
loss_10pct,signaling,legacy,91,false,10000,4,375,40,29
loss_10pct,signaling,next,91,true,4300,19,6308,40,809
loss_10pct,signaling,legacy,92,true,120,6,607,40,2
loss_10pct,signaling,next,92,true,200,14,3874,40,450
loss_10pct,signaling,legacy,93,true,120,6,607,40,2
loss_10pct,signaling,next,93,true,200,14,3874,40,460
loss_10pct,signaling,legacy,94,false,10000,5,491,40,30
loss_10pct,signaling,next,94,true,3900,20,6113,40,668
loss_10pct,signaling,legacy,95,false,500,1,67,500,2
loss_10pct,signaling,next,95,true,600,16,4378,240,487
loss_10pct,signaling,legacy,96,true,120,6,607,40,3
loss_10pct,signaling,next,96,true,700,15,4227,40,469
loss_10pct,signaling,legacy,97,true,120,6,607,40,3
loss_10pct,signaling,next,97,true,400,15,4227,40,462
loss_10pct,signaling,legacy,98,false,500,2,143,500,2
loss_10pct,signaling,next,98,true,1100,18,5059,240,480
loss_10pct,signaling,legacy,99,false,10000,4,375,40,29
loss_10pct,signaling,next,99,true,2200,18,5399,40,564
loss_30pct,lookup,legacy,0,true,1320,36,4428,,61
loss_30pct,lookup,next,0,true,5520,106,30252,,5831
loss_30pct,lookup,legacy,1,false,500,3,327,,14
loss_30pct,lookup,next,1,true,6640,134,37325,,6635
loss_30pct,lookup,legacy,2,false,1540,15,1761,,39
loss_30pct,lookup,next,2,true,7220,130,35946,,6741
loss_30pct,lookup,legacy,3,false,500,3,327,,13
loss_30pct,lookup,next,3,true,5780,128,37066,,6250
loss_30pct,lookup,legacy,4,false,1540,20,2348,,48
loss_30pct,lookup,next,4,true,12780,136,38887,,8184
loss_30pct,lookup,legacy,5,false,500,2,134,,13
loss_30pct,lookup,next,5,true,12000,142,40265,,8480
loss_30pct,lookup,legacy,6,true,2120,33,3849,,84
loss_30pct,lookup,next,6,true,8880,141,40226,,7319
loss_30pct,lookup,legacy,7,false,2120,34,4042,,68
loss_30pct,lookup,next,7,false,9680,135,37443,,7423
loss_30pct,lookup,legacy,8,false,500,3,327,,15
loss_30pct,lookup,next,8,false,10560,143,38615,,7122
loss_30pct,lookup,legacy,9,false,2240,41,5015,,81
loss_30pct,lookup,next,9,true,9300,145,41020,,7716
loss_30pct,lookup,legacy,10,true,1660,31,3715,,67
loss_30pct,lookup,next,10,true,9760,146,41631,,7656
loss_30pct,lookup,legacy,11,false,2120,40,4822,,75
loss_30pct,lookup,next,11,false,8980,134,37368,,7059
loss_30pct,lookup,legacy,12,false,500,3,327,,14
loss_30pct,lookup,next,12,true,11360,135,37524,,7801
loss_30pct,lookup,legacy,13,false,1620,28,3388,,56
loss_30pct,lookup,next,13,false,7780,130,36678,,6722
loss_30pct,lookup,legacy,14,false,1740,34,4042,,64
loss_30pct,lookup,next,14,true,4860,111,31342,,5724
loss_30pct,lookup,legacy,15,true,2240,43,5275,,84
loss_30pct,lookup,next,15,true,8100,142,39778,,7035
loss_30pct,lookup,legacy,16,true,1780,34,4042,,63
loss_30pct,lookup,next,16,true,9740,131,36606,,7157
loss_30pct,lookup,legacy,17,false,2160,36,4176,,79
loss_30pct,lookup,next,17,true,9120,134,37392,,6781
loss_30pct,lookup,legacy,18,false,1660,29,3455,,60
loss_30pct,lookup,next,18,true,8520,142,39851,,7292
loss_30pct,lookup,legacy,19,true,1240,38,4688,,58
loss_30pct,lookup,next,19,true,5940,129,37450,,6225
loss_30pct,lookup,legacy,20,true,1660,38,4814,,63
loss_30pct,lookup,next,20,true,5020,113,31505,,5751
loss_30pct,lookup,legacy,21,false,1040,11,1367,,33
loss_30pct,lookup,next,21,true,5280,126,35132,,6187
loss_30pct,lookup,legacy,22,false,1500,18,1962,,45
loss_30pct,lookup,next,22,false,9840,152,43061,,7694
loss_30pct,lookup,legacy,23,true,1780,44,5468,,73
loss_30pct,lookup,next,23,true,6840,127,35940,,6447
loss_30pct,lookup,legacy,24,false,500,2,134,,15
loss_30pct,lookup,next,24,true,10020,142,39730,,7204
loss_30pct,lookup,legacy,25,false,1620,28,3262,,59
loss_30pct,lookup,next,25,true,7380,131,37307,,6744
loss_30pct,lookup,legacy,26,false,1500,14,1568,,42
loss_30pct,lookup,next,26,true,10280,131,36391,,7129
loss_30pct,lookup,legacy,27,false,1580,20,2222,,51
loss_30pct,lookup,next,27,true,3780,112,32175,,5247
loss_30pct,lookup,legacy,28,false,1660,29,3581,,60
loss_30pct,lookup,next,28,true,5860,130,35960,,6139
loss_30pct,lookup,legacy,29,false,2120,37,4369,,80
loss_30pct,lookup,next,29,true,6680,125,36414,,6377
loss_30pct,lookup,legacy,30,true,2160,39,4755,,80
loss_30pct,lookup,next,30,true,8700,141,39956,,6662
loss_30pct,lookup,legacy,31,false,1040,8,788,,32
loss_30pct,lookup,next,31,true,9400,149,42098,,7487
loss_30pct,lookup,legacy,32,false,1500,18,2088,,55
loss_30pct,lookup,next,32,true,12020,139,39135,,7810
loss_30pct,lookup,legacy,33,false,2160,32,3656,,70
loss_30pct,lookup,next,33,true,8860,129,37438,,7027
loss_30pct,lookup,legacy,34,false,1040,8,788,,30
loss_30pct,lookup,next,34,false,8560,140,39082,,6896
loss_30pct,lookup,legacy,35,false,1580,25,3061,,50
loss_30pct,lookup,next,35,false,12400,140,40032,,8026
loss_30pct,lookup,legacy,36,true,2080,39,4755,,73
loss_30pct,lookup,next,36,true,6300,125,35744,,6176
loss_30pct,lookup,legacy,37,false,2200,39,4755,,73
loss_30pct,lookup,next,37,true,7780,132,37108,,6736
loss_30pct,lookup,legacy,38,true,2120,29,3455,,68
loss_30pct,lookup,next,38,true,11700,147,40430,,7793
loss_30pct,lookup,legacy,39,false,500,3,327,,16
loss_30pct,lookup,next,39,true,8640,143,39792,,7269
loss_30pct,lookup,legacy,40,false,500,3,327,,14
loss_30pct,lookup,next,40,true,8060,130,37665,,6716
loss_30pct,lookup,legacy,41,false,2080,31,3715,,68
loss_30pct,lookup,next,41,true,11060,140,39710,,7965
loss_30pct,lookup,legacy,42,false,2040,35,4235,,69
loss_30pct,lookup,next,42,true,9420,137,38958,,7372
loss_30pct,lookup,legacy,43,true,1700,31,3715,,58
loss_30pct,lookup,next,43,true,9780,141,39762,,6968
loss_30pct,lookup,legacy,44,true,1780,39,4755,,67
loss_30pct,lookup,next,44,true,6600,130,36824,,6579
loss_30pct,lookup,legacy,45,false,500,3,327,,13
loss_30pct,lookup,next,45,true,9440,155,43271,,7466
loss_30pct,lookup,legacy,46,true,1540,37,4621,,59
loss_30pct,lookup,next,46,true,6220,126,36068,,6225
loss_30pct,lookup,legacy,47,true,1660,37,4621,,59
loss_30pct,lookup,next,47,true,9520,133,37938,,7708
loss_30pct,lookup,legacy,48,true,1660,37,4621,,68
loss_30pct,lookup,next,48,true,14180,137,38378,,8620
loss_30pct,lookup,legacy,49,false,500,2,134,,11
loss_30pct,lookup,next,49,false,2000,11,2660,,568
loss_30pct,lookup,legacy,50,false,1620,29,3455,,61
loss_30pct,lookup,next,50,true,10140,145,41015,,7665
loss_30pct,lookup,legacy,51,false,500,2,134,,11
loss_30pct,lookup,next,51,true,7980,133,37396,,6875
loss_30pct,lookup,legacy,52,false,500,2,134,,12
loss_30pct,lookup,next,52,false,9260,149,41076,,7306
loss_30pct,lookup,legacy,53,false,2080,30,3522,,63
loss_30pct,lookup,next,53,false,8540,146,41754,,6872
loss_30pct,lookup,legacy,54,true,1700,39,4755,,63
loss_30pct,lookup,next,54,true,7020,124,35020,,6023
loss_30pct,lookup,legacy,55,true,1780,35,4109,,67
loss_30pct,lookup,next,55,true,5820,110,31361,,5925
loss_30pct,lookup,legacy,56,false,1860,37,4369,,68
loss_30pct,lookup,next,56,true,8040,125,35446,,6533
loss_30pct,lookup,legacy,57,false,1500,19,2155,,45
loss_30pct,lookup,next,57,true,7080,121,34784,,6337
loss_30pct,lookup,legacy,58,false,500,2,134,,13
loss_30pct,lookup,next,58,true,10480,141,38473,,7436
loss_30pct,lookup,legacy,59,false,500,3,327,,14
loss_30pct,lookup,next,59,true,7200,138,39329,,6806
loss_30pct,lookup,legacy,60,false,1040,8,788,,27
loss_30pct,lookup,next,60,false,10780,143,39761,,7823
loss_30pct,lookup,legacy,61,true,1040,9,981,,31
loss_30pct,lookup,next,61,true,7280,134,37730,,6807
loss_30pct,lookup,legacy,62,false,2000,21,2163,,58
loss_30pct,lookup,next,62,true,7700,125,34690,,6841
loss_30pct,lookup,legacy,63,true,2080,35,4235,,75
loss_30pct,lookup,next,63,true,7940,129,36782,,7157
loss_30pct,lookup,legacy,64,false,1700,34,4042,,77
loss_30pct,lookup,next,64,true,8720,139,39493,,6939
loss_30pct,lookup,legacy,65,false,2240,39,4629,,78
loss_30pct,lookup,next,65,true,7620,142,40396,,7089
loss_30pct,lookup,legacy,66,false,1780,39,4881,,73
loss_30pct,lookup,next,66,true,9440,131,36758,,7269
loss_30pct,lookup,legacy,67,false,1620,25,2809,,51
loss_30pct,lookup,next,67,false,9480,135,37488,,6892
loss_30pct,lookup,legacy,68,false,500,3,327,,13
loss_30pct,lookup,next,68,true,13020,159,44584,,8527
loss_30pct,lookup,legacy,69,false,500,2,134,,12
loss_30pct,lookup,next,69,true,7900,149,42233,,7429
loss_30pct,lookup,legacy,70,false,500,2,134,,14
loss_30pct,lookup,next,70,true,8800,153,42992,,7516
loss_30pct,lookup,legacy,71,true,1200,36,4428,,57
loss_30pct,lookup,next,71,true,8180,134,38180,,7176
loss_30pct,lookup,legacy,72,false,500,2,134,,13
loss_30pct,lookup,next,72,true,8260,138,39795,,7096
loss_30pct,lookup,legacy,73,true,1620,36,4428,,64
loss_30pct,lookup,next,73,true,8660,144,41340,,7214
loss_30pct,lookup,legacy,74,true,1620,21,2541,,46
loss_30pct,lookup,next,74,true,8440,137,37923,,6960
loss_30pct,lookup,legacy,75,false,2320,41,5015,,81
loss_30pct,lookup,next,75,true,9160,143,40038,,7462
loss_30pct,lookup,legacy,76,false,500,2,134,,13
loss_30pct,lookup,next,76,true,8900,142,39249,,7593
loss_30pct,lookup,legacy,77,false,500,2,134,,13
loss_30pct,lookup,next,77,true,8240,141,39690,,6945
loss_30pct,lookup,legacy,78,false,1620,25,2809,,52
loss_30pct,lookup,next,78,true,12860,137,38674,,8237
loss_30pct,lookup,legacy,79,false,2080,29,3455,,68
loss_30pct,lookup,next,79,false,12040,147,40906,,7685
loss_30pct,lookup,legacy,80,false,500,2,134,,14
loss_30pct,lookup,next,80,true,8480,136,38335,,6307
loss_30pct,lookup,legacy,81,false,1700,25,2935,,51
loss_30pct,lookup,next,81,true,9620,137,38188,,7216
loss_30pct,lookup,legacy,82,false,500,2,134,,13
loss_30pct,lookup,next,82,true,8820,154,42939,,7522
loss_30pct,lookup,legacy,83,false,2080,35,4235,,72
loss_30pct,lookup,next,83,false,8620,153,43454,,7289
loss_30pct,lookup,legacy,84,false,500,3,327,,14
loss_30pct,lookup,next,84,true,8100,141,39317,,7035
loss_30pct,lookup,legacy,85,false,2080,37,4495,,73
loss_30pct,lookup,next,85,true,12600,144,40528,,8155
loss_30pct,lookup,legacy,86,true,2040,36,4428,,72
loss_30pct,lookup,next,86,true,8300,138,39346,,7263
loss_30pct,lookup,legacy,87,false,2160,34,4042,,69
loss_30pct,lookup,next,87,false,8620,150,41487,,7664
loss_30pct,lookup,legacy,88,false,1500,20,2348,,45
loss_30pct,lookup,next,88,false,9280,148,41204,,7400
loss_30pct,lookup,legacy,89,true,2200,37,4369,,80
loss_30pct,lookup,next,89,true,8860,135,37090,,7145
loss_30pct,lookup,legacy,90,true,1700,33,3849,,65
loss_30pct,lookup,next,90,true,11360,139,39100,,7586
loss_30pct,lookup,legacy,91,true,2080,33,3849,,67
loss_30pct,lookup,next,91,true,9380,152,42910,,7221
loss_30pct,lookup,legacy,92,false,1900,39,4881,,80
loss_30pct,lookup,next,92,true,8280,128,36152,,7056
loss_30pct,lookup,legacy,93,false,1820,37,4369,,72
loss_30pct,lookup,next,93,true,8240,136,38930,,6982
loss_30pct,lookup,legacy,94,true,1200,39,5007,,64
loss_30pct,lookup,next,94,true,10680,111,31562,,7318
loss_30pct,lookup,legacy,95,false,2080,32,3656,,68
loss_30pct,lookup,next,95,true,8740,126,35933,,6932
loss_30pct,lookup,legacy,96,false,500,3,327,,19
loss_30pct,lookup,next,96,true,7980,133,37259,,6624
loss_30pct,lookup,legacy,97,false,1040,8,788,,30
loss_30pct,lookup,next,97,false,10280,150,42906,,7542
loss_30pct,lookup,legacy,98,false,1120,19,2281,,47
loss_30pct,lookup,next,98,true,5840,129,36278,,6563
loss_30pct,lookup,legacy,99,false,2200,35,4235,,83
loss_30pct,lookup,next,99,true,10840,139,38936,,7884
loss_30pct,signaling,legacy,0,true,120,6,607,40,6
loss_30pct,signaling,next,0,true,1700,17,5046,40,588
loss_30pct,signaling,legacy,1,false,500,2,143,500,3
loss_30pct,signaling,next,1,true,4400,27,8424,240,744
loss_30pct,signaling,legacy,2,false,500,1,67,500,2
loss_30pct,signaling,next,2,true,3100,23,7189,640,709
loss_30pct,signaling,legacy,3,false,500,2,143,500,2
loss_30pct,signaling,next,3,true,600,17,4706,240,464
loss_30pct,signaling,legacy,4,false,500,2,143,500,2
loss_30pct,signaling,next,4,false,2000,5,1174,,67
loss_30pct,signaling,legacy,5,false,500,1,67,500,2
loss_30pct,signaling,next,5,false,2000,4,846,,69
loss_30pct,signaling,legacy,6,false,10000,5,491,40,34
loss_30pct,signaling,next,6,true,5200,25,8348,40,805
loss_30pct,signaling,legacy,7,false,10000,4,375,40,35
loss_30pct,signaling,next,7,false,20000,15,5372,40,727
loss_30pct,signaling,legacy,8,false,500,1,67,500,2
loss_30pct,signaling,next,8,false,20000,7,3112,240,380
loss_30pct,signaling,legacy,9,false,500,1,67,500,2
loss_30pct,signaling,next,9,true,1500,19,5331,640,526
loss_30pct,signaling,legacy,10,false,500,2,143,500,2
loss_30pct,signaling,next,10,false,21000,17,5820,1440,614
loss_30pct,signaling,legacy,11,false,10000,4,375,40,37
loss_30pct,signaling,next,11,true,2300,26,9029,40,783
loss_30pct,signaling,legacy,12,false,500,1,67,500,2
loss_30pct,signaling,next,12,true,2300,19,5757,240,641
loss_30pct,signaling,legacy,13,false,10000,4,375,40,31
loss_30pct,signaling,next,13,true,3700,18,5552,40,712
loss_30pct,signaling,legacy,14,false,10000,3,259,40,30
loss_30pct,signaling,next,14,true,3800,24,8549,40,900
loss_30pct,signaling,legacy,15,false,10000,5,491,40,31
loss_30pct,signaling,next,15,true,1900,20,6110,40,644
loss_30pct,signaling,legacy,16,true,120,6,607,40,3
loss_30pct,signaling,next,16,true,1700,17,5078,40,595
loss_30pct,signaling,legacy,17,true,120,6,607,40,3
loss_30pct,signaling,next,17,true,200,14,3874,40,486
loss_30pct,signaling,legacy,18,false,500,1,67,500,2
loss_30pct,signaling,next,18,true,7600,23,7526,240,822
loss_30pct,signaling,legacy,19,false,10000,3,259,40,29
loss_30pct,signaling,next,19,true,800,21,6412,40,487
loss_30pct,signaling,legacy,20,false,10000,6,607,40,30
loss_30pct,signaling,next,20,true,200,14,3874,40,460
loss_30pct,signaling,legacy,21,false,10000,3,259,40,32
loss_30pct,signaling,next,21,true,800,20,6293,40,488
loss_30pct,signaling,legacy,22,false,500,1,67,500,2
loss_30pct,signaling,next,22,true,5800,22,7227,240,761
loss_30pct,signaling,legacy,23,false,500,2,143,500,2
loss_30pct,signaling,next,23,true,6700,22,7473,640,876
loss_30pct,signaling,legacy,24,false,500,1,67,500,2
loss_30pct,signaling,next,24,false,2000,6,1502,,92
loss_30pct,signaling,legacy,25,true,120,6,607,40,3
loss_30pct,signaling,next,25,true,1300,18,5399,40,594
loss_30pct,signaling,legacy,26,false,10000,3,259,40,29
loss_30pct,signaling,next,26,true,400,15,4434,40,478
loss_30pct,signaling,legacy,27,false,500,1,67,500,2
loss_30pct,signaling,next,27,true,400,15,4025,240,458
loss_30pct,signaling,legacy,28,false,500,2,143,500,2
loss_30pct,signaling,next,28,true,900,19,5385,240,479
loss_30pct,signaling,legacy,29,true,120,6,607,40,3
loss_30pct,signaling,next,29,true,1700,22,6407,40,632
loss_30pct,signaling,legacy,30,false,10000,3,259,40,29
loss_30pct,signaling,next,30,true,600,16,4787,40,442
loss_30pct,signaling,legacy,31,true,120,6,607,40,3
loss_30pct,signaling,next,31,true,1000,17,5191,40,606
loss_30pct,signaling,legacy,32,true,120,6,607,40,3
loss_30pct,signaling,next,32,false,20000,16,4822,40,672
loss_30pct,signaling,legacy,33,false,10000,4,375,40,30
loss_30pct,signaling,next,33,true,3700,18,5552,40,647
loss_30pct,signaling,legacy,34,false,10000,6,607,40,31
loss_30pct,signaling,next,34,true,1900,24,7441,40,636
loss_30pct,signaling,legacy,35,false,10000,3,259,40,29
loss_30pct,signaling,next,35,true,2300,19,6104,40,531
loss_30pct,signaling,legacy,36,true,120,6,607,40,3
loss_30pct,signaling,next,36,true,800,16,4838,40,526
loss_30pct,signaling,legacy,37,false,10000,4,375,40,29
loss_30pct,signaling,next,37,true,3200,23,7553,40,792
loss_30pct,signaling,legacy,38,false,10000,3,259,40,31
loss_30pct,signaling,next,38,false,20000,11,3788,40,471
loss_30pct,signaling,legacy,39,false,500,2,143,500,2
loss_30pct,signaling,next,39,true,4300,25,7811,640,695
loss_30pct,signaling,legacy,40,false,500,2,143,500,3
loss_30pct,signaling,next,40,true,1800,19,6084,240,547
loss_30pct,signaling,legacy,41,false,500,2,143,500,2
loss_30pct,signaling,next,41,true,2900,24,7472,640,767
loss_30pct,signaling,legacy,42,true,120,6,607,40,3
loss_30pct,signaling,next,42,true,400,15,4227,40,440
loss_30pct,signaling,legacy,43,false,500,2,143,500,2
loss_30pct,signaling,next,43,true,800,19,5619,240,449
loss_30pct,signaling,legacy,44,false,500,1,67,500,2
loss_30pct,signaling,next,44,false,20000,17,5854,640,787
loss_30pct,signaling,legacy,45,false,500,1,67,500,2
loss_30pct,signaling,next,45,false,20000,22,6608,640,794
loss_30pct,signaling,legacy,46,false,10000,4,375,40,30
loss_30pct,signaling,next,46,true,1900,17,5223,40,632
loss_30pct,signaling,legacy,47,true,120,6,607,40,3
loss_30pct,signaling,next,47,false,20000,18,5649,40,703
loss_30pct,signaling,legacy,48,false,10000,3,259,40,29
loss_30pct,signaling,next,48,false,20000,10,3580,40,461
loss_30pct,signaling,legacy,49,false,500,1,67,500,2
loss_30pct,signaling,next,49,false,2000,6,1502,,91
loss_30pct,signaling,legacy,50,false,10000,3,259,40,29
loss_30pct,signaling,next,50,false,20000,23,8043,40,755
loss_30pct,signaling,legacy,51,false,500,1,67,500,2
loss_30pct,signaling,next,51,false,20000,15,5148,640,651
loss_30pct,signaling,legacy,52,false,500,1,67,500,2
loss_30pct,signaling,next,52,true,4300,20,6095,640,652
loss_30pct,signaling,legacy,53,false,500,2,143,500,2
loss_30pct,signaling,next,53,true,3800,22,7062,640,659
loss_30pct,signaling,legacy,54,false,10000,3,259,40,29
loss_30pct,signaling,next,54,true,400,15,4434,40,469
loss_30pct,signaling,legacy,55,false,10000,4,375,40,29
loss_30pct,signaling,next,55,true,5800,25,8450,40,970
loss_30pct,signaling,legacy,56,false,500,2,143,500,2
loss_30pct,signaling,next,56,true,800,17,4625,640,511
loss_30pct,signaling,legacy,57,true,120,6,607,40,3
loss_30pct,signaling,next,57,true,700,16,4435,40,506
loss_30pct,signaling,legacy,58,false,500,1,67,500,2
loss_30pct,signaling,next,58,true,3700,23,6764,1440,695
loss_30pct,signaling,legacy,59,false,500,2,143,500,3
loss_30pct,signaling,next,59,false,20000,18,6430,240,600
loss_30pct,signaling,legacy,60,false,500,1,67,500,2
loss_30pct,signaling,next,60,false,20000,24,8363,240,878
loss_30pct,signaling,legacy,61,true,120,6,607,40,2
loss_30pct,signaling,next,61,true,400,16,4580,40,467
loss_30pct,signaling,legacy,62,false,10000,3,259,40,28
loss_30pct,signaling,next,62,true,4100,25,8652,40,729
loss_30pct,signaling,legacy,63,false,500,1,67,500,2
loss_30pct,signaling,next,63,true,3900,24,7389,640,680
loss_30pct,signaling,legacy,64,true,120,6,607,40,3
loss_30pct,signaling,next,64,true,700,18,4907,40,490
loss_30pct,signaling,legacy,65,false,500,2,143,500,2
loss_30pct,signaling,next,65,false,20000,13,4181,240,503
loss_30pct,signaling,legacy,66,false,10000,6,607,40,29
loss_30pct,signaling,next,66,false,20000,21,7412,40,863
loss_30pct,signaling,legacy,67,false,500,1,67,500,2
loss_30pct,signaling,next,67,true,3100,19,5958,640,733
loss_30pct,signaling,legacy,68,false,500,2,143,500,2
loss_30pct,signaling,next,68,false,21000,10,3631,1440,455
loss_30pct,signaling,legacy,69,false,500,1,67,500,2
loss_30pct,signaling,next,69,false,20000,13,4061,240,540
loss_30pct,signaling,legacy,70,false,500,1,67,500,2
loss_30pct,signaling,next,70,true,3100,28,8319,1440,762
loss_30pct,signaling,legacy,71,true,120,6,607,40,3
loss_30pct,signaling,next,71,true,1000,17,5191,40,597
loss_30pct,signaling,legacy,72,false,500,1,67,500,2
loss_30pct,signaling,next,72,true,1000,17,4989,240,543
loss_30pct,signaling,legacy,73,false,10000,3,259,40,28
loss_30pct,signaling,next,73,false,20000,6,2961,40,370
loss_30pct,signaling,legacy,74,false,10000,5,491,40,28
loss_30pct,signaling,next,74,false,20000,25,7862,40,934
loss_30pct,signaling,legacy,75,false,10000,4,375,40,28
loss_30pct,signaling,next,75,true,3200,21,7724,40,728
loss_30pct,signaling,legacy,76,false,500,1,67,500,2
loss_30pct,signaling,next,76,true,1300,17,4787,640,646
loss_30pct,signaling,legacy,77,false,500,1,67,500,2
loss_30pct,signaling,next,77,false,2000,4,846,,64
loss_30pct,signaling,legacy,78,false,500,1,67,500,2
loss_30pct,signaling,next,78,true,3400,24,7636,640,799
loss_30pct,signaling,legacy,79,false,10000,4,375,40,28
loss_30pct,signaling,next,79,true,4200,24,7826,40,722
loss_30pct,signaling,legacy,80,false,500,1,67,500,2
loss_30pct,signaling,next,80,false,20000,12,3788,640,603
loss_30pct,signaling,legacy,81,false,500,1,67,500,2
loss_30pct,signaling,next,81,false,2000,5,1311,,135
loss_30pct,signaling,legacy,82,false,500,1,67,500,2
loss_30pct,signaling,next,82,true,6400,23,8367,640,1013
loss_30pct,signaling,legacy,83,false,10000,4,375,40,28
loss_30pct,signaling,next,83,true,4300,19,6308,40,687
loss_30pct,signaling,legacy,84,false,500,2,143,500,6
loss_30pct,signaling,next,84,false,2000,7,1830,,100
loss_30pct,signaling,legacy,85,false,500,2,143,500,2
loss_30pct,signaling,next,85,true,4300,21,6591,240,647
loss_30pct,signaling,legacy,86,true,120,6,607,40,3
loss_30pct,signaling,next,86,true,400,19,5171,40,459
loss_30pct,signaling,legacy,87,true,120,6,607,40,3
loss_30pct,signaling,next,87,false,20000,15,4759,40,613
loss_30pct,signaling,legacy,88,false,10000,6,607,40,35
loss_30pct,signaling,next,88,true,3700,21,6439,40,654
loss_30pct,signaling,legacy,89,false,500,1,67,500,2
loss_30pct,signaling,next,89,true,1000,18,5140,640,604
loss_30pct,signaling,legacy,90,false,10000,3,259,40,30
loss_30pct,signaling,next,90,true,3300,20,7250,40,676
loss_30pct,signaling,legacy,91,false,10000,4,375,40,27
loss_30pct,signaling,next,91,false,20000,11,3699,40,472
loss_30pct,signaling,legacy,92,false,500,1,67,500,2
loss_30pct,signaling,next,92,true,1800,19,5348,640,651
loss_30pct,signaling,legacy,93,true,120,6,607,40,3
loss_30pct,signaling,next,93,true,800,16,4838,40,556
loss_30pct,signaling,legacy,94,false,10000,5,491,40,30
loss_30pct,signaling,next,94,true,3900,20,6113,40,675
loss_30pct,signaling,legacy,95,false,500,1,67,500,2
loss_30pct,signaling,next,95,true,600,16,4378,240,487
loss_30pct,signaling,legacy,96,false,500,1,67,500,2
loss_30pct,signaling,next,96,true,2400,20,5790,240,625
loss_30pct,signaling,legacy,97,true,120,6,607,40,3
loss_30pct,signaling,next,97,false,20000,17,5175,40,699
loss_30pct,signaling,legacy,98,false,500,2,143,500,2
loss_30pct,signaling,next,98,true,6000,25,8263,1440,940
loss_30pct,signaling,legacy,99,false,10000,3,259,40,29
loss_30pct,signaling,next,99,true,1900,19,6569,40,755
dead_30pct,lookup,legacy,0,true,1660,35,4109,,59
dead_30pct,lookup,next,0,true,8620,92,25884,,5071
dead_30pct,lookup,legacy,1,false,500,2,134,,11
dead_30pct,lookup,next,1,false,2000,8,1692,,331
dead_30pct,lookup,legacy,2,true,1360,34,4042,,54
dead_30pct,lookup,next,2,true,8700,92,25962,,5347
dead_30pct,lookup,legacy,3,false,1500,15,1509,,29
dead_30pct,lookup,next,3,false,6000,42,11300,,1617
dead_30pct,lookup,legacy,4,true,1660,33,3849,,54
dead_30pct,lookup,next,4,true,8280,80,22386,,4090
dead_30pct,lookup,legacy,5,true,1620,41,4889,,63
dead_30pct,lookup,next,5,true,8120,92,25962,,5071
dead_30pct,lookup,legacy,6,true,740,37,4621,,47
dead_30pct,lookup,next,6,true,8440,92,26118,,5782
dead_30pct,lookup,legacy,7,true,1540,35,4109,,57
dead_30pct,lookup,next,7,true,6000,94,26458,,4834
dead_30pct,lookup,legacy,8,true,1620,35,4109,,57
dead_30pct,lookup,next,8,true,8200,92,25962,,5086
dead_30pct,lookup,legacy,9,true,1700,32,3656,,58
dead_30pct,lookup,next,9,true,8280,92,25806,,4756
dead_30pct,lookup,legacy,10,true,1280,34,4042,,54
dead_30pct,lookup,next,10,true,8540,92,25884,,4894
dead_30pct,lookup,legacy,11,true,780,39,4881,,50
dead_30pct,lookup,next,11,true,12440,92,26118,,6504
dead_30pct,lookup,legacy,12,true,1700,34,3916,,54
dead_30pct,lookup,next,12,true,8540,94,26302,,4819
dead_30pct,lookup,legacy,13,true,1000,38,4688,,51
dead_30pct,lookup,next,13,true,8040,94,26614,,5951
dead_30pct,lookup,legacy,14,true,1520,36,4302,,59
dead_30pct,lookup,next,14,true,8040,92,25962,,5015
dead_30pct,lookup,legacy,15,true,1780,37,4243,,65
dead_30pct,lookup,next,15,true,8360,92,25806,,4628
dead_30pct,lookup,legacy,16,true,940,39,4881,,56
dead_30pct,lookup,next,16,true,4600,90,25604,,5448
dead_30pct,lookup,legacy,17,true,1040,36,4428,,55
dead_30pct,lookup,next,17,true,8280,94,26614,,5956
dead_30pct,lookup,legacy,18,false,1120,18,1962,,32
dead_30pct,lookup,next,18,false,4700,46,12544,,1924
dead_30pct,lookup,legacy,19,true,1540,33,3849,,55
dead_30pct,lookup,next,19,true,8040,92,25962,,5033
dead_30pct,lookup,legacy,20,true,1080,36,4428,,49
dead_30pct,lookup,next,20,true,8620,92,26040,,5662
dead_30pct,lookup,legacy,21,false,1280,34,4042,,63
dead_30pct,lookup,next,21,true,5020,94,26536,,4718
dead_30pct,lookup,legacy,22,false,1540,33,3849,,54
dead_30pct,lookup,next,22,false,8360,90,25214,,4765
dead_30pct,lookup,legacy,23,true,1320,36,4302,,52
dead_30pct,lookup,next,23,true,8700,92,25884,,5111
dead_30pct,lookup,legacy,24,true,1740,37,4243,,59
dead_30pct,lookup,next,24,true,8600,94,26224,,4859
dead_30pct,lookup,legacy,25,true,1620,33,3849,,52
dead_30pct,lookup,next,25,true,6080,94,26458,,4746
dead_30pct,lookup,legacy,26,true,820,39,4881,,55
dead_30pct,lookup,next,26,true,4620,88,25108,,4891
dead_30pct,lookup,legacy,27,true,1500,33,3849,,58
dead_30pct,lookup,next,27,true,8360,94,26302,,4740
dead_30pct,lookup,legacy,28,false,500,2,134,,11
dead_30pct,lookup,next,28,false,2000,8,1692,,405
dead_30pct,lookup,legacy,29,true,1860,37,4243,,71
dead_30pct,lookup,next,29,true,8520,92,25806,,4582
dead_30pct,lookup,legacy,30,true,1280,37,4495,,59
dead_30pct,lookup,next,30,true,5020,92,26118,,4946
dead_30pct,lookup,legacy,31,true,1620,35,4109,,57
dead_30pct,lookup,next,31,true,8360,94,26380,,5240
dead_30pct,lookup,legacy,32,true,1700,34,3916,,61
dead_30pct,lookup,next,32,true,8200,94,26302,,4781
dead_30pct,lookup,legacy,33,true,1240,34,4042,,54
dead_30pct,lookup,next,33,true,8200,84,23552,,4373
dead_30pct,lookup,legacy,34,true,1240,38,4562,,61
dead_30pct,lookup,next,34,true,4860,94,26536,,4845
dead_30pct,lookup,legacy,35,true,1240,34,4042,,53
dead_30pct,lookup,next,35,true,8780,92,25884,,4927
dead_30pct,lookup,legacy,36,false,500,2,134,,22
dead_30pct,lookup,next,36,false,2000,8,1692,,377
dead_30pct,lookup,legacy,37,true,1080,36,4428,,53
dead_30pct,lookup,next,37,true,8360,92,26118,,5833
dead_30pct,lookup,legacy,38,false,500,2,134,,12
dead_30pct,lookup,next,38,false,2000,8,1692,,286
dead_30pct,lookup,legacy,39,true,1280,38,4562,,59
dead_30pct,lookup,next,39,true,5020,92,26040,,4945
dead_30pct,lookup,legacy,40,true,1280,37,4495,,61
dead_30pct,lookup,next,40,true,8680,94,26458,,5425
dead_30pct,lookup,legacy,41,true,2160,36,4050,,69
dead_30pct,lookup,next,41,true,8600,90,25058,,4387
dead_30pct,lookup,legacy,42,true,1240,34,4042,,49
dead_30pct,lookup,next,42,true,8440,88,24796,,4894
dead_30pct,lookup,legacy,43,false,500,2,134,,12
dead_30pct,lookup,next,43,false,2000,8,1692,,336
dead_30pct,lookup,legacy,44,true,1120,38,4688,,57
dead_30pct,lookup,next,44,true,4860,92,26196,,5097
dead_30pct,lookup,legacy,45,true,1240,36,4302,,63
dead_30pct,lookup,next,45,true,8200,88,24796,,4789
dead_30pct,lookup,legacy,46,true,1620,32,3656,,50
dead_30pct,lookup,next,46,true,8600,92,25806,,4734
dead_30pct,lookup,legacy,47,true,1580,33,3849,,57
dead_30pct,lookup,next,47,true,8280,94,26302,,5127
dead_30pct,lookup,legacy,48,true,1200,35,4235,,55
dead_30pct,lookup,next,48,true,8280,94,26458,,5324
dead_30pct,lookup,legacy,49,true,1400,36,4302,,56
dead_30pct,lookup,next,49,true,8440,94,26458,,5427
dead_30pct,lookup,legacy,50,false,500,2,134,,10
dead_30pct,lookup,next,50,false,2000,8,1692,,340
dead_30pct,lookup,legacy,51,false,500,2,134,,10
dead_30pct,lookup,next,51,false,2000,8,1692,,307
dead_30pct,lookup,legacy,52,true,1240,34,4042,,52
dead_30pct,lookup,next,52,true,8200,94,26380,,5067
dead_30pct,lookup,legacy,53,false,1160,18,1962,,36
dead_30pct,lookup,next,53,false,4780,46,12544,,2110
dead_30pct,lookup,legacy,54,true,1160,35,4235,,58
dead_30pct,lookup,next,54,true,8700,92,25962,,5141
dead_30pct,lookup,legacy,55,false,500,2,134,,13
dead_30pct,lookup,next,55,false,2000,8,1692,,345
dead_30pct,lookup,legacy,56,true,940,37,4621,,54
dead_30pct,lookup,next,56,true,4360,90,25604,,5230
dead_30pct,lookup,legacy,57,true,1200,35,4235,,54
dead_30pct,lookup,next,57,true,8620,92,26040,,5617
dead_30pct,lookup,legacy,58,true,1740,34,3916,,52
dead_30pct,lookup,next,58,true,8360,94,26224,,4644
dead_30pct,lookup,legacy,59,true,1240,36,4302,,54
dead_30pct,lookup,next,59,true,8200,92,25884,,4869
dead_30pct,lookup,legacy,60,true,860,37,4621,,54
dead_30pct,lookup,next,60,true,12440,92,26118,,6465
dead_30pct,lookup,legacy,61,true,1160,36,4428,,52
dead_30pct,lookup,next,61,true,8780,92,25962,,5189
dead_30pct,lookup,legacy,62,true,1200,34,4042,,48
dead_30pct,lookup,next,62,true,8280,94,26380,,5025
dead_30pct,lookup,legacy,63,true,1200,40,4948,,61
dead_30pct,lookup,next,63,true,4940,92,26196,,5132
dead_30pct,lookup,legacy,64,true,1160,39,4755,,55
dead_30pct,lookup,next,64,true,8780,92,26040,,5578
dead_30pct,lookup,legacy,65,false,500,2,134,,13
dead_30pct,lookup,next,65,false,2000,8,1692,,324
dead_30pct,lookup,legacy,66,true,820,37,4621,,53
dead_30pct,lookup,next,66,true,4680,88,25108,,4937
dead_30pct,lookup,legacy,67,true,540,41,5267,,55
dead_30pct,lookup,next,67,true,4120,84,24098,,5045
dead_30pct,lookup,legacy,68,true,1280,34,4042,,54
dead_30pct,lookup,next,68,true,4860,94,26536,,4749
dead_30pct,lookup,legacy,69,true,1080,38,4688,,56
dead_30pct,lookup,next,69,true,8280,92,26118,,5597
dead_30pct,lookup,legacy,70,true,280,40,5200,,40
dead_30pct,lookup,next,70,true,520,76,21844,,3700
dead_30pct,lookup,legacy,71,true,1120,36,4428,,49
dead_30pct,lookup,next,71,true,8700,92,25962,,5187
dead_30pct,lookup,legacy,72,false,500,2,134,,10
dead_30pct,lookup,next,72,false,2000,8,1692,,280
dead_30pct,lookup,legacy,73,true,1660,38,4436,,64
dead_30pct,lookup,next,73,true,8120,94,26380,,4713
dead_30pct,lookup,legacy,74,true,860,37,4621,,48
dead_30pct,lookup,next,74,true,12040,92,26040,,6243
dead_30pct,lookup,legacy,75,true,740,38,4814,,47
dead_30pct,lookup,next,75,true,4520,84,24020,,4874
dead_30pct,lookup,legacy,76,true,1240,35,4235,,61
dead_30pct,lookup,next,76,true,8040,92,26040,,5166
dead_30pct,lookup,legacy,77,true,1240,36,4302,,54
dead_30pct,lookup,next,77,true,4940,92,26040,,4897
dead_30pct,lookup,legacy,78,true,2080,36,4050,,79
dead_30pct,lookup,next,78,true,8600,94,26224,,4737
dead_30pct,lookup,legacy,79,true,1620,35,4109,,60
dead_30pct,lookup,next,79,true,8540,94,26224,,4602
dead_30pct,lookup,legacy,80,true,1200,38,4688,,62
dead_30pct,lookup,next,80,true,4940,92,26196,,4896
dead_30pct,lookup,legacy,81,true,1200,38,4688,,60
dead_30pct,lookup,next,81,true,6000,94,26614,,5275
dead_30pct,lookup,legacy,82,true,1620,32,3656,,53
dead_30pct,lookup,next,82,true,8200,86,24048,,4452
dead_30pct,lookup,legacy,83,true,1120,36,4428,,53
dead_30pct,lookup,next,83,true,6000,94,26614,,5185
dead_30pct,lookup,legacy,84,true,700,38,4814,,52
dead_30pct,lookup,next,84,true,4440,84,24020,,4763
dead_30pct,lookup,legacy,85,true,1620,33,3849,,56
dead_30pct,lookup,next,85,true,8120,92,25962,,5028
dead_30pct,lookup,legacy,86,true,1660,35,4109,,54
dead_30pct,lookup,next,86,true,8120,94,26380,,4935
dead_30pct,lookup,legacy,87,true,820,37,4621,,49
dead_30pct,lookup,next,87,true,8540,92,26118,,5740
dead_30pct,lookup,legacy,88,true,1240,37,4495,,56
dead_30pct,lookup,next,88,true,4940,92,26118,,4799
dead_30pct,lookup,legacy,89,true,1120,38,4688,,52
dead_30pct,lookup,next,89,true,8700,92,26040,,5484
dead_30pct,lookup,legacy,90,true,1580,32,3656,,51
dead_30pct,lookup,next,90,true,8540,84,23474,,4199
dead_30pct,lookup,legacy,91,true,1280,36,4302,,56
dead_30pct,lookup,next,91,true,8360,92,25884,,4838
dead_30pct,lookup,legacy,92,true,1240,35,4235,,52
dead_30pct,lookup,next,92,true,8440,90,25370,,5337
dead_30pct,lookup,legacy,93,true,1400,36,4302,,55
dead_30pct,lookup,next,93,true,8040,94,26458,,5218
dead_30pct,lookup,legacy,94,true,1740,34,3916,,59
dead_30pct,lookup,next,94,true,8200,94,26380,,4858
dead_30pct,lookup,legacy,95,true,1160,41,5015,,58
dead_30pct,lookup,next,95,true,4780,92,26118,,4763
dead_30pct,lookup,legacy,96,true,1080,36,4428,,50
dead_30pct,lookup,next,96,true,8120,92,26118,,5436
dead_30pct,lookup,legacy,97,true,1240,36,4302,,51
dead_30pct,lookup,next,97,true,8280,94,26380,,5002
dead_30pct,lookup,legacy,98,true,1280,35,4235,,51
dead_30pct,lookup,next,98,true,8540,92,25962,,5283
dead_30pct,lookup,legacy,99,true,1280,34,4042,,52
dead_30pct,lookup,next,99,true,8040,94,26380,,5004
