scenario,workload,engine,seed,success,elapsed_ms,packets,bytes,discovery_ms,host_us
healthy_40ms,lookup,legacy,0,true,320,42,5460,,79
healthy_40ms,lookup,next,0,true,600,80,21158,,2807
healthy_40ms,lookup,legacy,1,true,320,42,5460,,46
healthy_40ms,lookup,next,1,true,600,80,21158,,2591
healthy_40ms,lookup,legacy,2,true,280,40,5200,,39
healthy_40ms,lookup,next,2,true,520,76,20108,,2416
healthy_40ms,lookup,legacy,3,true,280,40,5200,,41
healthy_40ms,lookup,next,3,true,520,76,20108,,2478
healthy_40ms,lookup,legacy,4,true,280,40,5200,,51
healthy_40ms,lookup,next,4,true,520,76,20108,,2485
healthy_40ms,lookup,legacy,5,true,280,40,5200,,47
healthy_40ms,lookup,next,5,true,520,76,20108,,2666
healthy_40ms,lookup,legacy,6,true,280,40,5200,,49
healthy_40ms,lookup,next,6,true,520,76,20108,,2465
healthy_40ms,lookup,legacy,7,true,280,40,5200,,44
healthy_40ms,lookup,next,7,true,520,76,20108,,2338
healthy_40ms,lookup,legacy,8,true,320,42,5460,,52
healthy_40ms,lookup,next,8,true,600,80,21158,,2866
healthy_40ms,lookup,legacy,9,true,280,40,5200,,50
healthy_40ms,lookup,next,9,true,520,76,20108,,2655
healthy_40ms,lookup,legacy,10,true,280,40,5200,,51
healthy_40ms,lookup,next,10,true,520,76,20108,,2441
healthy_40ms,lookup,legacy,11,true,280,40,5200,,47
healthy_40ms,lookup,next,11,true,520,76,20108,,2277
healthy_40ms,lookup,legacy,12,true,320,42,5460,,39
healthy_40ms,lookup,next,12,true,600,80,21158,,2790
healthy_40ms,lookup,legacy,13,true,320,42,5460,,58
healthy_40ms,lookup,next,13,true,600,80,21158,,2867
healthy_40ms,lookup,legacy,14,true,320,42,5460,,51
healthy_40ms,lookup,next,14,true,600,80,21158,,2449
healthy_40ms,lookup,legacy,15,true,320,42,5460,,40
healthy_40ms,lookup,next,15,true,600,80,21158,,2799
healthy_40ms,lookup,legacy,16,true,320,42,5460,,48
healthy_40ms,lookup,next,16,true,600,80,21158,,2837
healthy_40ms,lookup,legacy,17,true,280,40,5200,,44
healthy_40ms,lookup,next,17,true,520,76,20108,,2263
healthy_40ms,lookup,legacy,18,true,320,42,5460,,42
healthy_40ms,lookup,next,18,true,600,80,21158,,2695
healthy_40ms,lookup,legacy,19,true,280,40,5200,,47
healthy_40ms,lookup,next,19,true,520,76,20108,,2645
healthy_40ms,lookup,legacy,20,true,280,40,5200,,49
healthy_40ms,lookup,next,20,true,520,76,20108,,2621
healthy_40ms,lookup,legacy,21,true,280,40,5200,,42
healthy_40ms,lookup,next,21,true,520,76,20108,,2606
healthy_40ms,lookup,legacy,22,true,320,42,5460,,51
healthy_40ms,lookup,next,22,true,600,80,21158,,2777
healthy_40ms,lookup,legacy,23,true,320,42,5460,,43
healthy_40ms,lookup,next,23,true,600,80,21158,,2616
healthy_40ms,lookup,legacy,24,true,280,40,5200,,44
healthy_40ms,lookup,next,24,true,520,76,20108,,4287
healthy_40ms,lookup,legacy,25,true,280,40,5200,,47
healthy_40ms,lookup,next,25,true,520,76,20108,,2613
healthy_40ms,lookup,legacy,26,true,280,40,5200,,41
healthy_40ms,lookup,next,26,true,520,76,20108,,2632
healthy_40ms,lookup,legacy,27,true,280,40,5200,,44
healthy_40ms,lookup,next,27,true,520,76,20108,,2615
healthy_40ms,lookup,legacy,28,true,320,42,5460,,47
healthy_40ms,lookup,next,28,true,600,80,21158,,2636
healthy_40ms,lookup,legacy,29,true,320,42,5460,,42
healthy_40ms,lookup,next,29,true,600,80,21158,,2760
healthy_40ms,lookup,legacy,30,true,320,42,5460,,54
healthy_40ms,lookup,next,30,true,600,80,21158,,2836
healthy_40ms,lookup,legacy,31,true,320,42,5460,,58
healthy_40ms,lookup,next,31,true,600,80,21158,,2954
healthy_40ms,lookup,legacy,32,true,320,42,5460,,49
healthy_40ms,lookup,next,32,true,600,80,21158,,2749
healthy_40ms,lookup,legacy,33,true,280,40,5200,,45
healthy_40ms,lookup,next,33,true,520,76,20108,,2473
healthy_40ms,lookup,legacy,34,true,280,40,5200,,43
healthy_40ms,lookup,next,34,true,520,76,20108,,2553
healthy_40ms,lookup,legacy,35,true,280,40,5200,,44
healthy_40ms,lookup,next,35,true,520,76,20108,,2530
healthy_40ms,lookup,legacy,36,true,280,40,5200,,49
healthy_40ms,lookup,next,36,true,520,76,20108,,2546
healthy_40ms,lookup,legacy,37,true,280,40,5200,,44
healthy_40ms,lookup,next,37,true,520,76,20108,,2529
healthy_40ms,lookup,legacy,38,true,320,42,5460,,43
healthy_40ms,lookup,next,38,true,600,80,21158,,2744
healthy_40ms,lookup,legacy,39,true,280,40,5200,,45
healthy_40ms,lookup,next,39,true,520,76,20108,,2575
healthy_40ms,lookup,legacy,40,true,320,42,5460,,43
healthy_40ms,lookup,next,40,true,600,80,21158,,2716
healthy_40ms,lookup,legacy,41,true,320,42,5460,,43
healthy_40ms,lookup,next,41,true,600,80,21158,,2830
healthy_40ms,lookup,legacy,42,true,280,40,5200,,51
healthy_40ms,lookup,next,42,true,520,76,20108,,2683
healthy_40ms,lookup,legacy,43,true,280,40,5200,,43
healthy_40ms,lookup,next,43,true,520,76,20108,,2543
healthy_40ms,lookup,legacy,44,true,320,42,5460,,44
healthy_40ms,lookup,next,44,true,600,80,21158,,2849
healthy_40ms,lookup,legacy,45,true,320,42,5460,,53
healthy_40ms,lookup,next,45,true,600,80,21158,,2925
healthy_40ms,lookup,legacy,46,true,280,40,5200,,53
healthy_40ms,lookup,next,46,true,520,76,20108,,2648
healthy_40ms,lookup,legacy,47,true,280,40,5200,,45
healthy_40ms,lookup,next,47,true,520,76,20108,,2693
healthy_40ms,lookup,legacy,48,true,280,40,5200,,38
healthy_40ms,lookup,next,48,true,520,76,20108,,2695
healthy_40ms,lookup,legacy,49,true,320,42,5460,,42
healthy_40ms,lookup,next,49,true,600,80,21158,,2875
healthy_40ms,lookup,legacy,50,true,280,40,5200,,41
healthy_40ms,lookup,next,50,true,520,76,20108,,2657
healthy_40ms,lookup,legacy,51,true,280,40,5200,,40
healthy_40ms,lookup,next,51,true,520,76,20108,,2620
healthy_40ms,lookup,legacy,52,true,280,40,5200,,45
healthy_40ms,lookup,next,52,true,520,76,20108,,2554
healthy_40ms,lookup,legacy,53,true,320,42,5460,,42
healthy_40ms,lookup,next,53,true,600,80,21158,,2837
healthy_40ms,lookup,legacy,54,true,280,40,5200,,40
healthy_40ms,lookup,next,54,true,520,76,20108,,2718
healthy_40ms,lookup,legacy,55,true,320,42,5460,,42
healthy_40ms,lookup,next,55,true,600,80,21158,,2733
healthy_40ms,lookup,legacy,56,true,320,42,5460,,47
healthy_40ms,lookup,next,56,true,600,80,21158,,2775
healthy_40ms,lookup,legacy,57,true,280,40,5200,,47
healthy_40ms,lookup,next,57,true,520,76,20108,,2645
healthy_40ms,lookup,legacy,58,true,280,40,5200,,40
healthy_40ms,lookup,next,58,true,520,76,20108,,2582
healthy_40ms,lookup,legacy,59,true,320,42,5460,,39
healthy_40ms,lookup,next,59,true,600,80,21158,,2723
healthy_40ms,lookup,legacy,60,true,280,40,5200,,37
healthy_40ms,lookup,next,60,true,520,76,20108,,2608
healthy_40ms,lookup,legacy,61,true,280,40,5200,,37
healthy_40ms,lookup,next,61,true,520,76,20108,,2656
healthy_40ms,lookup,legacy,62,true,280,40,5200,,41
healthy_40ms,lookup,next,62,true,520,76,20108,,2575
healthy_40ms,lookup,legacy,63,true,320,44,5720,,45
healthy_40ms,lookup,next,63,true,600,84,22208,,2853
healthy_40ms,lookup,legacy,64,true,320,44,5720,,41
healthy_40ms,lookup,next,64,true,600,84,22208,,2904
healthy_40ms,lookup,legacy,65,true,320,42,5460,,45
healthy_40ms,lookup,next,65,true,600,80,21158,,2835
healthy_40ms,lookup,legacy,66,true,280,40,5200,,37
healthy_40ms,lookup,next,66,true,520,76,20108,,2556
healthy_40ms,lookup,legacy,67,true,320,42,5460,,38
healthy_40ms,lookup,next,67,true,600,80,21158,,2763
healthy_40ms,lookup,legacy,68,true,280,40,5200,,40
healthy_40ms,lookup,next,68,true,520,76,20108,,2583
healthy_40ms,lookup,legacy,69,true,280,40,5200,,40
healthy_40ms,lookup,next,69,true,520,76,20108,,2638
healthy_40ms,lookup,legacy,70,true,280,40,5200,,40
healthy_40ms,lookup,next,70,true,520,76,20108,,2575
healthy_40ms,lookup,legacy,71,true,280,40,5200,,38
healthy_40ms,lookup,next,71,true,520,76,20108,,2609
healthy_40ms,lookup,legacy,72,true,320,44,5720,,42
healthy_40ms,lookup,next,72,true,600,84,22208,,2827
healthy_40ms,lookup,legacy,73,true,280,40,5200,,39
healthy_40ms,lookup,next,73,true,520,76,20108,,2629
healthy_40ms,lookup,legacy,74,true,280,40,5200,,37
healthy_40ms,lookup,next,74,true,520,76,20108,,2673
healthy_40ms,lookup,legacy,75,true,280,40,5200,,42
healthy_40ms,lookup,next,75,true,520,76,20108,,2633
healthy_40ms,lookup,legacy,76,true,280,40,5200,,43
healthy_40ms,lookup,next,76,true,520,76,20108,,2607
healthy_40ms,lookup,legacy,77,true,320,42,5460,,47
healthy_40ms,lookup,next,77,true,600,80,21158,,2827
healthy_40ms,lookup,legacy,78,true,280,40,5200,,41
healthy_40ms,lookup,next,78,true,520,76,20108,,2714
healthy_40ms,lookup,legacy,79,true,280,40,5200,,41
healthy_40ms,lookup,next,79,true,520,76,20108,,2638
healthy_40ms,lookup,legacy,80,true,320,42,5460,,42
healthy_40ms,lookup,next,80,true,600,80,21158,,2742
healthy_40ms,lookup,legacy,81,true,320,42,5460,,48
healthy_40ms,lookup,next,81,true,600,80,21158,,2750
healthy_40ms,lookup,legacy,82,true,280,40,5200,,40
healthy_40ms,lookup,next,82,true,520,76,20108,,2600
healthy_40ms,lookup,legacy,83,true,280,40,5200,,36
healthy_40ms,lookup,next,83,true,520,76,20108,,2590
healthy_40ms,lookup,legacy,84,true,280,40,5200,,39
healthy_40ms,lookup,next,84,true,520,76,20108,,2576
healthy_40ms,lookup,legacy,85,true,280,40,5200,,38
healthy_40ms,lookup,next,85,true,520,76,20108,,2593
healthy_40ms,lookup,legacy,86,true,280,40,5200,,39
healthy_40ms,lookup,next,86,true,520,76,20108,,2608
healthy_40ms,lookup,legacy,87,true,280,40,5200,,36
healthy_40ms,lookup,next,87,true,520,76,20108,,2564
healthy_40ms,lookup,legacy,88,true,320,42,5460,,39
healthy_40ms,lookup,next,88,true,600,80,21158,,2748
healthy_40ms,lookup,legacy,89,true,320,42,5460,,41
healthy_40ms,lookup,next,89,true,600,80,21158,,2800
healthy_40ms,lookup,legacy,90,true,280,40,5200,,44
healthy_40ms,lookup,next,90,true,520,76,20108,,2530
healthy_40ms,lookup,legacy,91,true,320,42,5460,,40
healthy_40ms,lookup,next,91,true,600,80,21158,,2798
healthy_40ms,lookup,legacy,92,true,280,40,5200,,38
healthy_40ms,lookup,next,92,true,520,76,20108,,2656
healthy_40ms,lookup,legacy,93,true,320,42,5460,,38
healthy_40ms,lookup,next,93,true,600,80,21158,,2728
healthy_40ms,lookup,legacy,94,true,280,40,5200,,47
healthy_40ms,lookup,next,94,true,520,76,20108,,2582
healthy_40ms,lookup,legacy,95,true,280,40,5200,,37
healthy_40ms,lookup,next,95,true,520,76,20108,,2603
healthy_40ms,lookup,legacy,96,true,280,40,5200,,41
healthy_40ms,lookup,next,96,true,520,76,20108,,2553
healthy_40ms,lookup,legacy,97,true,280,40,5200,,37
healthy_40ms,lookup,next,97,true,520,76,20108,,2750
healthy_40ms,lookup,legacy,98,true,280,40,5200,,43
healthy_40ms,lookup,next,98,true,520,76,20108,,2649
healthy_40ms,lookup,legacy,99,true,280,40,5200,,38
healthy_40ms,lookup,next,99,true,520,76,20108,,2727
healthy_40ms,signaling,legacy,0,true,120,6,607,40,6
healthy_40ms,signaling,next,0,true,200,14,4398,40,653
healthy_40ms,signaling,legacy,1,true,120,6,607,40,3
healthy_40ms,signaling,next,1,true,200,14,4398,40,589
healthy_40ms,signaling,legacy,2,true,120,6,607,40,4
healthy_40ms,signaling,next,2,true,200,14,4398,40,629
healthy_40ms,signaling,legacy,3,true,120,6,607,40,3
healthy_40ms,signaling,next,3,true,200,14,4398,40,633
healthy_40ms,signaling,legacy,4,true,120,6,607,40,3
healthy_40ms,signaling,next,4,true,200,14,4398,40,637
healthy_40ms,signaling,legacy,5,true,120,6,607,40,4
healthy_40ms,signaling,next,5,true,200,14,4398,40,645
healthy_40ms,signaling,legacy,6,true,120,6,607,40,5
healthy_40ms,signaling,next,6,true,200,14,4398,40,615
healthy_40ms,signaling,legacy,7,true,120,6,607,40,4
healthy_40ms,signaling,next,7,true,200,14,4398,40,620
healthy_40ms,signaling,legacy,8,true,120,6,607,40,5
healthy_40ms,signaling,next,8,true,200,14,4398,40,625
healthy_40ms,signaling,legacy,9,true,120,6,607,40,5
healthy_40ms,signaling,next,9,true,200,14,4398,40,635
healthy_40ms,signaling,legacy,10,true,120,6,607,40,10
healthy_40ms,signaling,next,10,true,200,14,4398,40,652
healthy_40ms,signaling,legacy,11,true,120,6,607,40,4
healthy_40ms,signaling,next,11,true,200,14,4398,40,639
healthy_40ms,signaling,legacy,12,true,120,6,607,40,3
healthy_40ms,signaling,next,12,true,200,14,4398,40,639
healthy_40ms,signaling,legacy,13,true,120,6,607,40,3
healthy_40ms,signaling,next,13,true,200,14,4398,40,631
healthy_40ms,signaling,legacy,14,true,120,6,607,40,3
healthy_40ms,signaling,next,14,true,200,14,4398,40,651
healthy_40ms,signaling,legacy,15,true,120,6,607,40,3
healthy_40ms,signaling,next,15,true,200,14,4398,40,636
healthy_40ms,signaling,legacy,16,true,120,6,607,40,3
healthy_40ms,signaling,next,16,true,200,14,4398,40,631
healthy_40ms,signaling,legacy,17,true,120,6,607,40,3
healthy_40ms,signaling,next,17,true,200,14,4398,40,627
healthy_40ms,signaling,legacy,18,true,120,6,607,40,3
healthy_40ms,signaling,next,18,true,200,14,4398,40,635
healthy_40ms,signaling,legacy,19,true,120,6,607,40,3
healthy_40ms,signaling,next,19,true,200,14,4398,40,662
healthy_40ms,signaling,legacy,20,true,120,6,607,40,3
healthy_40ms,signaling,next,20,true,200,14,4398,40,647
healthy_40ms,signaling,legacy,21,true,120,6,607,40,3
healthy_40ms,signaling,next,21,true,200,14,4398,40,617
healthy_40ms,signaling,legacy,22,true,120,6,607,40,3
healthy_40ms,signaling,next,22,true,200,14,4398,40,612
healthy_40ms,signaling,legacy,23,true,120,6,607,40,3
healthy_40ms,signaling,next,23,true,200,14,4398,40,619
healthy_40ms,signaling,legacy,24,true,120,6,607,40,3
healthy_40ms,signaling,next,24,true,200,14,4398,40,608
healthy_40ms,signaling,legacy,25,true,120,6,607,40,3
healthy_40ms,signaling,next,25,true,200,14,4398,40,616
healthy_40ms,signaling,legacy,26,true,120,6,607,40,3
healthy_40ms,signaling,next,26,true,200,14,4398,40,586
healthy_40ms,signaling,legacy,27,true,120,6,607,40,3
healthy_40ms,signaling,next,27,true,200,14,4398,40,632
healthy_40ms,signaling,legacy,28,true,120,6,607,40,3
healthy_40ms,signaling,next,28,true,200,14,4398,40,633
healthy_40ms,signaling,legacy,29,true,120,6,607,40,3
healthy_40ms,signaling,next,29,true,200,14,4398,40,638
healthy_40ms,signaling,legacy,30,true,120,6,607,40,3
healthy_40ms,signaling,next,30,true,200,14,4398,40,628
healthy_40ms,signaling,legacy,31,true,120,6,607,40,3
healthy_40ms,signaling,next,31,true,200,14,4398,40,632
healthy_40ms,signaling,legacy,32,true,120,6,607,40,3
healthy_40ms,signaling,next,32,true,200,14,4398,40,638
healthy_40ms,signaling,legacy,33,true,120,6,607,40,3
healthy_40ms,signaling,next,33,true,200,14,4398,40,624
healthy_40ms,signaling,legacy,34,true,120,6,607,40,3
healthy_40ms,signaling,next,34,true,200,14,4398,40,636
healthy_40ms,signaling,legacy,35,true,120,6,607,40,4
healthy_40ms,signaling,next,35,true,200,14,4398,40,641
healthy_40ms,signaling,legacy,36,true,120,6,607,40,3
healthy_40ms,signaling,next,36,true,200,14,4398,40,640
healthy_40ms,signaling,legacy,37,true,120,6,607,40,3
healthy_40ms,signaling,next,37,true,200,14,4398,40,630
healthy_40ms,signaling,legacy,38,true,120,6,607,40,4
healthy_40ms,signaling,next,38,true,200,14,4398,40,643
healthy_40ms,signaling,legacy,39,true,120,6,607,40,3
healthy_40ms,signaling,next,39,true,200,14,4398,40,628
healthy_40ms,signaling,legacy,40,true,120,6,607,40,3
healthy_40ms,signaling,next,40,true,200,14,4398,40,590
healthy_40ms,signaling,legacy,41,true,120,6,607,40,4
healthy_40ms,signaling,next,41,true,200,14,4398,40,645
healthy_40ms,signaling,legacy,42,true,120,6,607,40,3
healthy_40ms,signaling,next,42,true,200,14,4398,40,629
healthy_40ms,signaling,legacy,43,true,120,6,607,40,3
healthy_40ms,signaling,next,43,true,200,14,4398,40,642
healthy_40ms,signaling,legacy,44,true,120,6,607,40,3
healthy_40ms,signaling,next,44,true,200,14,4398,40,653
healthy_40ms,signaling,legacy,45,true,120,6,607,40,3
healthy_40ms,signaling,next,45,true,200,14,4398,40,612
healthy_40ms,signaling,legacy,46,true,120,6,607,40,3
healthy_40ms,signaling,next,46,true,200,14,4398,40,644
healthy_40ms,signaling,legacy,47,true,120,6,607,40,3
healthy_40ms,signaling,next,47,true,200,14,4398,40,658
healthy_40ms,signaling,legacy,48,true,120,6,607,40,3
healthy_40ms,signaling,next,48,true,200,14,4398,40,636
healthy_40ms,signaling,legacy,49,true,120,6,607,40,3
healthy_40ms,signaling,next,49,true,200,14,4398,40,612
healthy_40ms,signaling,legacy,50,true,120,6,607,40,3
healthy_40ms,signaling,next,50,true,200,14,4398,40,621
healthy_40ms,signaling,legacy,51,true,120,6,607,40,3
healthy_40ms,signaling,next,51,true,200,14,4398,40,618
healthy_40ms,signaling,legacy,52,true,120,6,607,40,3
healthy_40ms,signaling,next,52,true,200,14,4398,40,619
healthy_40ms,signaling,legacy,53,true,120,6,607,40,3
healthy_40ms,signaling,next,53,true,200,14,4398,40,603
healthy_40ms,signaling,legacy,54,true,120,6,607,40,3
healthy_40ms,signaling,next,54,true,200,14,4398,40,621
healthy_40ms,signaling,legacy,55,true,120,6,607,40,3
healthy_40ms,signaling,next,55,true,200,14,4398,40,648
healthy_40ms,signaling,legacy,56,true,120,6,607,40,3
healthy_40ms,signaling,next,56,true,200,14,4398,40,635
healthy_40ms,signaling,legacy,57,true,120,6,607,40,3
healthy_40ms,signaling,next,57,true,200,14,4398,40,632
healthy_40ms,signaling,legacy,58,true,120,6,607,40,3
healthy_40ms,signaling,next,58,true,200,14,4398,40,655
healthy_40ms,signaling,legacy,59,true,120,6,607,40,3
healthy_40ms,signaling,next,59,true,200,14,4398,40,642
healthy_40ms,signaling,legacy,60,true,120,6,607,40,3
healthy_40ms,signaling,next,60,true,200,14,4398,40,624
healthy_40ms,signaling,legacy,61,true,120,6,607,40,3
healthy_40ms,signaling,next,61,true,200,14,4398,40,633
healthy_40ms,signaling,legacy,62,true,120,6,607,40,3
healthy_40ms,signaling,next,62,true,200,14,4398,40,609
healthy_40ms,signaling,legacy,63,true,120,6,607,40,3
healthy_40ms,signaling,next,63,true,200,14,4398,40,641
healthy_40ms,signaling,legacy,64,true,120,6,607,40,3
healthy_40ms,signaling,next,64,true,200,14,4398,40,620
healthy_40ms,signaling,legacy,65,true,120,6,607,40,3
healthy_40ms,signaling,next,65,true,200,14,4398,40,633
healthy_40ms,signaling,legacy,66,true,120,6,607,40,3
healthy_40ms,signaling,next,66,true,200,14,4398,40,635
healthy_40ms,signaling,legacy,67,true,120,6,607,40,3
healthy_40ms,signaling,next,67,true,200,14,4398,40,617
healthy_40ms,signaling,legacy,68,true,120,6,607,40,3
healthy_40ms,signaling,next,68,true,200,14,4398,40,635
healthy_40ms,signaling,legacy,69,true,120,6,607,40,3
healthy_40ms,signaling,next,69,true,200,14,4398,40,605
healthy_40ms,signaling,legacy,70,true,120,6,607,40,3
healthy_40ms,signaling,next,70,true,200,14,4398,40,631
healthy_40ms,signaling,legacy,71,true,120,6,607,40,3
healthy_40ms,signaling,next,71,true,200,14,4398,40,624
healthy_40ms,signaling,legacy,72,true,120,6,607,40,3
healthy_40ms,signaling,next,72,true,200,14,4398,40,641
healthy_40ms,signaling,legacy,73,true,120,6,607,40,3
healthy_40ms,signaling,next,73,true,200,14,4398,40,630
healthy_40ms,signaling,legacy,74,true,120,6,607,40,3
healthy_40ms,signaling,next,74,true,200,14,4398,40,635
healthy_40ms,signaling,legacy,75,true,120,6,607,40,3
healthy_40ms,signaling,next,75,true,200,14,4398,40,624
healthy_40ms,signaling,legacy,76,true,120,6,607,40,2
healthy_40ms,signaling,next,76,true,200,14,4398,40,644
healthy_40ms,signaling,legacy,77,true,120,6,607,40,3
healthy_40ms,signaling,next,77,true,200,14,4398,40,640
healthy_40ms,signaling,legacy,78,true,120,6,607,40,3
healthy_40ms,signaling,next,78,true,200,14,4398,40,638
healthy_40ms,signaling,legacy,79,true,120,6,607,40,3
healthy_40ms,signaling,next,79,true,200,14,4398,40,620
healthy_40ms,signaling,legacy,80,true,120,6,607,40,3
healthy_40ms,signaling,next,80,true,200,14,4398,40,616
healthy_40ms,signaling,legacy,81,true,120,6,607,40,3
healthy_40ms,signaling,next,81,true,200,14,4398,40,629
healthy_40ms,signaling,legacy,82,true,120,6,607,40,3
healthy_40ms,signaling,next,82,true,200,14,4398,40,623
healthy_40ms,signaling,legacy,83,true,120,6,607,40,3
healthy_40ms,signaling,next,83,true,200,14,4398,40,592
healthy_40ms,signaling,legacy,84,true,120,6,607,40,3
healthy_40ms,signaling,next,84,true,200,14,4398,40,647
healthy_40ms,signaling,legacy,85,true,120,6,607,40,3
healthy_40ms,signaling,next,85,true,200,14,4398,40,635
healthy_40ms,signaling,legacy,86,true,120,6,607,40,3
healthy_40ms,signaling,next,86,true,200,14,4398,40,557
healthy_40ms,signaling,legacy,87,true,120,6,607,40,4
healthy_40ms,signaling,next,87,true,200,14,4398,40,638
healthy_40ms,signaling,legacy,88,true,120,6,607,40,5
healthy_40ms,signaling,next,88,true,200,14,4398,40,649
healthy_40ms,signaling,legacy,89,true,120,6,607,40,3
healthy_40ms,signaling,next,89,true,200,14,4398,40,649
healthy_40ms,signaling,legacy,90,true,120,6,607,40,3
healthy_40ms,signaling,next,90,true,200,14,4398,40,635
healthy_40ms,signaling,legacy,91,true,120,6,607,40,3
healthy_40ms,signaling,next,91,true,200,14,4398,40,615
healthy_40ms,signaling,legacy,92,true,120,6,607,40,2
healthy_40ms,signaling,next,92,true,200,14,4398,40,615
healthy_40ms,signaling,legacy,93,true,120,6,607,40,3
healthy_40ms,signaling,next,93,true,200,14,4398,40,619
healthy_40ms,signaling,legacy,94,true,120,6,607,40,3
healthy_40ms,signaling,next,94,true,200,14,4398,40,638
healthy_40ms,signaling,legacy,95,true,120,6,607,40,3
healthy_40ms,signaling,next,95,true,200,14,4398,40,643
healthy_40ms,signaling,legacy,96,true,120,6,607,40,3
healthy_40ms,signaling,next,96,true,200,14,4398,40,633
healthy_40ms,signaling,legacy,97,true,120,6,607,40,2
healthy_40ms,signaling,next,97,true,200,14,4398,40,634
healthy_40ms,signaling,legacy,98,true,120,6,607,40,2
healthy_40ms,signaling,next,98,true,200,14,4398,40,618
healthy_40ms,signaling,legacy,99,true,120,6,607,40,3
healthy_40ms,signaling,next,99,true,200,14,4398,40,649
wan_200ms,lookup,legacy,0,true,1600,42,5460,,68
wan_200ms,lookup,next,0,true,3000,80,21158,,3137
wan_200ms,lookup,legacy,1,true,1600,42,5460,,73
wan_200ms,lookup,next,1,true,3000,80,21158,,3142
wan_200ms,lookup,legacy,2,true,1400,40,5200,,62
wan_200ms,lookup,next,2,true,2600,76,20108,,3051
wan_200ms,lookup,legacy,3,true,1400,40,5200,,70
wan_200ms,lookup,next,3,true,2600,76,20108,,3037
wan_200ms,lookup,legacy,4,true,1400,40,5200,,72
wan_200ms,lookup,next,4,true,2600,76,20108,,2899
wan_200ms,lookup,legacy,5,true,1400,40,5200,,62
wan_200ms,lookup,next,5,true,2600,76,20108,,3023
wan_200ms,lookup,legacy,6,true,1400,40,5200,,57
wan_200ms,lookup,next,6,true,2600,76,20108,,3045
wan_200ms,lookup,legacy,7,true,1400,40,5200,,63
wan_200ms,lookup,next,7,true,2600,76,20108,,3015
wan_200ms,lookup,legacy,8,true,1600,42,5460,,68
wan_200ms,lookup,next,8,true,3000,80,21158,,3157
wan_200ms,lookup,legacy,9,true,1400,40,5200,,71
wan_200ms,lookup,next,9,true,2600,76,20108,,2984
wan_200ms,lookup,legacy,10,true,1400,40,5200,,62
wan_200ms,lookup,next,10,true,2600,76,20108,,2844
wan_200ms,lookup,legacy,11,true,1400,40,5200,,60
wan_200ms,lookup,next,11,true,2600,76,20108,,2945
wan_200ms,lookup,legacy,12,true,1600,42,5460,,65
wan_200ms,lookup,next,12,true,3000,80,21158,,3056
wan_200ms,lookup,legacy,13,true,1600,42,5460,,65
wan_200ms,lookup,next,13,true,3000,80,21158,,3170
wan_200ms,lookup,legacy,14,true,1600,42,5460,,64
wan_200ms,lookup,next,14,true,3000,80,21158,,3047
wan_200ms,lookup,legacy,15,true,1600,42,5460,,63
wan_200ms,lookup,next,15,true,3000,80,21158,,3035
wan_200ms,lookup,legacy,16,true,1600,42,5460,,63
wan_200ms,lookup,next,16,true,3000,80,21158,,3136
wan_200ms,lookup,legacy,17,true,1400,40,5200,,63
wan_200ms,lookup,next,17,true,2600,76,20108,,2891
wan_200ms,lookup,legacy,18,true,1600,42,5460,,66
wan_200ms,lookup,next,18,true,3000,80,21158,,3094
wan_200ms,lookup,legacy,19,true,1400,40,5200,,61
wan_200ms,lookup,next,19,true,2600,76,20108,,2961
wan_200ms,lookup,legacy,20,true,1400,40,5200,,59
wan_200ms,lookup,next,20,true,2600,76,20108,,2778
wan_200ms,lookup,legacy,21,true,1400,40,5200,,66
wan_200ms,lookup,next,21,true,2600,76,20108,,2934
wan_200ms,lookup,legacy,22,true,1600,42,5460,,69
wan_200ms,lookup,next,22,true,3000,80,21158,,3043
wan_200ms,lookup,legacy,23,true,1600,42,5460,,76
wan_200ms,lookup,next,23,true,3000,80,21158,,3091
wan_200ms,lookup,legacy,24,true,1400,40,5200,,58
wan_200ms,lookup,next,24,true,2600,76,20108,,2861
wan_200ms,lookup,legacy,25,true,1400,40,5200,,59
wan_200ms,lookup,next,25,true,2600,76,20108,,2904
wan_200ms,lookup,legacy,26,true,1400,40,5200,,61
wan_200ms,lookup,next,26,true,2600,76,20108,,2846
wan_200ms,lookup,legacy,27,true,1400,40,5200,,59
wan_200ms,lookup,next,27,true,2600,76,20108,,2582
wan_200ms,lookup,legacy,28,true,1600,42,5460,,62
wan_200ms,lookup,next,28,true,3000,80,21158,,3126
wan_200ms,lookup,legacy,29,true,1600,42,5460,,73
wan_200ms,lookup,next,29,true,3000,80,21158,,3021
wan_200ms,lookup,legacy,30,true,1600,42,5460,,67
wan_200ms,lookup,next,30,true,3000,80,21158,,2788
wan_200ms,lookup,legacy,31,true,1600,42,5460,,68
wan_200ms,lookup,next,31,true,3000,80,21158,,3159
wan_200ms,lookup,legacy,32,true,1600,42,5460,,74
wan_200ms,lookup,next,32,true,3000,80,21158,,3064
wan_200ms,lookup,legacy,33,true,1400,40,5200,,58
wan_200ms,lookup,next,33,true,2600,76,20108,,2919
wan_200ms,lookup,legacy,34,true,1400,40,5200,,58
wan_200ms,lookup,next,34,true,2600,76,20108,,2874
wan_200ms,lookup,legacy,35,true,1400,40,5200,,61
wan_200ms,lookup,next,35,true,2600,76,20108,,2924
wan_200ms,lookup,legacy,36,true,1400,40,5200,,60
wan_200ms,lookup,next,36,true,2600,76,20108,,2883
wan_200ms,lookup,legacy,37,true,1400,40,5200,,59
wan_200ms,lookup,next,37,true,2600,76,20108,,2917
wan_200ms,lookup,legacy,38,true,1600,42,5460,,68
wan_200ms,lookup,next,38,true,3000,80,21158,,3084
wan_200ms,lookup,legacy,39,true,1400,40,5200,,60
wan_200ms,lookup,next,39,true,2600,76,20108,,2867
wan_200ms,lookup,legacy,40,true,1600,42,5460,,63
wan_200ms,lookup,next,40,true,3000,80,21158,,3041
wan_200ms,lookup,legacy,41,true,1600,42,5460,,62
wan_200ms,lookup,next,41,true,3000,80,21158,,3149
wan_200ms,lookup,legacy,42,true,1400,40,5200,,58
wan_200ms,lookup,next,42,true,2600,76,20108,,2909
wan_200ms,lookup,legacy,43,true,1400,40,5200,,58
wan_200ms,lookup,next,43,true,2600,76,20108,,2926
wan_200ms,lookup,legacy,44,true,1600,42,5460,,80
wan_200ms,lookup,next,44,true,3000,80,21158,,3106
wan_200ms,lookup,legacy,45,true,1600,42,5460,,67
wan_200ms,lookup,next,45,true,3000,80,21158,,3141
wan_200ms,lookup,legacy,46,true,1400,40,5200,,59
wan_200ms,lookup,next,46,true,2600,76,20108,,2924
wan_200ms,lookup,legacy,47,true,1400,40,5200,,60
wan_200ms,lookup,next,47,true,2600,76,20108,,2908
wan_200ms,lookup,legacy,48,true,1400,40,5200,,60
wan_200ms,lookup,next,48,true,2600,76,20108,,2975
wan_200ms,lookup,legacy,49,true,1600,42,5460,,72
wan_200ms,lookup,next,49,true,3000,80,21158,,3103
wan_200ms,lookup,legacy,50,true,1400,40,5200,,61
wan_200ms,lookup,next,50,true,2600,76,20108,,2977
wan_200ms,lookup,legacy,51,true,1400,40,5200,,59
wan_200ms,lookup,next,51,true,2600,76,20108,,3264
wan_200ms,lookup,legacy,52,true,1400,40,5200,,71
wan_200ms,lookup,next,52,true,2600,76,20108,,2764
wan_200ms,lookup,legacy,53,true,1600,42,5460,,77
wan_200ms,lookup,next,53,true,3000,80,21158,,3222
wan_200ms,lookup,legacy,54,true,1400,40,5200,,72
wan_200ms,lookup,next,54,true,2600,76,20108,,2933
wan_200ms,lookup,legacy,55,true,1600,42,5460,,71
wan_200ms,lookup,next,55,true,3000,80,21158,,3155
wan_200ms,lookup,legacy,56,true,1600,42,5460,,71
wan_200ms,lookup,next,56,true,3000,80,21158,,3044
wan_200ms,lookup,legacy,57,true,1400,40,5200,,63
wan_200ms,lookup,next,57,true,2600,76,20108,,2907
wan_200ms,lookup,legacy,58,true,1400,40,5200,,66
wan_200ms,lookup,next,58,true,2600,76,20108,,2870
wan_200ms,lookup,legacy,59,true,1600,42,5460,,69
wan_200ms,lookup,next,59,true,3000,80,21158,,3103
wan_200ms,lookup,legacy,60,true,1400,40,5200,,58
wan_200ms,lookup,next,60,true,2600,76,20108,,2843
wan_200ms,lookup,legacy,61,true,1400,40,5200,,60
wan_200ms,lookup,next,61,true,2600,76,20108,,2867
wan_200ms,lookup,legacy,62,true,1400,40,5200,,58
wan_200ms,lookup,next,62,true,2600,76,20108,,2897
wan_200ms,lookup,legacy,63,true,1600,44,5720,,68
wan_200ms,lookup,next,63,true,3000,84,22208,,3201
wan_200ms,lookup,legacy,64,true,1600,44,5720,,71
wan_200ms,lookup,next,64,true,3000,84,22208,,3274
wan_200ms,lookup,legacy,65,true,1600,42,5460,,71
wan_200ms,lookup,next,65,true,3000,80,21158,,3114
wan_200ms,lookup,legacy,66,true,1400,40,5200,,67
wan_200ms,lookup,next,66,true,2600,76,20108,,2875
wan_200ms,lookup,legacy,67,true,1600,42,5460,,71
wan_200ms,lookup,next,67,true,3000,80,21158,,3169
wan_200ms,lookup,legacy,68,true,1400,40,5200,,63
wan_200ms,lookup,next,68,true,2600,76,20108,,2923
wan_200ms,lookup,legacy,69,true,1400,40,5200,,62
wan_200ms,lookup,next,69,true,2600,76,20108,,2895
wan_200ms,lookup,legacy,70,true,1400,40,5200,,62
wan_200ms,lookup,next,70,true,2600,76,20108,,2920
wan_200ms,lookup,legacy,71,true,1400,40,5200,,61
wan_200ms,lookup,next,71,true,2600,76,20108,,2979
wan_200ms,lookup,legacy,72,true,1600,44,5720,,67
wan_200ms,lookup,next,72,true,3000,84,22208,,3310
wan_200ms,lookup,legacy,73,true,1400,40,5200,,63
wan_200ms,lookup,next,73,true,2600,76,20108,,2843
wan_200ms,lookup,legacy,74,true,1400,40,5200,,59
wan_200ms,lookup,next,74,true,2600,76,20108,,2977
wan_200ms,lookup,legacy,75,true,1400,40,5200,,62
wan_200ms,lookup,next,75,true,2600,76,20108,,2934
wan_200ms,lookup,legacy,76,true,1400,40,5200,,58
wan_200ms,lookup,next,76,true,2600,76,20108,,2861
wan_200ms,lookup,legacy,77,true,1600,42,5460,,66
wan_200ms,lookup,next,77,true,3000,80,21158,,3167
wan_200ms,lookup,legacy,78,true,1400,40,5200,,58
wan_200ms,lookup,next,78,true,2600,76,20108,,2943
wan_200ms,lookup,legacy,79,true,1400,40,5200,,60
wan_200ms,lookup,next,79,true,2600,76,20108,,2958
wan_200ms,lookup,legacy,80,true,1600,42,5460,,67
wan_200ms,lookup,next,80,true,3000,80,21158,,3209
wan_200ms,lookup,legacy,81,true,1600,42,5460,,71
wan_200ms,lookup,next,81,true,3000,80,21158,,3134
wan_200ms,lookup,legacy,82,true,1400,40,5200,,66
wan_200ms,lookup,next,82,true,2600,76,20108,,2950
wan_200ms,lookup,legacy,83,true,1400,40,5200,,65
wan_200ms,lookup,next,83,true,2600,76,20108,,2895
wan_200ms,lookup,legacy,84,true,1400,40,5200,,60
wan_200ms,lookup,next,84,true,2600,76,20108,,2939
wan_200ms,lookup,legacy,85,true,1400,40,5200,,62
wan_200ms,lookup,next,85,true,2600,76,20108,,2915
wan_200ms,lookup,legacy,86,true,1400,40,5200,,61
wan_200ms,lookup,next,86,true,2600,76,20108,,2850
wan_200ms,lookup,legacy,87,true,1400,40,5200,,60
wan_200ms,lookup,next,87,true,2600,76,20108,,2964
wan_200ms,lookup,legacy,88,true,1600,42,5460,,63
wan_200ms,lookup,next,88,true,3000,80,21158,,3052
wan_200ms,lookup,legacy,89,true,1600,42,5460,,66
wan_200ms,lookup,next,89,true,3000,80,21158,,3113
wan_200ms,lookup,legacy,90,true,1400,40,5200,,56
wan_200ms,lookup,next,90,true,2600,76,20108,,2969
wan_200ms,lookup,legacy,91,true,1600,42,5460,,70
wan_200ms,lookup,next,91,true,3000,80,21158,,3079
wan_200ms,lookup,legacy,92,true,1400,40,5200,,60
wan_200ms,lookup,next,92,true,2600,76,20108,,2966
wan_200ms,lookup,legacy,93,true,1600,42,5460,,67
wan_200ms,lookup,next,93,true,3000,80,21158,,3134
wan_200ms,lookup,legacy,94,true,1400,40,5200,,66
wan_200ms,lookup,next,94,true,2600,76,20108,,2859
wan_200ms,lookup,legacy,95,true,1400,40,5200,,62
wan_200ms,lookup,next,95,true,2600,76,20108,,2858
wan_200ms,lookup,legacy,96,true,1400,40,5200,,59
wan_200ms,lookup,next,96,true,2600,76,20108,,2823
wan_200ms,lookup,legacy,97,true,1400,40,5200,,59
wan_200ms,lookup,next,97,true,2600,76,20108,,2886
wan_200ms,lookup,legacy,98,true,1400,40,5200,,60
wan_200ms,lookup,next,98,true,2600,76,20108,,2981
wan_200ms,lookup,legacy,99,true,1400,40,5200,,61
wan_200ms,lookup,next,99,true,2600,76,20108,,2915
wan_200ms,signaling,legacy,0,true,600,6,607,200,8
wan_200ms,signaling,next,0,true,1000,14,4398,200,652
wan_200ms,signaling,legacy,1,true,600,6,607,200,5
wan_200ms,signaling,next,1,true,1000,14,4398,200,665
wan_200ms,signaling,legacy,2,true,600,6,607,200,6
wan_200ms,signaling,next,2,true,1000,14,4398,200,641
wan_200ms,signaling,legacy,3,true,600,6,607,200,4
wan_200ms,signaling,next,3,true,1000,14,4398,200,633
wan_200ms,signaling,legacy,4,true,600,6,607,200,4
wan_200ms,signaling,next,4,true,1000,14,4398,200,630
wan_200ms,signaling,legacy,5,true,600,6,607,200,4
wan_200ms,signaling,next,5,true,1000,14,4398,200,632
wan_200ms,signaling,legacy,6,true,600,6,607,200,4
wan_200ms,signaling,next,6,true,1000,14,4398,200,621
wan_200ms,signaling,legacy,7,true,600,6,607,200,4
wan_200ms,signaling,next,7,true,1000,14,4398,200,629
wan_200ms,signaling,legacy,8,true,600,6,607,200,4
wan_200ms,signaling,next,8,true,1000,14,4398,200,615
wan_200ms,signaling,legacy,9,true,600,6,607,200,4
wan_200ms,signaling,next,9,true,1000,14,4398,200,570
wan_200ms,signaling,legacy,10,true,600,6,607,200,4
wan_200ms,signaling,next,10,true,1000,14,4398,200,618
wan_200ms,signaling,legacy,11,true,600,6,607,200,4
wan_200ms,signaling,next,11,true,1000,14,4398,200,634
wan_200ms,signaling,legacy,12,true,600,6,607,200,4
wan_200ms,signaling,next,12,true,1000,14,4398,200,630
wan_200ms,signaling,legacy,13,true,600,6,607,200,4
wan_200ms,signaling,next,13,true,1000,14,4398,200,637
wan_200ms,signaling,legacy,14,true,600,6,607,200,7
wan_200ms,signaling,next,14,true,1000,14,4398,200,637
wan_200ms,signaling,legacy,15,true,600,6,607,200,4
wan_200ms,signaling,next,15,true,1000,14,4398,200,627
wan_200ms,signaling,legacy,16,true,600,6,607,200,4
wan_200ms,signaling,next,16,true,1000,14,4398,200,629
wan_200ms,signaling,legacy,17,true,600,6,607,200,4
wan_200ms,signaling,next,17,true,1000,14,4398,200,635
wan_200ms,signaling,legacy,18,true,600,6,607,200,4
wan_200ms,signaling,next,18,true,1000,14,4398,200,618
wan_200ms,signaling,legacy,19,true,600,6,607,200,4
wan_200ms,signaling,next,19,true,1000,14,4398,200,613
wan_200ms,signaling,legacy,20,true,600,6,607,200,4
wan_200ms,signaling,next,20,true,1000,14,4398,200,621
wan_200ms,signaling,legacy,21,true,600,6,607,200,4
wan_200ms,signaling,next,21,true,1000,14,4398,200,611
wan_200ms,signaling,legacy,22,true,600,6,607,200,6
wan_200ms,signaling,next,22,true,1000,14,4398,200,632
wan_200ms,signaling,legacy,23,true,600,6,607,200,6
wan_200ms,signaling,next,23,true,1000,14,4398,200,701
wan_200ms,signaling,legacy,24,true,600,6,607,200,5
wan_200ms,signaling,next,24,true,1000,14,4398,200,632
wan_200ms,signaling,legacy,25,true,600,6,607,200,4
wan_200ms,signaling,next,25,true,1000,14,4398,200,634
wan_200ms,signaling,legacy,26,true,600,6,607,200,5
wan_200ms,signaling,next,26,true,1000,14,4398,200,630
wan_200ms,signaling,legacy,27,true,600,6,607,200,4
wan_200ms,signaling,next,27,true,1000,14,4398,200,649
wan_200ms,signaling,legacy,28,true,600,6,607,200,6
wan_200ms,signaling,next,28,true,1000,14,4398,200,550
wan_200ms,signaling,legacy,29,true,600,6,607,200,4
wan_200ms,signaling,next,29,true,1000,14,4398,200,545
wan_200ms,signaling,legacy,30,true,600,6,607,200,3
wan_200ms,signaling,next,30,true,1000,14,4398,200,654
wan_200ms,signaling,legacy,31,true,600,6,607,200,5
wan_200ms,signaling,next,31,true,1000,14,4398,200,628
wan_200ms,signaling,legacy,32,true,600,6,607,200,6
wan_200ms,signaling,next,32,true,1000,14,4398,200,684
wan_200ms,signaling,legacy,33,true,600,6,607,200,6
wan_200ms,signaling,next,33,true,1000,14,4398,200,596
wan_200ms,signaling,legacy,34,true,600,6,607,200,6
wan_200ms,signaling,next,34,true,1000,14,4398,200,705
wan_200ms,signaling,legacy,35,true,600,6,607,200,5
wan_200ms,signaling,next,35,true,1000,14,4398,200,636
wan_200ms,signaling,legacy,36,true,600,6,607,200,5
wan_200ms,signaling,next,36,true,1000,14,4398,200,633
wan_200ms,signaling,legacy,37,true,600,6,607,200,5
wan_200ms,signaling,next,37,true,1000,14,4398,200,639
wan_200ms,signaling,legacy,38,true,600,6,607,200,4
wan_200ms,signaling,next,38,true,1000,14,4398,200,626
wan_200ms,signaling,legacy,39,true,600,6,607,200,4
wan_200ms,signaling,next,39,true,1000,14,4398,200,629
wan_200ms,signaling,legacy,40,true,600,6,607,200,5
wan_200ms,signaling,next,40,true,1000,14,4398,200,636
wan_200ms,signaling,legacy,41,true,600,6,607,200,4
wan_200ms,signaling,next,41,true,1000,14,4398,200,626
wan_200ms,signaling,legacy,42,true,600,6,607,200,4
wan_200ms,signaling,next,42,true,1000,14,4398,200,624
wan_200ms,signaling,legacy,43,true,600,6,607,200,4
wan_200ms,signaling,next,43,true,1000,14,4398,200,681
wan_200ms,signaling,legacy,44,true,600,6,607,200,6
wan_200ms,signaling,next,44,true,1000,14,4398,200,581
wan_200ms,signaling,legacy,45,true,600,6,607,200,4
wan_200ms,signaling,next,45,true,1000,14,4398,200,566
wan_200ms,signaling,legacy,46,true,600,6,607,200,4
wan_200ms,signaling,next,46,true,1000,14,4398,200,533
wan_200ms,signaling,legacy,47,true,600,6,607,200,4
wan_200ms,signaling,next,47,true,1000,14,4398,200,629
wan_200ms,signaling,legacy,48,true,600,6,607,200,4
wan_200ms,signaling,next,48,true,1000,14,4398,200,583
wan_200ms,signaling,legacy,49,true,600,6,607,200,3
wan_200ms,signaling,next,49,true,1000,14,4398,200,617
wan_200ms,signaling,legacy,50,true,600,6,607,200,3
wan_200ms,signaling,next,50,true,1000,14,4398,200,580
wan_200ms,signaling,legacy,51,true,600,6,607,200,3
wan_200ms,signaling,next,51,true,1000,14,4398,200,577
wan_200ms,signaling,legacy,52,true,600,6,607,200,3
wan_200ms,signaling,next,52,true,1000,14,4398,200,599
wan_200ms,signaling,legacy,53,true,600,6,607,200,5
wan_200ms,signaling,next,53,true,1000,14,4398,200,608
wan_200ms,signaling,legacy,54,true,600,6,607,200,5
wan_200ms,signaling,next,54,true,1000,14,4398,200,609
wan_200ms,signaling,legacy,55,true,600,6,607,200,4
wan_200ms,signaling,next,55,true,1000,14,4398,200,589
wan_200ms,signaling,legacy,56,true,600,6,607,200,4
wan_200ms,signaling,next,56,true,1000,14,4398,200,570
wan_200ms,signaling,legacy,57,true,600,6,607,200,4
wan_200ms,signaling,next,57,true,1000,14,4398,200,622
wan_200ms,signaling,legacy,58,true,600,6,607,200,5
wan_200ms,signaling,next,58,true,1000,14,4398,200,591
wan_200ms,signaling,legacy,59,true,600,6,607,200,4
wan_200ms,signaling,next,59,true,1000,14,4398,200,606
wan_200ms,signaling,legacy,60,true,600,6,607,200,4
wan_200ms,signaling,next,60,true,1000,14,4398,200,611
wan_200ms,signaling,legacy,61,true,600,6,607,200,4
wan_200ms,signaling,next,61,true,1000,14,4398,200,627
wan_200ms,signaling,legacy,62,true,600,6,607,200,6
wan_200ms,signaling,next,62,true,1000,14,4398,200,658
wan_200ms,signaling,legacy,63,true,600,6,607,200,4
wan_200ms,signaling,next,63,true,1000,14,4398,200,656
wan_200ms,signaling,legacy,64,true,600,6,607,200,6
wan_200ms,signaling,next,64,true,1000,14,4398,200,627
wan_200ms,signaling,legacy,65,true,600,6,607,200,5
wan_200ms,signaling,next,65,true,1000,14,4398,200,590
wan_200ms,signaling,legacy,66,true,600,6,607,200,4
wan_200ms,signaling,next,66,true,1000,14,4398,200,583
wan_200ms,signaling,legacy,67,true,600,6,607,200,3
wan_200ms,signaling,next,67,true,1000,14,4398,200,580
wan_200ms,signaling,legacy,68,true,600,6,607,200,4
wan_200ms,signaling,next,68,true,1000,14,4398,200,558
wan_200ms,signaling,legacy,69,true,600,6,607,200,4
wan_200ms,signaling,next,69,true,1000,14,4398,200,561
wan_200ms,signaling,legacy,70,true,600,6,607,200,3
wan_200ms,signaling,next,70,true,1000,14,4398,200,632
wan_200ms,signaling,legacy,71,true,600,6,607,200,6
wan_200ms,signaling,next,71,true,1000,14,4398,200,635
wan_200ms,signaling,legacy,72,true,600,6,607,200,5
wan_200ms,signaling,next,72,true,1000,14,4398,200,624
wan_200ms,signaling,legacy,73,true,600,6,607,200,4
wan_200ms,signaling,next,73,true,1000,14,4398,200,625
wan_200ms,signaling,legacy,74,true,600,6,607,200,4
wan_200ms,signaling,next,74,true,1000,14,4398,200,664
wan_200ms,signaling,legacy,75,true,600,6,607,200,4
wan_200ms,signaling,next,75,true,1000,14,4398,200,649
wan_200ms,signaling,legacy,76,true,600,6,607,200,4
wan_200ms,signaling,next,76,true,1000,14,4398,200,702
wan_200ms,signaling,legacy,77,true,600,6,607,200,5
wan_200ms,signaling,next,77,true,1000,14,4398,200,669
wan_200ms,signaling,legacy,78,true,600,6,607,200,4
wan_200ms,signaling,next,78,true,1000,14,4398,200,678
wan_200ms,signaling,legacy,79,true,600,6,607,200,4
wan_200ms,signaling,next,79,true,1000,14,4398,200,656
wan_200ms,signaling,legacy,80,true,600,6,607,200,7
wan_200ms,signaling,next,80,true,1000,14,4398,200,666
wan_200ms,signaling,legacy,81,true,600,6,607,200,5
wan_200ms,signaling,next,81,true,1000,14,4398,200,691
wan_200ms,signaling,legacy,82,true,600,6,607,200,6
wan_200ms,signaling,next,82,true,1000,14,4398,200,617
wan_200ms,signaling,legacy,83,true,600,6,607,200,5
wan_200ms,signaling,next,83,true,1000,14,4398,200,605
wan_200ms,signaling,legacy,84,true,600,6,607,200,4
wan_200ms,signaling,next,84,true,1000,14,4398,200,612
wan_200ms,signaling,legacy,85,true,600,6,607,200,5
wan_200ms,signaling,next,85,true,1000,14,4398,200,665
wan_200ms,signaling,legacy,86,true,600,6,607,200,6
wan_200ms,signaling,next,86,true,1000,14,4398,200,658
wan_200ms,signaling,legacy,87,true,600,6,607,200,6
wan_200ms,signaling,next,87,true,1000,14,4398,200,647
wan_200ms,signaling,legacy,88,true,600,6,607,200,6
wan_200ms,signaling,next,88,true,1000,14,4398,200,627
wan_200ms,signaling,legacy,89,true,600,6,607,200,5
wan_200ms,signaling,next,89,true,1000,14,4398,200,627
wan_200ms,signaling,legacy,90,true,600,6,607,200,4
wan_200ms,signaling,next,90,true,1000,14,4398,200,625
wan_200ms,signaling,legacy,91,true,600,6,607,200,4
wan_200ms,signaling,next,91,true,1000,14,4398,200,624
wan_200ms,signaling,legacy,92,true,600,6,607,200,4
wan_200ms,signaling,next,92,true,1000,14,4398,200,657
wan_200ms,signaling,legacy,93,true,600,6,607,200,7
wan_200ms,signaling,next,93,true,1000,14,4398,200,617
wan_200ms,signaling,legacy,94,true,600,6,607,200,29
wan_200ms,signaling,next,94,true,1000,14,4398,200,638
wan_200ms,signaling,legacy,95,true,600,6,607,200,5
wan_200ms,signaling,next,95,true,1000,14,4398,200,625
wan_200ms,signaling,legacy,96,true,600,6,607,200,4
wan_200ms,signaling,next,96,true,1000,14,4398,200,634
wan_200ms,signaling,legacy,97,true,600,6,607,200,6
wan_200ms,signaling,next,97,true,1000,14,4398,200,624
wan_200ms,signaling,legacy,98,true,600,6,607,200,5
wan_200ms,signaling,next,98,true,1000,14,4398,200,642
wan_200ms,signaling,legacy,99,true,600,6,607,200,6
wan_200ms,signaling,next,99,true,1000,14,4398,200,630
slow_800ms,lookup,legacy,0,false,500,4,520,,15
slow_800ms,lookup,next,0,true,8700,126,32048,,5347
slow_800ms,lookup,legacy,1,false,500,4,520,,19
slow_800ms,lookup,next,1,true,9200,144,36536,,5920
slow_800ms,lookup,legacy,2,false,500,4,520,,16
slow_800ms,lookup,next,2,true,8700,126,32048,,4902
slow_800ms,lookup,legacy,3,false,500,4,520,,14
slow_800ms,lookup,next,3,true,8700,132,33544,,5676
slow_800ms,lookup,legacy,4,false,500,4,520,,16
slow_800ms,lookup,next,4,true,7100,120,30552,,4638
slow_800ms,lookup,legacy,5,false,500,4,520,,14
slow_800ms,lookup,next,5,true,8700,132,33544,,5482
slow_800ms,lookup,legacy,6,false,500,4,520,,15
slow_800ms,lookup,next,6,true,8700,126,32048,,5406
slow_800ms,lookup,legacy,7,false,500,4,520,,20
slow_800ms,lookup,next,7,true,7100,120,30552,,4964
slow_800ms,lookup,legacy,8,false,500,4,520,,15
slow_800ms,lookup,next,8,true,8700,132,33544,,5400
slow_800ms,lookup,legacy,9,false,500,4,520,,17
slow_800ms,lookup,next,9,true,7100,120,30552,,4862
slow_800ms,lookup,legacy,10,false,500,4,520,,15
slow_800ms,lookup,next,10,true,7100,120,30552,,4818
slow_800ms,lookup,legacy,11,false,500,4,520,,14
slow_800ms,lookup,next,11,true,8700,126,32048,,5200
slow_800ms,lookup,legacy,12,false,500,4,520,,13
slow_800ms,lookup,next,12,true,8700,126,32048,,5224
slow_800ms,lookup,legacy,13,false,500,4,520,,14
slow_800ms,lookup,next,13,true,8700,126,32048,,5336
slow_800ms,lookup,legacy,14,false,500,4,520,,14
slow_800ms,lookup,next,14,true,8700,126,32048,,5307
slow_800ms,lookup,legacy,15,false,500,4,520,,17
slow_800ms,lookup,next,15,true,8700,138,35040,,5602
slow_800ms,lookup,legacy,16,false,500,4,520,,15
slow_800ms,lookup,next,16,true,8700,126,32048,,5212
slow_800ms,lookup,legacy,17,false,500,4,520,,13
slow_800ms,lookup,next,17,true,8700,126,32048,,5260
slow_800ms,lookup,legacy,18,false,500,4,520,,17
slow_800ms,lookup,next,18,true,8700,126,32048,,5204
slow_800ms,lookup,legacy,19,false,500,4,520,,14
slow_800ms,lookup,next,19,true,8700,126,32048,,5260
slow_800ms,lookup,legacy,20,false,500,4,520,,14
slow_800ms,lookup,next,20,true,8700,126,32048,,5365
slow_800ms,lookup,legacy,21,false,500,4,520,,16
slow_800ms,lookup,next,21,true,8700,132,33544,,5435
slow_800ms,lookup,legacy,22,false,500,4,520,,17
slow_800ms,lookup,next,22,true,8700,132,33544,,5467
slow_800ms,lookup,legacy,23,false,500,4,520,,14
slow_800ms,lookup,next,23,true,8700,126,32048,,5269
slow_800ms,lookup,legacy,24,false,500,4,520,,14
slow_800ms,lookup,next,24,true,8700,126,32048,,5274
slow_800ms,lookup,legacy,25,false,500,4,520,,17
slow_800ms,lookup,next,25,true,8700,126,32048,,5274
slow_800ms,lookup,legacy,26,false,500,4,520,,14
slow_800ms,lookup,next,26,true,7100,120,30552,,4813
slow_800ms,lookup,legacy,27,false,500,4,520,,14
slow_800ms,lookup,next,27,true,8700,126,32048,,5267
slow_800ms,lookup,legacy,28,false,500,4,520,,25
slow_800ms,lookup,next,28,true,8700,132,33544,,5573
slow_800ms,lookup,legacy,29,false,500,4,520,,15
slow_800ms,lookup,next,29,true,8700,126,32048,,5398
slow_800ms,lookup,legacy,30,false,500,4,520,,15
slow_800ms,lookup,next,30,true,8700,138,35040,,5878
slow_800ms,lookup,legacy,31,false,500,4,520,,13
slow_800ms,lookup,next,31,true,8700,132,33544,,5615
slow_800ms,lookup,legacy,32,false,500,4,520,,13
slow_800ms,lookup,next,32,true,8700,126,32048,,5504
slow_800ms,lookup,legacy,33,false,500,4,520,,12
slow_800ms,lookup,next,33,true,7100,120,30552,,4989
slow_800ms,lookup,legacy,34,false,500,4,520,,13
slow_800ms,lookup,next,34,true,8700,132,33544,,5608
slow_800ms,lookup,legacy,35,false,500,4,520,,13
slow_800ms,lookup,next,35,true,8700,126,32048,,5321
slow_800ms,lookup,legacy,36,false,500,4,520,,15
slow_800ms,lookup,next,36,true,8700,132,33544,,5450
slow_800ms,lookup,legacy,37,false,500,4,520,,13
slow_800ms,lookup,next,37,true,7100,120,30552,,4847
slow_800ms,lookup,legacy,38,false,500,4,520,,12
slow_800ms,lookup,next,38,true,8700,126,32048,,5275
slow_800ms,lookup,legacy,39,false,500,4,520,,14
slow_800ms,lookup,next,39,true,8700,126,32048,,5278
slow_800ms,lookup,legacy,40,false,500,4,520,,14
slow_800ms,lookup,next,40,true,8700,126,32048,,5302
slow_800ms,lookup,legacy,41,false,500,4,520,,14
slow_800ms,lookup,next,41,true,8700,126,32048,,5384
slow_800ms,lookup,legacy,42,false,500,4,520,,14
slow_800ms,lookup,next,42,true,8700,126,32048,,5430
slow_800ms,lookup,legacy,43,false,500,4,520,,16
slow_800ms,lookup,next,43,true,8700,132,33544,,5499
slow_800ms,lookup,legacy,44,false,500,4,520,,15
slow_800ms,lookup,next,44,true,8700,132,33544,,5575
slow_800ms,lookup,legacy,45,false,500,4,520,,13
slow_800ms,lookup,next,45,true,8700,126,32048,,5337
slow_800ms,lookup,legacy,46,false,500,4,520,,16
slow_800ms,lookup,next,46,true,8700,126,32048,,5428
slow_800ms,lookup,legacy,47,false,500,4,520,,13
slow_800ms,lookup,next,47,true,8700,126,32048,,5361
slow_800ms,lookup,legacy,48,false,500,4,520,,14
slow_800ms,lookup,next,48,true,8700,126,32048,,5280
slow_800ms,lookup,legacy,49,false,500,4,520,,13
slow_800ms,lookup,next,49,true,8700,132,33544,,5548
slow_800ms,lookup,legacy,50,false,500,4,520,,15
slow_800ms,lookup,next,50,true,8700,126,32048,,5242
slow_800ms,lookup,legacy,51,false,500,4,520,,14
slow_800ms,lookup,next,51,true,7100,120,30552,,4941
slow_800ms,lookup,legacy,52,false,500,4,520,,12
slow_800ms,lookup,next,52,true,8700,126,32048,,5469
slow_800ms,lookup,legacy,53,false,500,4,520,,13
slow_800ms,lookup,next,53,true,8700,126,32048,,5432
slow_800ms,lookup,legacy,54,false,500,4,520,,12
slow_800ms,lookup,next,54,true,8700,126,32048,,5334
slow_800ms,lookup,legacy,55,false,500,4,520,,15
slow_800ms,lookup,next,55,true,8700,126,32048,,5347
slow_800ms,lookup,legacy,56,false,500,4,520,,12
slow_800ms,lookup,next,56,true,8700,126,32048,,5294
slow_800ms,lookup,legacy,57,false,500,4,520,,13
slow_800ms,lookup,next,57,true,7100,120,30552,,4828
slow_800ms,lookup,legacy,58,false,500,4,520,,12
slow_800ms,lookup,next,58,true,8700,126,32048,,5455
slow_800ms,lookup,legacy,59,false,500,4,520,,12
slow_800ms,lookup,next,59,true,8700,126,32048,,5206
slow_800ms,lookup,legacy,60,false,500,4,520,,13
slow_800ms,lookup,next,60,true,8700,132,33544,,5530
slow_800ms,lookup,legacy,61,false,500,4,520,,11
slow_800ms,lookup,next,61,true,8700,126,32048,,5375
slow_800ms,lookup,legacy,62,false,500,4,520,,17
slow_800ms,lookup,next,62,true,8700,126,32048,,5335
slow_800ms,lookup,legacy,63,false,500,4,520,,13
slow_800ms,lookup,next,63,true,8700,138,35040,,5764
slow_800ms,lookup,legacy,64,false,500,4,520,,14
slow_800ms,lookup,next,64,true,8700,132,33544,,5536
slow_800ms,lookup,legacy,65,false,500,4,520,,12
slow_800ms,lookup,next,65,true,8700,126,32048,,5578
slow_800ms,lookup,legacy,66,false,500,4,520,,15
slow_800ms,lookup,next,66,true,8700,126,32048,,5354
slow_800ms,lookup,legacy,67,false,500,4,520,,16
slow_800ms,lookup,next,67,true,8700,138,35040,,5976
slow_800ms,lookup,legacy,68,false,500,4,520,,13
slow_800ms,lookup,next,68,true,8700,138,35040,,5978
slow_800ms,lookup,legacy,69,false,500,4,520,,14
slow_800ms,lookup,next,69,true,8700,126,32048,,5552
slow_800ms,lookup,legacy,70,false,500,4,520,,12
slow_800ms,lookup,next,70,true,7100,120,30552,,5091
slow_800ms,lookup,legacy,71,false,500,4,520,,13
slow_800ms,lookup,next,71,true,8700,126,32048,,5367
slow_800ms,lookup,legacy,72,false,500,4,520,,14
slow_800ms,lookup,next,72,true,8700,132,33544,,5596
slow_800ms,lookup,legacy,73,false,500,4,520,,13
slow_800ms,lookup,next,73,true,8700,126,32048,,5272
slow_800ms,lookup,legacy,74,false,500,4,520,,14
slow_800ms,lookup,next,74,true,7100,120,30552,,4913
slow_800ms,lookup,legacy,75,false,500,4,520,,12
slow_800ms,lookup,next,75,true,8700,132,33544,,5634
slow_800ms,lookup,legacy,76,false,500,4,520,,13
slow_800ms,lookup,next,76,true,8700,126,32048,,5334
slow_800ms,lookup,legacy,77,false,500,4,520,,13
slow_800ms,lookup,next,77,true,8700,126,32048,,5346
slow_800ms,lookup,legacy,78,false,500,4,520,,14
slow_800ms,lookup,next,78,true,8700,132,33544,,5528
slow_800ms,lookup,legacy,79,false,500,4,520,,12
slow_800ms,lookup,next,79,true,7100,120,30552,,4848
slow_800ms,lookup,legacy,80,false,500,4,520,,13
slow_800ms,lookup,next,80,true,8700,132,33544,,5394
slow_800ms,lookup,legacy,81,false,500,4,520,,14
slow_800ms,lookup,next,81,true,8700,126,32048,,5283
slow_800ms,lookup,legacy,82,false,500,4,520,,13
slow_800ms,lookup,next,82,true,8700,126,32048,,5320
slow_800ms,lookup,legacy,83,false,500,4,520,,13
slow_800ms,lookup,next,83,true,8700,126,32048,,5283
slow_800ms,lookup,legacy,84,false,500,4,520,,12
slow_800ms,lookup,next,84,true,8700,126,32048,,5361
slow_800ms,lookup,legacy,85,false,500,4,520,,14
slow_800ms,lookup,next,85,true,8700,132,33544,,5574
slow_800ms,lookup,legacy,86,false,500,4,520,,12
slow_800ms,lookup,next,86,true,8700,132,33544,,5423
slow_800ms,lookup,legacy,87,false,500,4,520,,19
slow_800ms,lookup,next,87,true,8700,126,32048,,5360
slow_800ms,lookup,legacy,88,false,500,4,520,,12
slow_800ms,lookup,next,88,true,8700,132,33544,,5468
slow_800ms,lookup,legacy,89,false,500,4,520,,13
slow_800ms,lookup,next,89,true,8700,126,32048,,5248
slow_800ms,lookup,legacy,90,false,500,4,520,,15
slow_800ms,lookup,next,90,true,8700,132,33544,,5519
slow_800ms,lookup,legacy,91,false,500,4,520,,12
slow_800ms,lookup,next,91,true,8700,126,32048,,5314
slow_800ms,lookup,legacy,92,false,500,4,520,,14
slow_800ms,lookup,next,92,true,8700,126,32048,,5330
slow_800ms,lookup,legacy,93,false,500,4,520,,12
slow_800ms,lookup,next,93,true,8700,132,33544,,5446
slow_800ms,lookup,legacy,94,false,500,4,520,,13
slow_800ms,lookup,next,94,true,8700,126,32048,,5253
slow_800ms,lookup,legacy,95,false,500,4,520,,12
slow_800ms,lookup,next,95,true,8700,126,32048,,5277
slow_800ms,lookup,legacy,96,false,500,4,520,,12
slow_800ms,lookup,next,96,true,8700,132,33544,,5338
slow_800ms,lookup,legacy,97,false,500,4,520,,12
slow_800ms,lookup,next,97,true,8700,126,32048,,5413
slow_800ms,lookup,legacy,98,false,500,4,520,,13
slow_800ms,lookup,next,98,true,8700,126,32048,,5331
slow_800ms,lookup,legacy,99,false,500,4,520,,14
slow_800ms,lookup,next,99,true,8700,126,32048,,5218
slow_800ms,signaling,legacy,0,false,500,2,143,500,5
slow_800ms,signaling,next,0,true,4000,26,8044,800,1004
slow_800ms,signaling,legacy,1,false,500,2,143,500,2
slow_800ms,signaling,next,1,true,4000,26,8044,800,994
slow_800ms,signaling,legacy,2,false,500,2,143,500,2
slow_800ms,signaling,next,2,true,4000,26,8044,800,973
slow_800ms,signaling,legacy,3,false,500,2,143,500,2
slow_800ms,signaling,next,3,true,4000,26,8044,800,995
slow_800ms,signaling,legacy,4,false,500,2,143,500,2
slow_800ms,signaling,next,4,true,4000,26,8044,800,977
slow_800ms,signaling,legacy,5,false,500,2,143,500,3
slow_800ms,signaling,next,5,true,4000,26,8044,800,994
slow_800ms,signaling,legacy,6,false,500,2,143,500,3
slow_800ms,signaling,next,6,true,4000,26,8044,800,974
slow_800ms,signaling,legacy,7,false,500,2,143,500,2
slow_800ms,signaling,next,7,true,4000,26,8044,800,996
slow_800ms,signaling,legacy,8,false,500,2,143,500,2
slow_800ms,signaling,next,8,true,4000,26,8044,800,989
slow_800ms,signaling,legacy,9,false,500,2,143,500,2
slow_800ms,signaling,next,9,true,4000,26,8044,800,1010
slow_800ms,signaling,legacy,10,false,500,2,143,500,2
slow_800ms,signaling,next,10,true,4000,26,8044,800,1024
slow_800ms,signaling,legacy,11,false,500,2,143,500,3
slow_800ms,signaling,next,11,true,4000,26,8044,800,991
slow_800ms,signaling,legacy,12,false,500,2,143,500,3
slow_800ms,signaling,next,12,true,4000,26,8044,800,967
slow_800ms,signaling,legacy,13,false,500,2,143,500,2
slow_800ms,signaling,next,13,true,4000,26,8044,800,1016
slow_800ms,signaling,legacy,14,false,500,2,143,500,2
slow_800ms,signaling,next,14,true,4000,26,8044,800,991
slow_800ms,signaling,legacy,15,false,500,2,143,500,3
slow_800ms,signaling,next,15,true,4000,26,8044,800,981
slow_800ms,signaling,legacy,16,false,500,2,143,500,2
slow_800ms,signaling,next,16,true,4000,26,8044,800,982
slow_800ms,signaling,legacy,17,false,500,2,143,500,2
slow_800ms,signaling,next,17,true,4000,26,8044,800,975
slow_800ms,signaling,legacy,18,false,500,2,143,500,2
slow_800ms,signaling,next,18,true,4000,26,8044,800,988
slow_800ms,signaling,legacy,19,false,500,2,143,500,2
slow_800ms,signaling,next,19,true,4000,26,8044,800,1001
slow_800ms,signaling,legacy,20,false,500,2,143,500,2
slow_800ms,signaling,next,20,true,4000,26,8044,800,1001
slow_800ms,signaling,legacy,21,false,500,2,143,500,2
slow_800ms,signaling,next,21,true,4000,26,8044,800,1028
slow_800ms,signaling,legacy,22,false,500,2,143,500,3
slow_800ms,signaling,next,22,true,4000,26,8044,800,1032
slow_800ms,signaling,legacy,23,false,500,2,143,500,2
slow_800ms,signaling,next,23,true,4000,26,8044,800,1006
slow_800ms,signaling,legacy,24,false,500,2,143,500,2
slow_800ms,signaling,next,24,true,4000,26,8044,800,1019
slow_800ms,signaling,legacy,25,false,500,2,143,500,2
slow_800ms,signaling,next,25,true,4000,26,8044,800,1019
slow_800ms,signaling,legacy,26,false,500,2,143,500,2
slow_800ms,signaling,next,26,true,4000,26,8044,800,1005
slow_800ms,signaling,legacy,27,false,500,2,143,500,2
slow_800ms,signaling,next,27,true,4000,26,8044,800,981
slow_800ms,signaling,legacy,28,false,500,2,143,500,2
slow_800ms,signaling,next,28,true,4000,26,8044,800,1001
slow_800ms,signaling,legacy,29,false,500,2,143,500,3
slow_800ms,signaling,next,29,true,4000,26,8044,800,1023
slow_800ms,signaling,legacy,30,false,500,2,143,500,3
slow_800ms,signaling,next,30,true,4000,26,8044,800,1019
slow_800ms,signaling,legacy,31,false,500,2,143,500,2
slow_800ms,signaling,next,31,true,4000,26,8044,800,964
slow_800ms,signaling,legacy,32,false,500,2,143,500,2
slow_800ms,signaling,next,32,true,4000,26,8044,800,1002
slow_800ms,signaling,legacy,33,false,500,2,143,500,2
slow_800ms,signaling,next,33,true,4000,26,8044,800,1009
slow_800ms,signaling,legacy,34,false,500,2,143,500,3
slow_800ms,signaling,next,34,true,4000,26,8044,800,1014
slow_800ms,signaling,legacy,35,false,500,2,143,500,2
slow_800ms,signaling,next,35,true,4000,26,8044,800,1009
slow_800ms,signaling,legacy,36,false,500,2,143,500,2
slow_800ms,signaling,next,36,true,4000,26,8044,800,986
slow_800ms,signaling,legacy,37,false,500,2,143,500,2
slow_800ms,signaling,next,37,true,4000,26,8044,800,974
slow_800ms,signaling,legacy,38,false,500,2,143,500,2
slow_800ms,signaling,next,38,true,4000,26,8044,800,996
slow_800ms,signaling,legacy,39,false,500,2,143,500,3
slow_800ms,signaling,next,39,true,4000,26,8044,800,1012
slow_800ms,signaling,legacy,40,false,500,2,143,500,2
slow_800ms,signaling,next,40,true,4000,26,8044,800,1000
slow_800ms,signaling,legacy,41,false,500,2,143,500,3
slow_800ms,signaling,next,41,true,4000,26,8044,800,1005
slow_800ms,signaling,legacy,42,false,500,2,143,500,2
slow_800ms,signaling,next,42,true,4000,26,8044,800,983
slow_800ms,signaling,legacy,43,false,500,2,143,500,2
slow_800ms,signaling,next,43,true,4000,26,8044,800,1028
slow_800ms,signaling,legacy,44,false,500,2,143,500,2
slow_800ms,signaling,next,44,true,4000,26,8044,800,997
slow_800ms,signaling,legacy,45,false,500,2,143,500,2
slow_800ms,signaling,next,45,true,4000,26,8044,800,1006
slow_800ms,signaling,legacy,46,false,500,2,143,500,2
slow_800ms,signaling,next,46,true,4000,26,8044,800,1027
slow_800ms,signaling,legacy,47,false,500,2,143,500,2
slow_800ms,signaling,next,47,true,4000,26,8044,800,990
slow_800ms,signaling,legacy,48,false,500,2,143,500,2
slow_800ms,signaling,next,48,true,4000,26,8044,800,1014
slow_800ms,signaling,legacy,49,false,500,2,143,500,3
slow_800ms,signaling,next,49,true,4000,26,8044,800,987
slow_800ms,signaling,legacy,50,false,500,2,143,500,2
slow_800ms,signaling,next,50,true,4000,26,8044,800,1003
slow_800ms,signaling,legacy,51,false,500,2,143,500,2
slow_800ms,signaling,next,51,true,4000,26,8044,800,1008
slow_800ms,signaling,legacy,52,false,500,2,143,500,2
slow_800ms,signaling,next,52,true,4000,26,8044,800,1020
slow_800ms,signaling,legacy,53,false,500,2,143,500,2
slow_800ms,signaling,next,53,true,4000,26,8044,800,1023
slow_800ms,signaling,legacy,54,false,500,2,143,500,2
slow_800ms,signaling,next,54,true,4000,26,8044,800,1010
slow_800ms,signaling,legacy,55,false,500,2,143,500,2
slow_800ms,signaling,next,55,true,4000,26,8044,800,1005
slow_800ms,signaling,legacy,56,false,500,2,143,500,2
slow_800ms,signaling,next,56,true,4000,26,8044,800,980
slow_800ms,signaling,legacy,57,false,500,2,143,500,2
slow_800ms,signaling,next,57,true,4000,26,8044,800,969
slow_800ms,signaling,legacy,58,false,500,2,143,500,2
slow_800ms,signaling,next,58,true,4000,26,8044,800,978
slow_800ms,signaling,legacy,59,false,500,2,143,500,2
slow_800ms,signaling,next,59,true,4000,26,8044,800,983
slow_800ms,signaling,legacy,60,false,500,2,143,500,2
slow_800ms,signaling,next,60,true,4000,26,8044,800,990
slow_800ms,signaling,legacy,61,false,500,2,143,500,2
slow_800ms,signaling,next,61,true,4000,26,8044,800,977
slow_800ms,signaling,legacy,62,false,500,2,143,500,2
slow_800ms,signaling,next,62,true,4000,26,8044,800,1001
slow_800ms,signaling,legacy,63,false,500,2,143,500,2
slow_800ms,signaling,next,63,true,4000,26,8044,800,993
slow_800ms,signaling,legacy,64,false,500,2,143,500,2
slow_800ms,signaling,next,64,true,4000,26,8044,800,995
slow_800ms,signaling,legacy,65,false,500,2,143,500,2
slow_800ms,signaling,next,65,true,4000,26,8044,800,996
slow_800ms,signaling,legacy,66,false,500,2,143,500,2
slow_800ms,signaling,next,66,true,4000,26,8044,800,1007
slow_800ms,signaling,legacy,67,false,500,2,143,500,2
slow_800ms,signaling,next,67,true,4000,26,8044,800,1026
slow_800ms,signaling,legacy,68,false,500,2,143,500,2
slow_800ms,signaling,next,68,true,4000,26,8044,800,1000
slow_800ms,signaling,legacy,69,false,500,2,143,500,2
slow_800ms,signaling,next,69,true,4000,26,8044,800,987
slow_800ms,signaling,legacy,70,false,500,2,143,500,2
slow_800ms,signaling,next,70,true,4000,26,8044,800,999
slow_800ms,signaling,legacy,71,false,500,2,143,500,2
slow_800ms,signaling,next,71,true,4000,26,8044,800,997
slow_800ms,signaling,legacy,72,false,500,2,143,500,2
slow_800ms,signaling,next,72,true,4000,26,8044,800,1012
slow_800ms,signaling,legacy,73,false,500,2,143,500,3
slow_800ms,signaling,next,73,true,4000,26,8044,800,1055
slow_800ms,signaling,legacy,74,false,500,2,143,500,3
slow_800ms,signaling,next,74,true,4000,26,8044,800,1005
slow_800ms,signaling,legacy,75,false,500,2,143,500,3
slow_800ms,signaling,next,75,true,4000,26,8044,800,1023
slow_800ms,signaling,legacy,76,false,500,2,143,500,2
slow_800ms,signaling,next,76,true,4000,26,8044,800,982
slow_800ms,signaling,legacy,77,false,500,2,143,500,2
slow_800ms,signaling,next,77,true,4000,26,8044,800,998
slow_800ms,signaling,legacy,78,false,500,2,143,500,2
slow_800ms,signaling,next,78,true,4000,26,8044,800,985
slow_800ms,signaling,legacy,79,false,500,2,143,500,2
slow_800ms,signaling,next,79,true,4000,26,8044,800,990
slow_800ms,signaling,legacy,80,false,500,2,143,500,2
slow_800ms,signaling,next,80,true,4000,26,8044,800,1014
slow_800ms,signaling,legacy,81,false,500,2,143,500,2
slow_800ms,signaling,next,81,true,4000,26,8044,800,1000
slow_800ms,signaling,legacy,82,false,500,2,143,500,2
slow_800ms,signaling,next,82,true,4000,26,8044,800,1003
slow_800ms,signaling,legacy,83,false,500,2,143,500,3
slow_800ms,signaling,next,83,true,4000,26,8044,800,991
slow_800ms,signaling,legacy,84,false,500,2,143,500,2
slow_800ms,signaling,next,84,true,4000,26,8044,800,1012
slow_800ms,signaling,legacy,85,false,500,2,143,500,2
slow_800ms,signaling,next,85,true,4000,26,8044,800,1025
slow_800ms,signaling,legacy,86,false,500,2,143,500,2
slow_800ms,signaling,next,86,true,4000,26,8044,800,989
slow_800ms,signaling,legacy,87,false,500,2,143,500,2
slow_800ms,signaling,next,87,true,4000,26,8044,800,1011
slow_800ms,signaling,legacy,88,false,500,2,143,500,2
slow_800ms,signaling,next,88,true,4000,26,8044,800,993
slow_800ms,signaling,legacy,89,false,500,2,143,500,2
slow_800ms,signaling,next,89,true,4000,26,8044,800,1015
slow_800ms,signaling,legacy,90,false,500,2,143,500,2
slow_800ms,signaling,next,90,true,4000,26,8044,800,1019
slow_800ms,signaling,legacy,91,false,500,2,143,500,2
slow_800ms,signaling,next,91,true,4000,26,8044,800,1005
slow_800ms,signaling,legacy,92,false,500,2,143,500,3
slow_800ms,signaling,next,92,true,4000,26,8044,800,983
slow_800ms,signaling,legacy,93,false,500,2,143,500,2
slow_800ms,signaling,next,93,true,4000,26,8044,800,977
slow_800ms,signaling,legacy,94,false,500,2,143,500,3
slow_800ms,signaling,next,94,true,4000,26,8044,800,989
slow_800ms,signaling,legacy,95,false,500,2,143,500,2
slow_800ms,signaling,next,95,true,4000,26,8044,800,1003
slow_800ms,signaling,legacy,96,false,500,2,143,500,2
slow_800ms,signaling,next,96,true,4000,26,8044,800,994
slow_800ms,signaling,legacy,97,false,500,2,143,500,2
slow_800ms,signaling,next,97,true,4000,26,8044,800,995
slow_800ms,signaling,legacy,98,false,500,2,143,500,2
slow_800ms,signaling,next,98,true,4000,26,8044,800,978
slow_800ms,signaling,legacy,99,false,500,2,143,500,2
slow_800ms,signaling,next,99,true,4000,26,8044,800,1019
loss_10pct,lookup,legacy,0,true,1160,40,5074,,64
loss_10pct,lookup,next,0,true,2340,94,24692,,3294
loss_10pct,lookup,legacy,1,true,780,40,5074,,49
loss_10pct,lookup,next,1,true,4600,94,24660,,3661
loss_10pct,lookup,legacy,2,false,740,39,5007,,58
loss_10pct,lookup,next,2,true,1260,84,22240,,2943
loss_10pct,lookup,legacy,3,false,500,3,327,,14
loss_10pct,lookup,next,3,true,4060,93,24327,,3506
loss_10pct,lookup,legacy,4,true,780,39,5007,,55
loss_10pct,lookup,next,4,true,1020,84,22398,,2878
loss_10pct,lookup,legacy,5,true,1240,39,4881,,60
loss_10pct,lookup,next,5,true,1700,93,24295,,3190
loss_10pct,lookup,legacy,6,true,1240,38,4814,,50
loss_10pct,lookup,next,6,true,2000,90,23484,,3082
loss_10pct,lookup,legacy,7,true,780,38,4814,,46
loss_10pct,lookup,next,7,true,1260,84,22114,,2879
loss_10pct,lookup,legacy,8,true,860,40,5074,,53
loss_10pct,lookup,next,8,true,2200,88,23132,,3088
loss_10pct,lookup,legacy,9,false,1360,39,5007,,61
loss_10pct,lookup,next,9,true,3620,97,25439,,3561
loss_10pct,lookup,legacy,10,true,1200,37,4621,,64
loss_10pct,lookup,next,10,true,1460,92,24562,,3097
loss_10pct,lookup,legacy,11,false,780,40,5200,,44
loss_10pct,lookup,next,11,true,2500,94,24944,,3162
loss_10pct,lookup,legacy,12,true,1620,37,4495,,64
loss_10pct,lookup,next,12,true,2680,92,24120,,3314
loss_10pct,lookup,legacy,13,false,1160,40,5074,,56
loss_10pct,lookup,next,13,true,1780,91,23691,,3251
loss_10pct,lookup,legacy,14,true,780,41,5267,,50
loss_10pct,lookup,next,14,true,2360,91,23817,,3324
loss_10pct,lookup,legacy,15,true,780,40,5074,,46
loss_10pct,lookup,next,15,true,3860,92,24214,,3553
loss_10pct,lookup,legacy,16,true,1080,41,5267,,53
loss_10pct,lookup,next,16,true,4040,96,24948,,3548
loss_10pct,lookup,legacy,17,true,1200,37,4621,,53
loss_10pct,lookup,next,17,true,1780,88,23196,,2999
loss_10pct,lookup,legacy,18,true,780,42,5460,,59
loss_10pct,lookup,next,18,true,1180,90,23578,,3004
loss_10pct,lookup,legacy,19,true,740,38,4814,,52
loss_10pct,lookup,next,19,true,2020,96,25612,,3116
loss_10pct,lookup,legacy,20,true,780,39,5007,,49
loss_10pct,lookup,next,20,true,2200,85,22479,,3040
loss_10pct,lookup,legacy,21,true,700,39,5007,,45
loss_10pct,lookup,next,21,true,1180,83,21875,,2810
loss_10pct,lookup,legacy,22,true,740,42,5460,,50
loss_10pct,lookup,next,22,true,1860,91,23975,,3182
loss_10pct,lookup,legacy,23,true,620,42,5460,,49
loss_10pct,lookup,next,23,true,4020,94,24818,,3595
loss_10pct,lookup,legacy,24,true,1200,39,5007,,62
loss_10pct,lookup,next,24,true,4520,87,22767,,3500
loss_10pct,lookup,legacy,25,true,940,39,5007,,51
loss_10pct,lookup,next,25,true,2280,82,21478,,3119
loss_10pct,lookup,legacy,26,false,1620,38,4814,,62
loss_10pct,lookup,next,26,true,5020,97,24935,,3807
loss_10pct,lookup,legacy,27,true,540,40,5200,,44
loss_10pct,lookup,next,27,true,920,85,22605,,2775
loss_10pct,lookup,legacy,28,true,1660,45,5787,,72
loss_10pct,lookup,next,28,true,2440,96,24884,,3358
loss_10pct,lookup,legacy,29,true,1040,39,4881,,52
loss_10pct,lookup,next,29,true,1280,89,23529,,3034
loss_10pct,lookup,legacy,30,true,820,40,5074,,48
loss_10pct,lookup,next,30,true,2420,93,24611,,3284
loss_10pct,lookup,legacy,31,true,1480,40,5074,,66
loss_10pct,lookup,next,31,true,3780,101,26679,,3636
loss_10pct,lookup,legacy,32,true,1120,40,5074,,62
loss_10pct,lookup,next,32,true,1780,89,23371,,3122
loss_10pct,lookup,legacy,33,true,1160,41,5141,,63
loss_10pct,lookup,next,33,true,1900,93,24769,,3063
loss_10pct,lookup,legacy,34,false,580,40,5200,,45
loss_10pct,lookup,next,34,true,700,78,20554,,2650
loss_10pct,lookup,legacy,35,false,1320,36,4428,,61
loss_10pct,lookup,next,35,true,3260,96,25296,,3418
loss_10pct,lookup,legacy,36,true,620,39,5007,,53
loss_10pct,lookup,next,36,true,860,79,20793,,2663
loss_10pct,lookup,legacy,37,false,860,40,5200,,51
loss_10pct,lookup,next,37,true,1180,89,23655,,2985
loss_10pct,lookup,legacy,38,true,1700,38,4688,,65
loss_10pct,lookup,next,38,true,5100,107,28239,,3845
loss_10pct,lookup,legacy,39,true,280,40,5200,,43
loss_10pct,lookup,next,39,true,1200,86,23002,,2855
loss_10pct,lookup,legacy,40,true,740,41,5267,,47
loss_10pct,lookup,next,40,true,2160,90,23768,,3140
loss_10pct,lookup,legacy,41,true,940,42,5334,,52
loss_10pct,lookup,next,41,true,1440,91,24133,,3064
loss_10pct,lookup,legacy,42,true,980,39,5007,,55
loss_10pct,lookup,next,42,true,2000,91,24007,,3194
loss_10pct,lookup,legacy,43,true,1160,38,4814,,59
loss_10pct,lookup,next,43,true,4320,99,26139,,3647
loss_10pct,lookup,legacy,44,true,900,42,5460,,50
loss_10pct,lookup,next,44,true,4320,97,25029,,3655
loss_10pct,lookup,legacy,45,true,1620,39,4881,,66
loss_10pct,lookup,next,45,true,4600,109,28433,,3906
loss_10pct,lookup,legacy,46,true,740,40,5200,,45
loss_10pct,lookup,next,46,true,1100,83,21875,,2783
loss_10pct,lookup,legacy,47,true,820,38,4814,,47
loss_10pct,lookup,next,47,true,1760,88,23322,,3009
loss_10pct,lookup,legacy,48,true,740,40,5200,,44
loss_10pct,lookup,next,48,true,2180,93,24169,,3306
loss_10pct,lookup,legacy,49,true,1160,39,5007,,60
loss_10pct,lookup,next,49,true,2180,99,25949,,3403
loss_10pct,lookup,legacy,50,true,1200,38,4814,,55
loss_10pct,lookup,next,50,true,2100,86,22402,,3106
loss_10pct,lookup,legacy,51,true,1060,39,5007,,45
loss_10pct,lookup,next,51,true,1780,88,23322,,3098
loss_10pct,lookup,legacy,52,false,500,3,327,,16
loss_10pct,lookup,next,52,true,2220,96,25580,,3255
loss_10pct,lookup,legacy,53,true,1120,41,5267,,59
loss_10pct,lookup,next,53,true,1280,92,24182,,3182
loss_10pct,lookup,legacy,54,true,1200,38,4814,,59
loss_10pct,lookup,next,54,true,1600,87,22925,,3018
loss_10pct,lookup,legacy,55,true,1200,40,5074,,59
loss_10pct,lookup,next,55,true,1100,88,23132,,3067
loss_10pct,lookup,legacy,56,true,780,41,5267,,46
loss_10pct,lookup,next,56,true,2260,95,25057,,3317
loss_10pct,lookup,legacy,57,false,1200,39,4881,,68
loss_10pct,lookup,next,57,true,3700,90,23768,,3194
loss_10pct,lookup,legacy,58,true,1660,42,5334,,70
loss_10pct,lookup,next,58,true,2260,102,26508,,3054
loss_10pct,lookup,legacy,59,true,1280,39,4881,,55
loss_10pct,lookup,next,59,true,4780,93,24453,,3660
loss_10pct,lookup,legacy,60,true,820,38,4814,,47
loss_10pct,lookup,next,60,true,1520,90,23958,,2764
loss_10pct,lookup,legacy,61,true,1160,41,5267,,59
loss_10pct,lookup,next,61,true,1700,88,23006,,3041
loss_10pct,lookup,legacy,62,true,1660,34,4042,,73
loss_10pct,lookup,next,62,true,2760,88,22944,,3154
loss_10pct,lookup,legacy,63,true,1660,40,5074,,74
loss_10pct,lookup,next,63,true,2760,96,24948,,3362
loss_10pct,lookup,legacy,64,true,1240,40,4948,,68
loss_10pct,lookup,next,64,true,2760,103,27253,,3158
loss_10pct,lookup,legacy,65,true,780,40,5074,,55
loss_10pct,lookup,next,65,true,1700,94,24724,,3089
loss_10pct,lookup,legacy,66,false,1160,40,5074,,61
loss_10pct,lookup,next,66,true,2440,102,26792,,3419
loss_10pct,lookup,legacy,67,true,1540,41,5015,,67
loss_10pct,lookup,next,67,true,5380,115,29961,,4098
loss_10pct,lookup,legacy,68,false,1740,39,4755,,68
loss_10pct,lookup,next,68,true,4440,112,29560,,3832
loss_10pct,lookup,legacy,69,false,500,2,134,,13
loss_10pct,lookup,next,69,true,1660,94,25040,,2987
loss_10pct,lookup,legacy,70,true,1200,38,4814,,61
loss_10pct,lookup,next,70,true,1760,88,23038,,2907
loss_10pct,lookup,legacy,71,true,620,40,5200,,46
loss_10pct,lookup,next,71,true,1020,86,22686,,2751
loss_10pct,lookup,legacy,72,true,1040,43,5527,,56
loss_10pct,lookup,next,72,true,2360,104,27364,,3390
loss_10pct,lookup,legacy,73,true,1120,38,4814,,56
loss_10pct,lookup,next,73,true,2180,90,23610,,2961
loss_10pct,lookup,legacy,74,true,820,39,5007,,47
loss_10pct,lookup,next,74,true,1280,86,22686,,2854
loss_10pct,lookup,legacy,75,false,1120,39,5007,,55
loss_10pct,lookup,next,75,true,2280,85,22289,,2992
loss_10pct,lookup,legacy,76,false,1240,37,4621,,53
loss_10pct,lookup,next,76,true,1940,89,23403,,2976
loss_10pct,lookup,legacy,77,true,1320,39,4881,,64
loss_10pct,lookup,next,77,true,2840,97,25503,,3275
loss_10pct,lookup,legacy,78,false,1240,36,4428,,52
loss_10pct,lookup,next,78,true,2520,89,23245,,3184
loss_10pct,lookup,legacy,79,true,1080,38,4814,,70
loss_10pct,lookup,next,79,true,7620,97,25345,,4043
loss_10pct,lookup,legacy,80,true,1160,40,5074,,68
loss_10pct,lookup,next,80,true,4180,98,25710,,3530
loss_10pct,lookup,legacy,81,true,1280,41,5267,,67
loss_10pct,lookup,next,81,true,2280,102,26602,,3335
loss_10pct,lookup,legacy,82,true,1200,37,4621,,54
loss_10pct,lookup,next,82,true,2520,91,23849,,3189
loss_10pct,lookup,legacy,83,true,860,37,4621,,49
loss_10pct,lookup,next,83,true,1660,107,28113,,3380
loss_10pct,lookup,legacy,84,false,500,3,327,,12
loss_10pct,lookup,next,84,true,1900,91,24007,,2969
loss_10pct,lookup,legacy,85,false,1080,38,4814,,53
loss_10pct,lookup,next,85,true,2200,88,23164,,2986
loss_10pct,lookup,legacy,86,true,820,39,5007,,50
loss_10pct,lookup,next,86,true,2360,92,24530,,2769
loss_10pct,lookup,legacy,87,true,1280,40,5074,,62
loss_10pct,lookup,next,87,true,1680,86,22370,,3038
loss_10pct,lookup,legacy,88,true,1000,40,5074,,59
loss_10pct,lookup,next,88,true,4040,100,26346,,3595
loss_10pct,lookup,legacy,89,true,700,40,5074,,56
loss_10pct,lookup,next,89,true,1940,88,23196,,3126
loss_10pct,lookup,legacy,90,true,900,39,5007,,51
loss_10pct,lookup,next,90,true,2420,94,24724,,2775
loss_10pct,lookup,legacy,91,true,780,40,5074,,84
loss_10pct,lookup,next,91,true,1500,91,24039,,2685
loss_10pct,lookup,legacy,92,true,700,40,5200,,55
loss_10pct,lookup,next,92,true,1940,83,21843,,2964
loss_10pct,lookup,legacy,93,true,1040,40,5074,,57
loss_10pct,lookup,next,93,true,2040,94,24818,,3129
loss_10pct,lookup,legacy,94,true,660,40,5200,,46
loss_10pct,lookup,next,94,true,860,78,20554,,2651
loss_10pct,lookup,legacy,95,false,1200,38,4688,,55
loss_10pct,lookup,next,95,true,1840,94,25008,,2999
loss_10pct,lookup,legacy,96,true,1000,39,5007,,53
loss_10pct,lookup,next,96,true,2260,86,22686,,2969
loss_10pct,lookup,legacy,97,false,740,37,4621,,47
loss_10pct,lookup,next,97,true,1380,91,24197,,2880
loss_10pct,lookup,legacy,98,true,1120,40,5074,,52
loss_10pct,lookup,next,98,true,1200,85,22353,,2819
loss_10pct,lookup,legacy,99,false,1400,37,4621,,60
loss_10pct,lookup,next,99,true,2200,88,23006,,2991
loss_10pct,signaling,legacy,0,true,120,6,607,40,6
loss_10pct,signaling,next,0,true,200,14,4398,40,612
loss_10pct,signaling,legacy,1,true,120,6,607,40,3
loss_10pct,signaling,next,1,true,200,14,4398,40,588
loss_10pct,signaling,legacy,2,true,120,6,607,40,3
loss_10pct,signaling,next,2,true,1700,16,5184,40,638
loss_10pct,signaling,legacy,3,false,500,2,143,500,3
loss_10pct,signaling,next,3,true,400,16,5021,240,637
loss_10pct,signaling,legacy,4,false,500,2,143,500,2
loss_10pct,signaling,next,4,true,1800,21,6821,640,717
loss_10pct,signaling,legacy,5,true,120,6,607,40,3
loss_10pct,signaling,next,5,true,200,14,4398,40,582
loss_10pct,signaling,legacy,6,false,10000,5,491,40,30
loss_10pct,signaling,next,6,true,1900,18,5784,40,661
loss_10pct,signaling,legacy,7,true,120,6,607,40,3
loss_10pct,signaling,next,7,true,200,14,4398,40,611
loss_10pct,signaling,legacy,8,false,10000,4,375,40,29
loss_10pct,signaling,next,8,true,4200,23,7727,40,812
loss_10pct,signaling,legacy,9,false,500,2,143,500,2
loss_10pct,signaling,next,9,true,900,17,5414,240,651
loss_10pct,signaling,legacy,10,false,500,2,143,500,2
loss_10pct,signaling,next,10,true,4300,22,6853,640,784
loss_10pct,signaling,legacy,11,false,10000,4,375,40,29
loss_10pct,signaling,next,11,true,1700,19,6166,40,709
loss_10pct,signaling,legacy,12,false,500,1,67,500,2
loss_10pct,signaling,next,12,true,1300,18,5805,240,686
loss_10pct,signaling,legacy,13,true,120,6,607,40,3
loss_10pct,signaling,next,13,true,200,14,4398,40,608
loss_10pct,signaling,legacy,14,false,10000,5,491,40,30
loss_10pct,signaling,next,14,true,2200,19,5991,40,727
loss_10pct,signaling,legacy,15,false,10000,6,607,40,29
loss_10pct,signaling,next,15,true,200,14,4398,40,578
loss_10pct,signaling,legacy,16,true,120,6,607,40,3
loss_10pct,signaling,next,16,true,400,15,4791,40,613
loss_10pct,signaling,legacy,17,true,120,6,607,40,3
loss_10pct,signaling,next,17,true,200,14,4398,40,602
loss_10pct,signaling,legacy,18,true,120,6,607,40,3
loss_10pct,signaling,next,18,true,200,14,4398,40,607
loss_10pct,signaling,legacy,19,false,10000,3,259,40,30
loss_10pct,signaling,next,19,true,400,15,4966,40,626
loss_10pct,signaling,legacy,20,false,10000,6,607,40,31
loss_10pct,signaling,next,20,true,200,14,4398,40,581
loss_10pct,signaling,legacy,21,true,120,6,607,40,3
loss_10pct,signaling,next,21,true,400,15,4791,40,620
loss_10pct,signaling,legacy,22,true,120,6,607,40,3
loss_10pct,signaling,next,22,true,700,16,4998,40,650
loss_10pct,signaling,legacy,23,true,120,6,607,40,3
loss_10pct,signaling,next,23,true,200,14,4398,40,609
loss_10pct,signaling,legacy,24,true,120,6,607,40,3
loss_10pct,signaling,next,24,true,200,14,4398,40,601
loss_10pct,signaling,legacy,25,true,120,6,607,40,3
loss_10pct,signaling,next,25,true,200,14,4398,40,604
loss_10pct,signaling,legacy,26,false,10000,3,259,40,29
loss_10pct,signaling,next,26,true,400,15,4966,40,616
loss_10pct,signaling,legacy,27,true,120,6,607,40,3
loss_10pct,signaling,next,27,true,200,14,4398,40,614
loss_10pct,signaling,legacy,28,true,120,6,607,40,3
loss_10pct,signaling,next,28,true,200,14,4398,40,603
loss_10pct,signaling,legacy,29,true,120,6,607,40,3
loss_10pct,signaling,next,29,true,200,14,4398,40,586
loss_10pct,signaling,legacy,30,false,10000,3,259,40,29
loss_10pct,signaling,next,30,true,600,16,5359,40,628
loss_10pct,signaling,legacy,31,true,120,6,607,40,3
loss_10pct,signaling,next,31,true,600,16,5184,40,626
loss_10pct,signaling,legacy,32,true,120,6,607,40,3
loss_10pct,signaling,next,32,true,700,16,4998,40,654
loss_10pct,signaling,legacy,33,false,10000,4,375,40,29
loss_10pct,signaling,next,33,true,1700,16,5184,40,637
loss_10pct,signaling,legacy,34,false,10000,6,607,40,30
loss_10pct,signaling,next,34,true,200,14,4398,40,563
loss_10pct,signaling,legacy,35,false,10000,4,375,40,30
loss_10pct,signaling,next,35,true,700,15,4791,40,596
loss_10pct,signaling,legacy,36,true,120,6,607,40,3
loss_10pct,signaling,next,36,true,400,15,4791,40,622
loss_10pct,signaling,legacy,37,true,120,6,607,40,3
loss_10pct,signaling,next,37,true,400,15,4791,40,615
loss_10pct,signaling,legacy,38,false,10000,3,259,40,29
loss_10pct,signaling,next,38,true,1900,18,5959,40,719
loss_10pct,signaling,legacy,39,true,120,6,607,40,5
loss_10pct,signaling,next,39,true,200,14,4398,40,621
loss_10pct,signaling,legacy,40,true,120,6,607,40,4
loss_10pct,signaling,next,40,true,900,20,6384,40,702
loss_10pct,signaling,legacy,41,false,10000,3,259,40,28
loss_10pct,signaling,next,41,true,900,16,5359,40,632
loss_10pct,signaling,legacy,42,true,120,6,607,40,3
loss_10pct,signaling,next,42,true,200,14,4398,40,603
loss_10pct,signaling,legacy,43,true,120,6,607,40,3
loss_10pct,signaling,next,43,true,400,15,4791,40,614
loss_10pct,signaling,legacy,44,false,10000,3,259,40,27
loss_10pct,signaling,next,44,true,400,15,4966,40,627
loss_10pct,signaling,legacy,45,false,500,1,67,500,2
loss_10pct,signaling,next,45,true,1300,19,5860,640,703
loss_10pct,signaling,legacy,46,true,120,6,607,40,3
loss_10pct,signaling,next,46,true,200,14,4398,40,601
loss_10pct,signaling,legacy,47,true,120,6,607,40,3
loss_10pct,signaling,next,47,true,400,15,4791,40,614
loss_10pct,signaling,legacy,48,true,120,6,607,40,3
loss_10pct,signaling,next,48,true,400,15,4791,40,625
loss_10pct,signaling,legacy,49,true,120,6,607,40,3
loss_10pct,signaling,next,49,true,700,16,4998,40,653
loss_10pct,signaling,legacy,50,false,10000,4,375,40,30
loss_10pct,signaling,next,50,true,1200,16,5184,40,634
loss_10pct,signaling,legacy,51,false,10000,5,491,40,31
loss_10pct,signaling,next,51,true,1700,20,6373,40,748
loss_10pct,signaling,legacy,52,false,500,1,67,500,2
loss_10pct,signaling,next,52,true,800,17,5260,640,630
loss_10pct,signaling,legacy,53,true,120,6,607,40,3
loss_10pct,signaling,next,53,true,600,16,5184,40,627
loss_10pct,signaling,legacy,54,false,10000,3,259,40,29
loss_10pct,signaling,next,54,true,400,15,4966,40,626
loss_10pct,signaling,legacy,55,true,120,6,607,40,3
loss_10pct,signaling,next,55,true,700,18,5784,40,645
loss_10pct,signaling,legacy,56,true,120,6,607,40,3
loss_10pct,signaling,next,56,true,200,14,4398,40,580
loss_10pct,signaling,legacy,57,true,120,6,607,40,3
loss_10pct,signaling,next,57,true,200,14,4398,40,601
loss_10pct,signaling,legacy,58,false,10000,3,259,40,30
loss_10pct,signaling,next,58,true,400,15,4966,40,598
loss_10pct,signaling,legacy,59,false,500,2,143,500,2
loss_10pct,signaling,next,59,true,2400,23,7389,240,791
loss_10pct,signaling,legacy,60,true,120,6,607,40,3
loss_10pct,signaling,next,60,true,700,15,4791,40,616
loss_10pct,signaling,legacy,61,true,120,6,607,40,3
loss_10pct,signaling,next,61,true,200,14,4398,40,581
loss_10pct,signaling,legacy,62,true,120,6,607,40,3
loss_10pct,signaling,next,62,true,200,14,4398,40,603
loss_10pct,signaling,legacy,63,false,500,1,67,500,2
loss_10pct,signaling,next,63,true,400,15,4637,240,613
loss_10pct,signaling,legacy,64,true,120,6,607,40,3
loss_10pct,signaling,next,64,true,200,14,4398,40,586
loss_10pct,signaling,legacy,65,true,120,6,607,40,3
loss_10pct,signaling,next,65,true,200,14,4398,40,579
loss_10pct,signaling,legacy,66,true,120,6,607,40,3
loss_10pct,signaling,next,66,true,400,15,4791,40,630
loss_10pct,signaling,legacy,67,false,10000,4,375,40,31
loss_10pct,signaling,next,67,true,700,15,4791,40,619
loss_10pct,signaling,legacy,68,false,500,2,143,500,2
loss_10pct,signaling,next,68,true,2100,20,6276,1440,708
loss_10pct,signaling,legacy,69,false,500,1,67,500,2
loss_10pct,signaling,next,69,true,600,18,5630,240,661
loss_10pct,signaling,legacy,70,true,120,6,607,40,3
loss_10pct,signaling,next,70,true,200,14,4398,40,602
loss_10pct,signaling,legacy,71,true,120,6,607,40,3
loss_10pct,signaling,next,71,true,400,15,4791,40,615
loss_10pct,signaling,legacy,72,true,120,6,607,40,3
loss_10pct,signaling,next,72,true,200,14,4398,40,601
loss_10pct,signaling,legacy,73,false,10000,3,259,40,34
loss_10pct,signaling,next,73,true,1600,17,6102,40,645
loss_10pct,signaling,legacy,74,false,10000,5,491,40,29
loss_10pct,signaling,next,74,true,1900,18,5784,40,680
loss_10pct,signaling,legacy,75,false,10000,6,607,40,30
loss_10pct,signaling,next,75,true,1700,21,7302,40,740
loss_10pct,signaling,legacy,76,false,500,1,67,500,2
loss_10pct,signaling,next,76,true,400,15,4637,240,627
loss_10pct,signaling,legacy,77,true,120,6,607,40,3
loss_10pct,signaling,next,77,true,400,15,4791,40,592
loss_10pct,signaling,legacy,78,false,10000,4,375,40,29
loss_10pct,signaling,next,78,true,900,18,5784,40,663
loss_10pct,signaling,legacy,79,true,120,6,607,40,3
loss_10pct,signaling,next,79,true,700,18,5598,40,685
loss_10pct,signaling,legacy,80,false,500,1,67,500,2
loss_10pct,signaling,next,80,true,600,16,5030,240,625
loss_10pct,signaling,legacy,81,false,500,2,143,500,2
loss_10pct,signaling,next,81,true,1200,19,6375,240,674
loss_10pct,signaling,legacy,82,false,10000,3,259,40,29
loss_10pct,signaling,next,82,true,1900,17,5752,40,648
loss_10pct,signaling,legacy,83,false,10000,4,375,40,29
loss_10pct,signaling,next,83,true,700,15,4791,40,616
loss_10pct,signaling,legacy,84,false,500,2,143,500,2
loss_10pct,signaling,next,84,true,1600,19,5883,1440,693
loss_10pct,signaling,legacy,85,false,10000,4,375,40,29
loss_10pct,signaling,next,85,true,700,15,4791,40,617
loss_10pct,signaling,legacy,86,true,120,6,607,40,3
loss_10pct,signaling,next,86,true,400,17,5391,40,627
loss_10pct,signaling,legacy,87,true,120,6,607,40,3
loss_10pct,signaling,next,87,true,200,14,4398,40,631
loss_10pct,signaling,legacy,88,true,120,6,607,40,5
loss_10pct,signaling,next,88,true,200,14,4398,40,609
loss_10pct,signaling,legacy,89,false,10000,3,259,40,28
loss_10pct,signaling,next,89,true,400,15,4966,40,617
loss_10pct,signaling,legacy,90,true,120,6,607,40,3
loss_10pct,signaling,next,90,true,200,14,4398,40,564
loss_10pct,signaling,legacy,91,false,10000,4,375,40,29
loss_10pct,signaling,next,91,true,4300,19,6363,40,693
loss_10pct,signaling,legacy,92,true,120,6,607,40,3
loss_10pct,signaling,next,92,true,200,14,4398,40,604
loss_10pct,signaling,legacy,93,true,120,6,607,40,3
loss_10pct,signaling,next,93,true,200,14,4398,40,582
loss_10pct,signaling,legacy,94,false,10000,5,491,40,29
loss_10pct,signaling,next,94,true,3900,20,6384,40,752
loss_10pct,signaling,legacy,95,false,500,1,67,500,2
loss_10pct,signaling,next,95,true,600,16,5030,240,637
loss_10pct,signaling,legacy,96,true,120,6,607,40,3
loss_10pct,signaling,next,96,true,700,15,4791,40,620
loss_10pct,signaling,legacy,97,true,120,6,607,40,3
loss_10pct,signaling,next,97,true,400,15,4791,40,613
loss_10pct,signaling,legacy,98,false,500,2,143,500,2
loss_10pct,signaling,next,98,true,1100,18,5807,240,665
loss_10pct,signaling,legacy,99,false,10000,4,375,40,29
loss_10pct,signaling,next,99,true,2200,18,5784,40,688
loss_30pct,lookup,legacy,0,true,1320,36,4428,,57
loss_30pct,lookup,next,0,true,5520,106,27622,,3799
loss_30pct,lookup,legacy,1,false,500,3,327,,15
loss_30pct,lookup,next,1,true,6640,134,34342,,4686
loss_30pct,lookup,legacy,2,false,1540,15,1761,,41
loss_30pct,lookup,next,2,true,7220,130,33070,,4680
loss_30pct,lookup,legacy,3,false,500,3,327,,15
loss_30pct,lookup,next,3,true,5780,128,33856,,4241
loss_30pct,lookup,legacy,4,false,1540,20,2348,,46
loss_30pct,lookup,next,4,true,12780,136,35420,,5369
loss_30pct,lookup,legacy,5,false,500,2,134,,13
loss_30pct,lookup,next,5,true,12000,142,36664,,5459
loss_30pct,lookup,legacy,6,true,2120,33,3849,,70
loss_30pct,lookup,next,6,true,8880,141,36489,,4923
loss_30pct,lookup,legacy,7,false,2120,34,4042,,68
loss_30pct,lookup,next,7,false,9680,135,34265,,5003
loss_30pct,lookup,legacy,8,false,500,3,327,,16
loss_30pct,lookup,next,8,false,10560,143,35639,,4924
loss_30pct,lookup,legacy,9,false,2240,41,5015,,83
loss_30pct,lookup,next,9,true,9300,145,37537,,5239
loss_30pct,lookup,legacy,10,true,1660,31,3715,,56
loss_30pct,lookup,next,10,true,9760,146,38124,,5075
loss_30pct,lookup,legacy,11,false,2120,40,4822,,71
loss_30pct,lookup,next,11,false,8980,134,34248,,4712
loss_30pct,lookup,legacy,12,false,500,3,327,,15
loss_30pct,lookup,next,12,true,11360,135,34613,,5238
loss_30pct,lookup,legacy,13,false,1620,28,3388,,56
loss_30pct,lookup,next,13,false,7780,130,33546,,4595
loss_30pct,lookup,legacy,14,false,1740,34,4042,,64
loss_30pct,lookup,next,14,true,4860,111,28627,,3777
loss_30pct,lookup,legacy,15,true,2240,43,5275,,76
loss_30pct,lookup,next,15,true,8100,142,36442,,4855
loss_30pct,lookup,legacy,16,true,1780,34,4042,,60
loss_30pct,lookup,next,16,true,9740,131,33311,,4662
loss_30pct,lookup,legacy,17,false,2160,36,4176,,75
loss_30pct,lookup,next,17,true,9120,134,33966,,4556
loss_30pct,lookup,legacy,18,false,1660,29,3455,,54
loss_30pct,lookup,next,18,true,8520,142,36410,,5021
loss_30pct,lookup,legacy,19,true,1240,38,4688,,62
loss_30pct,lookup,next,19,true,5940,129,34159,,4296
loss_30pct,lookup,legacy,20,true,1660,38,4814,,64
loss_30pct,lookup,next,20,true,5020,113,29167,,3957
loss_30pct,lookup,legacy,21,false,1040,11,1367,,28
loss_30pct,lookup,next,21,true,5280,126,32114,,4142
loss_30pct,lookup,legacy,22,false,1500,18,1962,,47
loss_30pct,lookup,next,22,false,9840,152,39210,,5274
loss_30pct,lookup,legacy,23,true,1780,44,5468,,68
loss_30pct,lookup,next,23,true,6840,127,32923,,4407
loss_30pct,lookup,legacy,24,false,500,2,134,,14
loss_30pct,lookup,next,24,true,10020,142,36410,,4966
loss_30pct,lookup,legacy,25,false,1620,28,3262,,53
loss_30pct,lookup,next,25,true,7380,131,34005,,4527
loss_30pct,lookup,legacy,26,false,1500,14,1568,,39
loss_30pct,lookup,next,26,true,10280,131,33217,,4709
loss_30pct,lookup,legacy,27,false,1580,20,2222,,44
loss_30pct,lookup,next,27,true,3780,112,29372,,3534
loss_30pct,lookup,legacy,28,false,1660,29,3581,,57
loss_30pct,lookup,next,28,true,5860,130,33132,,4511
loss_30pct,lookup,legacy,29,false,2120,37,4369,,74
loss_30pct,lookup,next,29,true,6680,125,33045,,4280
loss_30pct,lookup,legacy,30,true,2160,39,4755,,72
loss_30pct,lookup,next,30,true,8700,141,36299,,4905
loss_30pct,lookup,legacy,31,false,1040,8,788,,25
loss_30pct,lookup,next,31,true,9400,149,38241,,5304
loss_30pct,lookup,legacy,32,false,1500,18,2088,,51
loss_30pct,lookup,next,32,true,12020,139,35633,,5247
loss_30pct,lookup,legacy,33,false,2160,32,3656,,68
loss_30pct,lookup,next,33,true,8860,129,33969,,4702
loss_30pct,lookup,legacy,34,false,1040,8,788,,33
loss_30pct,lookup,next,34,false,8560,140,35586,,4698
loss_30pct,lookup,legacy,35,false,1580,25,3061,,50
loss_30pct,lookup,next,35,false,12400,140,36344,,5364
loss_30pct,lookup,legacy,36,true,2080,39,4755,,72
loss_30pct,lookup,next,36,true,6300,125,32729,,4506
loss_30pct,lookup,legacy,37,false,2200,39,4755,,79
loss_30pct,lookup,next,37,true,7780,132,34022,,4754
loss_30pct,lookup,legacy,38,true,2120,29,3455,,63
loss_30pct,lookup,next,38,true,11700,147,36879,,5433
loss_30pct,lookup,legacy,39,false,500,3,327,,13
loss_30pct,lookup,next,39,true,8640,143,36681,,4873
loss_30pct,lookup,legacy,40,false,500,3,327,,13
loss_30pct,lookup,next,40,true,8060,130,34430,,4573
loss_30pct,lookup,legacy,41,false,2080,31,3715,,68
loss_30pct,lookup,next,41,true,11060,140,36312,,5229
loss_30pct,lookup,legacy,42,false,2040,35,4235,,67
loss_30pct,lookup,next,42,true,9420,137,35627,,5053
loss_30pct,lookup,legacy,43,true,1700,31,3715,,56
loss_30pct,lookup,next,43,true,9780,141,36331,,4834
loss_30pct,lookup,legacy,44,true,1780,39,4755,,76
loss_30pct,lookup,next,44,true,6600,130,33482,,4456
loss_30pct,lookup,legacy,45,false,500,3,327,,13
loss_30pct,lookup,next,45,true,9440,155,39643,,5232
loss_30pct,lookup,legacy,46,true,1540,37,4621,,65
loss_30pct,lookup,next,46,true,6220,126,32810,,4375
loss_30pct,lookup,legacy,47,true,1660,37,4621,,62
loss_30pct,lookup,next,47,true,9520,133,34513,,5196
loss_30pct,lookup,legacy,48,true,1660,37,4621,,64
loss_30pct,lookup,next,48,true,14180,137,34933,,5847
loss_30pct,lookup,legacy,49,false,500,2,134,,11
loss_30pct,lookup,next,49,false,2000,11,3007,,365
loss_30pct,lookup,legacy,50,false,1620,29,3455,,55
loss_30pct,lookup,next,50,true,10140,145,37411,,5326
loss_30pct,lookup,legacy,51,false,500,2,134,,11
loss_30pct,lookup,next,51,true,7980,133,34261,,4657
loss_30pct,lookup,legacy,52,false,500,2,134,,11
loss_30pct,lookup,next,52,false,9260,149,37831,,4970
loss_30pct,lookup,legacy,53,false,2080,30,3522,,71
loss_30pct,lookup,next,53,false,8540,146,38062,,4758
loss_30pct,lookup,legacy,54,true,1700,39,4755,,68
loss_30pct,lookup,next,54,true,7020,124,31860,,4343
loss_30pct,lookup,legacy,55,true,1780,35,4109,,68
loss_30pct,lookup,next,55,true,5820,110,28704,,4157
loss_30pct,lookup,legacy,56,false,1860,37,4369,,76
loss_30pct,lookup,next,56,true,8040,125,32415,,4374
loss_30pct,lookup,legacy,57,false,1500,19,2155,,45
loss_30pct,lookup,next,57,true,7080,121,31837,,4309
loss_30pct,lookup,legacy,58,false,500,2,134,,11
loss_30pct,lookup,next,58,true,10480,141,35225,,5104
loss_30pct,lookup,legacy,59,false,500,3,327,,12
loss_30pct,lookup,next,59,true,7200,138,36086,,4786
loss_30pct,lookup,legacy,60,false,1040,8,788,,28
loss_30pct,lookup,next,60,false,10780,143,36303,,5184
loss_30pct,lookup,legacy,61,true,1040,9,981,,27
loss_30pct,lookup,next,61,true,7280,134,34594,,4657
loss_30pct,lookup,legacy,62,false,2000,21,2163,,55
loss_30pct,lookup,next,62,true,7700,125,31625,,4399
loss_30pct,lookup,legacy,63,true,2080,35,4235,,83
loss_30pct,lookup,next,63,true,7940,129,33715,,4722
loss_30pct,lookup,legacy,64,false,1700,34,4042,,61
loss_30pct,lookup,next,64,true,8720,139,36169,,4658
loss_30pct,lookup,legacy,65,false,2240,39,4629,,75
loss_30pct,lookup,next,65,true,7620,142,36916,,4963
loss_30pct,lookup,legacy,66,false,1780,39,4881,,67
loss_30pct,lookup,next,66,true,9440,131,33689,,4878
loss_30pct,lookup,legacy,67,false,1620,25,2809,,55
loss_30pct,lookup,next,67,false,9480,135,34109,,4695
loss_30pct,lookup,legacy,68,false,500,3,327,,12
loss_30pct,lookup,next,68,true,13020,159,40945,,5779
loss_30pct,lookup,legacy,69,false,500,2,134,,12
loss_30pct,lookup,next,69,true,7900,149,38369,,4933
loss_30pct,lookup,legacy,70,false,500,2,134,,12
loss_30pct,lookup,next,70,true,8800,153,39229,,5022
loss_30pct,lookup,legacy,71,true,1200,36,4428,,57
loss_30pct,lookup,next,71,true,8180,134,34690,,4822
loss_30pct,lookup,legacy,72,false,500,2,134,,11
loss_30pct,lookup,next,72,true,8260,138,36182,,4788
loss_30pct,lookup,legacy,73,true,1620,36,4428,,60
loss_30pct,lookup,next,73,true,8660,144,37520,,4900
loss_30pct,lookup,legacy,74,true,1620,21,2541,,48
loss_30pct,lookup,next,74,true,8440,137,34711,,4798
loss_30pct,lookup,legacy,75,false,2320,41,5015,,78
loss_30pct,lookup,next,75,true,9160,143,36491,,5151
loss_30pct,lookup,legacy,76,false,500,2,134,,11
loss_30pct,lookup,next,76,true,8900,142,35936,,5100
loss_30pct,lookup,legacy,77,false,500,2,134,,12
loss_30pct,lookup,next,77,true,8240,141,35985,,4621
loss_30pct,lookup,legacy,78,false,1620,25,2809,,59
loss_30pct,lookup,next,78,true,12860,137,35375,,5569
loss_30pct,lookup,legacy,79,false,2080,29,3455,,63
loss_30pct,lookup,next,79,false,12040,147,37227,,5133
loss_30pct,lookup,legacy,80,false,500,2,134,,12
loss_30pct,lookup,next,80,true,8480,136,34916,,4822
loss_30pct,lookup,legacy,81,false,1700,25,2935,,54
loss_30pct,lookup,next,81,true,9620,137,34775,,4817
loss_30pct,lookup,legacy,82,false,500,2,134,,13
loss_30pct,lookup,next,82,true,8820,154,39182,,5204
loss_30pct,lookup,legacy,83,false,2080,35,4235,,67
loss_30pct,lookup,next,83,false,8620,153,39449,,5118
loss_30pct,lookup,legacy,84,false,500,3,327,,13
loss_30pct,lookup,next,84,true,8100,141,36361,,4863
loss_30pct,lookup,legacy,85,false,2080,37,4495,,70
loss_30pct,lookup,next,85,true,12600,144,37078,,5490
loss_30pct,lookup,legacy,86,true,2040,36,4428,,68
loss_30pct,lookup,next,86,true,8300,138,35740,,4814
loss_30pct,lookup,legacy,87,false,2160,34,4042,,67
loss_30pct,lookup,next,87,false,8620,150,37942,,5294
loss_30pct,lookup,legacy,88,false,1500,20,2348,,44
loss_30pct,lookup,next,88,false,9280,148,37718,,4987
loss_30pct,lookup,legacy,89,true,2200,37,4369,,76
loss_30pct,lookup,next,89,true,8860,135,33855,,4800
loss_30pct,lookup,legacy,90,true,1700,33,3849,,60
loss_30pct,lookup,next,90,true,11360,139,35445,,5003
loss_30pct,lookup,legacy,91,true,2080,33,3849,,69
loss_30pct,lookup,next,91,true,9380,152,39148,,5005
loss_30pct,lookup,legacy,92,false,1900,39,4881,,109
loss_30pct,lookup,next,92,true,8280,128,32940,,4673
loss_30pct,lookup,legacy,93,false,1820,37,4369,,68
loss_30pct,lookup,next,93,true,8240,136,35326,,4675
loss_30pct,lookup,legacy,94,true,1200,39,5007,,58
loss_30pct,lookup,next,94,true,10680,111,28847,,4733
loss_30pct,lookup,legacy,95,false,2080,32,3656,,66
loss_30pct,lookup,next,95,true,8740,126,32748,,4595
loss_30pct,lookup,legacy,96,false,500,3,327,,12
loss_30pct,lookup,next,96,true,7980,133,34261,,4588
loss_30pct,lookup,legacy,97,false,1040,8,788,,28
loss_30pct,lookup,next,97,false,10280,150,39050,,5119
loss_30pct,lookup,legacy,98,false,1120,19,2281,,34
loss_30pct,lookup,next,98,true,5840,129,33243,,4244
loss_30pct,lookup,legacy,99,false,2200,35,4235,,71
loss_30pct,lookup,next,99,true,10840,139,35473,,5136
loss_30pct,signaling,legacy,0,true,120,6,607,40,6
loss_30pct,signaling,next,0,true,1700,17,5391,40,683
loss_30pct,signaling,legacy,1,false,500,2,143,500,3
loss_30pct,signaling,next,1,true,4400,27,8950,240,875
loss_30pct,signaling,legacy,2,false,500,1,67,500,2
loss_30pct,signaling,next,2,true,3100,23,7596,640,770
loss_30pct,signaling,legacy,3,false,500,2,143,500,3
loss_30pct,signaling,next,3,true,600,17,5414,240,631
loss_30pct,signaling,legacy,4,false,500,2,143,500,2
loss_30pct,signaling,next,4,false,2000,5,1340,,98
loss_30pct,signaling,legacy,5,false,500,1,67,500,2
loss_30pct,signaling,next,5,false,2000,4,956,,67
loss_30pct,signaling,legacy,6,false,10000,5,491,40,33
loss_30pct,signaling,next,6,true,5200,25,8513,40,829
loss_30pct,signaling,legacy,7,false,10000,4,375,40,31
loss_30pct,signaling,next,7,false,20000,15,5349,40,648
loss_30pct,signaling,legacy,8,false,500,1,67,500,2
loss_30pct,signaling,next,8,false,20000,7,3134,240,373
loss_30pct,signaling,legacy,9,false,500,1,67,500,2
loss_30pct,signaling,next,9,true,1500,19,6046,640,694
loss_30pct,signaling,legacy,10,false,500,2,143,500,3
loss_30pct,signaling,next,10,false,21000,17,6005,1440,632
loss_30pct,signaling,legacy,11,false,10000,4,375,40,31
loss_30pct,signaling,next,11,true,2300,26,9081,40,817
loss_30pct,signaling,legacy,12,false,500,1,67,500,2
loss_30pct,signaling,next,12,true,2300,19,6198,240,747
loss_30pct,signaling,legacy,13,false,10000,4,375,40,31
loss_30pct,signaling,next,13,true,3700,18,5784,40,711
loss_30pct,signaling,legacy,14,false,10000,3,259,40,30
loss_30pct,signaling,next,14,true,3800,24,8295,40,823
loss_30pct,signaling,legacy,15,false,10000,5,491,40,31
loss_30pct,signaling,next,15,true,1900,20,6559,40,729
loss_30pct,signaling,legacy,16,true,120,6,607,40,3
loss_30pct,signaling,next,16,true,1700,17,5391,40,710
loss_30pct,signaling,legacy,17,true,120,6,607,40,3
loss_30pct,signaling,next,17,true,200,14,4398,40,627
loss_30pct,signaling,legacy,18,false,500,1,67,500,2
loss_30pct,signaling,next,18,true,7600,23,7595,240,788
loss_30pct,signaling,legacy,19,false,10000,3,259,40,30
loss_30pct,signaling,next,19,true,800,21,7127,40,694
loss_30pct,signaling,legacy,20,false,10000,6,607,40,32
loss_30pct,signaling,next,20,true,200,14,4398,40,593
loss_30pct,signaling,legacy,21,false,10000,3,259,40,30
loss_30pct,signaling,next,21,true,800,20,6920,40,645
loss_30pct,signaling,legacy,22,false,500,1,67,500,2
loss_30pct,signaling,next,22,true,5800,22,7377,240,741
loss_30pct,signaling,legacy,23,false,500,2,143,500,2
loss_30pct,signaling,next,23,true,6700,22,7575,640,770
loss_30pct,signaling,legacy,24,false,500,1,67,500,2
loss_30pct,signaling,next,24,false,2000,6,1724,,121
loss_30pct,signaling,legacy,25,true,120,6,607,40,3
loss_30pct,signaling,next,25,true,1300,18,5784,40,700
loss_30pct,signaling,legacy,26,false,10000,3,259,40,30
loss_30pct,signaling,next,26,true,400,15,4966,40,643
loss_30pct,signaling,legacy,27,false,500,1,67,500,2
loss_30pct,signaling,next,27,true,400,15,4637,240,613
loss_30pct,signaling,legacy,28,false,500,2,143,500,2
loss_30pct,signaling,next,28,true,900,19,6189,240,689
loss_30pct,signaling,legacy,29,true,120,6,607,40,3
loss_30pct,signaling,next,29,true,1700,22,6984,40,746
loss_30pct,signaling,legacy,30,false,10000,3,259,40,29
loss_30pct,signaling,next,30,true,600,16,5359,40,596
loss_30pct,signaling,legacy,31,true,120,6,607,40,3
loss_30pct,signaling,next,31,true,1000,17,5577,40,642
loss_30pct,signaling,legacy,32,true,120,6,607,40,3
loss_30pct,signaling,next,32,false,20000,16,5184,40,779
loss_30pct,signaling,legacy,33,false,10000,4,375,40,32
loss_30pct,signaling,next,33,true,3700,18,5784,40,695
loss_30pct,signaling,legacy,34,false,10000,6,607,40,31
loss_30pct,signaling,next,34,true,1900,24,7945,40,786
loss_30pct,signaling,legacy,35,false,10000,3,259,40,30
loss_30pct,signaling,next,35,true,2300,19,6538,40,659
loss_30pct,signaling,legacy,36,true,120,6,607,40,3
loss_30pct,signaling,next,36,true,800,16,5184,40,628
loss_30pct,signaling,legacy,37,false,10000,4,375,40,30
loss_30pct,signaling,next,37,true,3200,23,7727,40,793
loss_30pct,signaling,legacy,38,false,10000,3,259,40,26
loss_30pct,signaling,next,38,false,20000,11,3952,40,533
loss_30pct,signaling,legacy,39,false,500,2,143,500,2
loss_30pct,signaling,next,39,true,4300,25,8209,640,834
loss_30pct,signaling,legacy,40,false,500,2,143,500,2
loss_30pct,signaling,next,40,true,1800,19,6550,240,616
loss_30pct,signaling,legacy,41,false,500,2,143,500,2
loss_30pct,signaling,next,41,true,2900,24,7814,640,805
loss_30pct,signaling,legacy,42,true,120,6,607,40,3
loss_30pct,signaling,next,42,true,400,15,4791,40,631
loss_30pct,signaling,legacy,43,false,500,2,143,500,2
loss_30pct,signaling,next,43,true,800,19,6375,240,646
loss_30pct,signaling,legacy,44,false,500,1,67,500,2
loss_30pct,signaling,next,44,false,20000,17,5991,640,723
loss_30pct,signaling,legacy,45,false,500,1,67,500,2
loss_30pct,signaling,next,45,false,20000,22,7039,640,960
loss_30pct,signaling,legacy,46,false,10000,4,375,40,32
loss_30pct,signaling,next,46,true,1900,17,5577,40,670
loss_30pct,signaling,legacy,47,true,120,6,607,40,3
loss_30pct,signaling,next,47,false,20000,18,5970,40,850
loss_30pct,signaling,legacy,48,false,10000,3,259,40,31
loss_30pct,signaling,next,48,false,20000,10,3745,40,518
loss_30pct,signaling,legacy,49,false,500,1,67,500,2
loss_30pct,signaling,next,49,false,2000,6,1724,,130
loss_30pct,signaling,legacy,50,false,10000,3,259,40,35
loss_30pct,signaling,next,50,false,20000,23,8274,40,894
loss_30pct,signaling,legacy,51,false,500,1,67,500,3
loss_30pct,signaling,next,51,false,20000,15,5205,640,532
loss_30pct,signaling,legacy,52,false,500,1,67,500,2
loss_30pct,signaling,next,52,true,4300,20,6439,640,742
loss_30pct,signaling,legacy,53,false,500,2,143,500,2
loss_30pct,signaling,next,53,true,3800,22,7575,640,789
loss_30pct,signaling,legacy,54,false,10000,3,259,40,33
loss_30pct,signaling,next,54,true,400,15,4966,40,637
loss_30pct,signaling,legacy,55,false,10000,4,375,40,33
loss_30pct,signaling,next,55,true,5800,25,8163,40,857
loss_30pct,signaling,legacy,56,false,500,2,143,500,2
loss_30pct,signaling,next,56,true,800,17,5260,640,652
loss_30pct,signaling,legacy,57,true,120,6,607,40,4
loss_30pct,signaling,next,57,true,700,16,4998,40,672
loss_30pct,signaling,legacy,58,false,500,1,67,500,3
loss_30pct,signaling,next,58,true,3700,23,7267,1440,802
loss_30pct,signaling,legacy,59,false,500,2,143,500,2
loss_30pct,signaling,next,59,false,20000,18,6518,240,664
loss_30pct,signaling,legacy,60,false,500,1,67,500,2
loss_30pct,signaling,next,60,false,20000,24,8513,240,922
loss_30pct,signaling,legacy,61,true,120,6,607,40,3
loss_30pct,signaling,next,61,true,400,16,5184,40,639
loss_30pct,signaling,legacy,62,false,10000,3,259,40,32
loss_30pct,signaling,next,62,true,4100,25,8874,40,822
loss_30pct,signaling,legacy,63,false,500,1,67,500,2
loss_30pct,signaling,next,63,true,3900,24,7989,640,819
loss_30pct,signaling,legacy,64,true,120,6,607,40,3
loss_30pct,signaling,next,64,true,700,18,5598,40,727
loss_30pct,signaling,legacy,65,false,500,2,143,500,2
loss_30pct,signaling,next,65,false,20000,13,4400,240,625
loss_30pct,signaling,legacy,66,false,10000,6,607,40,29
loss_30pct,signaling,next,66,false,20000,21,7499,40,856
loss_30pct,signaling,legacy,67,false,500,1,67,500,2
loss_30pct,signaling,next,67,true,3100,19,6230,640,718
loss_30pct,signaling,legacy,68,false,500,2,143,500,2
loss_30pct,signaling,next,68,false,21000,10,3812,1440,429
loss_30pct,signaling,legacy,69,false,500,1,67,500,2
loss_30pct,signaling,next,69,false,20000,13,4223,240,604
loss_30pct,signaling,legacy,70,false,500,1,67,500,2
loss_30pct,signaling,next,70,true,3100,28,8860,1440,838
loss_30pct,signaling,legacy,71,true,120,6,607,40,3
loss_30pct,signaling,next,71,true,1000,17,5577,40,661
loss_30pct,signaling,legacy,72,false,500,1,67,500,2
loss_30pct,signaling,next,72,true,1000,17,5423,240,687
loss_30pct,signaling,legacy,73,false,10000,3,259,40,29
loss_30pct,signaling,next,73,false,20000,6,2895,40,339
loss_30pct,signaling,legacy,74,false,10000,5,491,40,30
loss_30pct,signaling,next,74,false,20000,25,7977,40,1002
loss_30pct,signaling,legacy,75,false,10000,4,375,40,30
loss_30pct,signaling,next,75,true,3200,21,7674,40,714
loss_30pct,signaling,legacy,76,false,500,1,67,500,2
loss_30pct,signaling,next,76,true,1300,17,5269,640,662
loss_30pct,signaling,legacy,77,false,500,1,67,500,2
loss_30pct,signaling,next,77,false,2000,4,956,,65
loss_30pct,signaling,legacy,78,false,500,1,67,500,2
loss_30pct,signaling,next,78,true,3400,24,7825,640,793
loss_30pct,signaling,legacy,79,false,10000,4,375,40,30
loss_30pct,signaling,next,79,true,4200,24,8120,40,833
loss_30pct,signaling,legacy,80,false,500,1,67,500,1
loss_30pct,signaling,next,80,false,20000,12,3862,640,588
loss_30pct,signaling,legacy,81,false,500,1,67,500,7
loss_30pct,signaling,next,81,false,2000,5,1340,,97
loss_30pct,signaling,legacy,82,false,500,1,67,500,2
loss_30pct,signaling,next,82,true,6400,23,7977,640,772
loss_30pct,signaling,legacy,83,false,10000,4,375,40,30
loss_30pct,signaling,next,83,true,4300,19,6363,40,671
loss_30pct,signaling,legacy,84,false,500,2,143,500,2
loss_30pct,signaling,next,84,false,2000,7,2108,,145
loss_30pct,signaling,legacy,85,false,500,2,143,500,2
loss_30pct,signaling,next,85,true,4300,21,6975,240,749
loss_30pct,signaling,legacy,86,true,120,6,607,40,3
loss_30pct,signaling,next,86,true,400,19,5991,40,668
loss_30pct,signaling,legacy,87,true,120,6,607,40,3
loss_30pct,signaling,next,87,false,20000,15,5163,40,730
loss_30pct,signaling,legacy,88,false,10000,6,607,40,30
loss_30pct,signaling,next,88,true,3700,21,6766,40,792
loss_30pct,signaling,legacy,89,false,500,1,67,500,2
loss_30pct,signaling,next,89,true,1000,18,5662,640,637
loss_30pct,signaling,legacy,90,false,10000,3,259,40,29
loss_30pct,signaling,next,90,true,3300,20,7281,40,665
loss_30pct,signaling,legacy,91,false,10000,4,375,40,31
loss_30pct,signaling,next,91,false,20000,11,3952,40,534
loss_30pct,signaling,legacy,92,false,500,1,67,500,2
loss_30pct,signaling,next,92,true,1800,19,5869,640,720
loss_30pct,signaling,legacy,93,true,120,6,607,40,3
loss_30pct,signaling,next,93,true,800,16,5184,40,639
loss_30pct,signaling,legacy,94,false,10000,5,491,40,29
loss_30pct,signaling,next,94,true,3900,20,6384,40,744
loss_30pct,signaling,legacy,95,false,500,1,67,500,2
loss_30pct,signaling,next,95,true,600,16,5030,240,640
loss_30pct,signaling,legacy,96,false,500,1,67,500,2
loss_30pct,signaling,next,96,true,2400,20,6230,240,727
loss_30pct,signaling,legacy,97,true,120,6,607,40,3
loss_30pct,signaling,next,97,false,20000,17,5577,40,777
loss_30pct,signaling,legacy,98,false,500,2,143,500,2
loss_30pct,signaling,next,98,true,6000,25,8250,1440,810
loss_30pct,signaling,legacy,99,false,10000,3,259,40,36
loss_30pct,signaling,next,99,true,1900,19,6713,40,670
dead_30pct,lookup,legacy,0,true,1660,35,4109,,68
dead_30pct,lookup,next,0,true,8620,92,23556,,3402
dead_30pct,lookup,legacy,1,false,500,2,134,,10
dead_30pct,lookup,next,1,false,2000,8,1912,,230
dead_30pct,lookup,legacy,2,true,1360,34,4042,,54
dead_30pct,lookup,next,2,true,8700,92,23650,,3486
dead_30pct,lookup,legacy,3,false,1500,15,1509,,29
dead_30pct,lookup,next,3,false,6000,42,10446,,1163
dead_30pct,lookup,legacy,4,true,1660,33,3849,,54
dead_30pct,lookup,next,4,true,8280,80,20406,,2788
dead_30pct,lookup,legacy,5,true,1620,41,4889,,58
dead_30pct,lookup,next,5,true,8120,92,23650,,3446
dead_30pct,lookup,legacy,6,true,740,37,4621,,44
dead_30pct,lookup,next,6,true,8440,92,23838,,3801
dead_30pct,lookup,legacy,7,true,1540,35,4109,,54
dead_30pct,lookup,next,7,true,6000,94,24096,,3229
dead_30pct,lookup,legacy,8,true,1620,35,4109,,54
dead_30pct,lookup,next,8,true,8200,92,23650,,3332
dead_30pct,lookup,legacy,9,true,1700,32,3656,,49
dead_30pct,lookup,next,9,true,8280,92,23462,,3223
dead_30pct,lookup,legacy,10,true,1280,34,4042,,49
dead_30pct,lookup,next,10,true,8540,92,23556,,3228
dead_30pct,lookup,legacy,11,true,780,39,4881,,44
dead_30pct,lookup,next,11,true,12440,92,23838,,4232
dead_30pct,lookup,legacy,12,true,1700,34,3916,,64
dead_30pct,lookup,next,12,true,8540,94,23908,,3234
dead_30pct,lookup,legacy,13,true,1000,38,4688,,52
dead_30pct,lookup,next,13,true,8040,94,24284,,3850
dead_30pct,lookup,legacy,14,true,1520,36,4302,,62
dead_30pct,lookup,next,14,true,8040,92,23650,,3325
dead_30pct,lookup,legacy,15,true,1780,37,4243,,60
dead_30pct,lookup,next,15,true,8360,92,23462,,3124
dead_30pct,lookup,legacy,16,true,940,39,4881,,51
dead_30pct,lookup,next,16,true,4600,90,23422,,3353
dead_30pct,lookup,legacy,17,true,1040,36,4428,,51
dead_30pct,lookup,next,17,true,8280,94,24284,,3801
dead_30pct,lookup,legacy,18,false,1120,18,1962,,29
dead_30pct,lookup,next,18,false,4700,46,11590,,1295
dead_30pct,lookup,legacy,19,true,1540,33,3849,,53
dead_30pct,lookup,next,19,true,8040,92,23650,,3317
dead_30pct,lookup,legacy,20,true,1080,36,4428,,48
dead_30pct,lookup,next,20,true,8620,92,23744,,3751
dead_30pct,lookup,legacy,21,false,1280,34,4042,,65
dead_30pct,lookup,next,21,true,5020,94,24190,,3003
dead_30pct,lookup,legacy,22,false,1540,33,3849,,58
dead_30pct,lookup,next,22,false,8360,90,22952,,2973
dead_30pct,lookup,legacy,23,true,1320,36,4302,,61
dead_30pct,lookup,next,23,true,8700,92,23556,,3431
dead_30pct,lookup,legacy,24,true,1740,37,4243,,61
dead_30pct,lookup,next,24,true,8600,94,23814,,2841
dead_30pct,lookup,legacy,25,true,1620,33,3849,,58
dead_30pct,lookup,next,25,true,6080,94,24096,,3165
dead_30pct,lookup,legacy,26,true,820,39,4881,,51
dead_30pct,lookup,next,26,true,4620,88,22976,,3338
dead_30pct,lookup,legacy,27,true,1500,33,3849,,58
dead_30pct,lookup,next,27,true,8360,94,23908,,3214
dead_30pct,lookup,legacy,28,false,500,2,134,,11
dead_30pct,lookup,next,28,false,2000,8,1912,,236
dead_30pct,lookup,legacy,29,true,1860,37,4243,,59
dead_30pct,lookup,next,29,true,8520,92,23462,,3034
dead_30pct,lookup,legacy,30,true,1280,37,4495,,59
dead_30pct,lookup,next,30,true,5020,92,23838,,3410
dead_30pct,lookup,legacy,31,true,1620,35,4109,,55
dead_30pct,lookup,next,31,true,8360,94,24002,,3503
dead_30pct,lookup,legacy,32,true,1700,34,3916,,56
dead_30pct,lookup,next,32,true,8200,94,23908,,3221
dead_30pct,lookup,legacy,33,true,1240,34,4042,,54
dead_30pct,lookup,next,33,true,8200,84,21456,,2995
dead_30pct,lookup,legacy,34,true,1240,38,4562,,56
dead_30pct,lookup,next,34,true,4860,94,24190,,3286
dead_30pct,lookup,legacy,35,true,1240,34,4042,,54
dead_30pct,lookup,next,35,true,8780,92,23556,,3376
dead_30pct,lookup,legacy,36,false,500,2,134,,11
dead_30pct,lookup,next,36,false,2000,8,1912,,232
dead_30pct,lookup,legacy,37,true,1080,36,4428,,47
dead_30pct,lookup,next,37,true,8360,92,23838,,3835
dead_30pct,lookup,legacy,38,false,500,2,134,,13
dead_30pct,lookup,next,38,false,2000,8,1912,,198
dead_30pct,lookup,legacy,39,true,1280,38,4562,,59
dead_30pct,lookup,next,39,true,5020,92,23744,,3156
dead_30pct,lookup,legacy,40,true,1280,37,4495,,61
dead_30pct,lookup,next,40,true,8680,94,24096,,3642
dead_30pct,lookup,legacy,41,true,2160,36,4050,,68
dead_30pct,lookup,next,41,true,8600,90,22764,,3122
dead_30pct,lookup,legacy,42,true,1240,34,4042,,62
dead_30pct,lookup,next,42,true,8440,88,22600,,3371
dead_30pct,lookup,legacy,43,false,500,2,134,,9
dead_30pct,lookup,next,43,false,2000,8,1912,,211
dead_30pct,lookup,legacy,44,true,1120,38,4688,,54
dead_30pct,lookup,next,44,true,4860,92,23932,,3432
dead_30pct,lookup,legacy,45,true,1240,36,4302,,48
dead_30pct,lookup,next,45,true,8200,88,22600,,3338
dead_30pct,lookup,legacy,46,true,1620,32,3656,,50
dead_30pct,lookup,next,46,true,8600,92,23462,,3133
dead_30pct,lookup,legacy,47,true,1580,33,3849,,47
dead_30pct,lookup,next,47,true,8280,94,23908,,3170
dead_30pct,lookup,legacy,48,true,1200,35,4235,,46
dead_30pct,lookup,next,48,true,8280,94,24096,,3318
dead_30pct,lookup,legacy,49,true,1400,36,4302,,50
dead_30pct,lookup,next,49,true,8440,94,24096,,3407
dead_30pct,lookup,legacy,50,false,500,2,134,,9
dead_30pct,lookup,next,50,false,2000,8,1912,,206
dead_30pct,lookup,legacy,51,false,500,2,134,,9
dead_30pct,lookup,next,51,false,2000,8,1912,,197
dead_30pct,lookup,legacy,52,true,1240,34,4042,,54
dead_30pct,lookup,next,52,true,8200,94,24002,,3150
dead_30pct,lookup,legacy,53,false,1160,18,1962,,32
dead_30pct,lookup,next,53,false,4780,46,11590,,1352
dead_30pct,lookup,legacy,54,true,1160,35,4235,,47
dead_30pct,lookup,next,54,true,8700,92,23650,,3369
dead_30pct,lookup,legacy,55,false,500,2,134,,10
dead_30pct,lookup,next,55,false,2000,8,1912,,220
dead_30pct,lookup,legacy,56,true,940,37,4621,,50
dead_30pct,lookup,next,56,true,4360,90,23422,,2991
dead_30pct,lookup,legacy,57,true,1200,35,4235,,54
dead_30pct,lookup,next,57,true,8620,92,23744,,3541
dead_30pct,lookup,legacy,58,true,1740,34,3916,,52
dead_30pct,lookup,next,58,true,8360,94,23814,,3045
dead_30pct,lookup,legacy,59,true,1240,36,4302,,51
dead_30pct,lookup,next,59,true,8200,92,23556,,3189
dead_30pct,lookup,legacy,60,true,860,37,4621,,46
dead_30pct,lookup,next,60,true,12440,92,23838,,4007
dead_30pct,lookup,legacy,61,true,1160,36,4428,,43
dead_30pct,lookup,next,61,true,8780,92,23650,,3416
dead_30pct,lookup,legacy,62,true,1200,34,4042,,53
dead_30pct,lookup,next,62,true,8280,94,24002,,3287
dead_30pct,lookup,legacy,63,true,1200,40,4948,,62
dead_30pct,lookup,next,63,true,4940,92,23932,,3340
dead_30pct,lookup,legacy,64,true,1160,39,4755,,52
dead_30pct,lookup,next,64,true,8780,92,23744,,3601
dead_30pct,lookup,legacy,65,false,500,2,134,,8
dead_30pct,lookup,next,65,false,2000,8,1912,,192
dead_30pct,lookup,legacy,66,true,820,37,4621,,48
dead_30pct,lookup,next,66,true,4680,88,22976,,3254
dead_30pct,lookup,legacy,67,true,540,41,5267,,44
dead_30pct,lookup,next,67,true,4120,84,22114,,3295
dead_30pct,lookup,legacy,68,true,1280,34,4042,,49
dead_30pct,lookup,next,68,true,4860,94,24190,,3171
dead_30pct,lookup,legacy,69,true,1080,38,4688,,50
dead_30pct,lookup,next,69,true,8280,92,23838,,3739
dead_30pct,lookup,legacy,70,true,280,40,5200,,42
dead_30pct,lookup,next,70,true,520,76,20108,,2595
dead_30pct,lookup,legacy,71,true,1120,36,4428,,51
dead_30pct,lookup,next,71,true,8700,92,23650,,3556
dead_30pct,lookup,legacy,72,false,500,2,134,,9
dead_30pct,lookup,next,72,false,2000,8,1912,,193
dead_30pct,lookup,legacy,73,true,1660,38,4436,,61
dead_30pct,lookup,next,73,true,8120,94,24002,,3066
dead_30pct,lookup,legacy,74,true,860,37,4621,,46
dead_30pct,lookup,next,74,true,12040,92,23744,,4005
dead_30pct,lookup,legacy,75,true,740,38,4814,,50
dead_30pct,lookup,next,75,true,4520,84,22020,,3192
dead_30pct,lookup,legacy,76,true,1240,35,4235,,52
dead_30pct,lookup,next,76,true,8040,92,23744,,3442
dead_30pct,lookup,legacy,77,true,1240,36,4302,,52
dead_30pct,lookup,next,77,true,4940,92,23744,,3063
dead_30pct,lookup,legacy,78,true,2080,36,4050,,56
dead_30pct,lookup,next,78,true,8600,94,23814,,3082
dead_30pct,lookup,legacy,79,true,1620,35,4109,,51
dead_30pct,lookup,next,79,true,8540,94,23814,,3007
dead_30pct,lookup,legacy,80,true,1200,38,4688,,53
dead_30pct,lookup,next,80,true,4940,92,23932,,3287
dead_30pct,lookup,legacy,81,true,1200,38,4688,,55
dead_30pct,lookup,next,81,true,6000,94,24284,,3372
dead_30pct,lookup,legacy,82,true,1620,32,3656,,51
dead_30pct,lookup,next,82,true,8200,86,21902,,2924
dead_30pct,lookup,legacy,83,true,1120,36,4428,,51
dead_30pct,lookup,next,83,true,6000,94,24284,,3380
dead_30pct,lookup,legacy,84,true,700,38,4814,,44
dead_30pct,lookup,next,84,true,4440,84,22020,,3185
dead_30pct,lookup,legacy,85,true,1620,33,3849,,55
dead_30pct,lookup,next,85,true,8120,92,23650,,3332
dead_30pct,lookup,legacy,86,true,1660,35,4109,,52
dead_30pct,lookup,next,86,true,8120,94,24002,,2999
dead_30pct,lookup,legacy,87,true,820,37,4621,,54
dead_30pct,lookup,next,87,true,8540,92,23838,,3772
dead_30pct,lookup,legacy,88,true,1240,37,4495,,62
dead_30pct,lookup,next,88,true,4940,92,23838,,3184
dead_30pct,lookup,legacy,89,true,1120,38,4688,,54
dead_30pct,lookup,next,89,true,8700,92,23744,,3502
dead_30pct,lookup,legacy,90,true,1580,32,3656,,45
dead_30pct,lookup,next,90,true,8540,84,21362,,2776
dead_30pct,lookup,legacy,91,true,1280,36,4302,,52
dead_30pct,lookup,next,91,true,8360,92,23556,,3194
dead_30pct,lookup,legacy,92,true,1240,35,4235,,47
dead_30pct,lookup,next,92,true,8440,90,23140,,3447
dead_30pct,lookup,legacy,93,true,1400,36,4302,,54
dead_30pct,lookup,next,93,true,8040,94,24096,,3373
dead_30pct,lookup,legacy,94,true,1740,34,3916,,51
dead_30pct,lookup,next,94,true,8200,94,24002,,3181
dead_30pct,lookup,legacy,95,true,1160,41,5015,,55
dead_30pct,lookup,next,95,true,4780,92,23838,,3300
dead_30pct,lookup,legacy,96,true,1080,36,4428,,51
dead_30pct,lookup,next,96,true,8120,92,23838,,3619
dead_30pct,lookup,legacy,97,true,1240,36,4302,,52
dead_30pct,lookup,next,97,true,8280,94,24002,,3337
dead_30pct,lookup,legacy,98,true,1280,35,4235,,48
dead_30pct,lookup,next,98,true,8540,92,23650,,3592
dead_30pct,lookup,legacy,99,true,1280,34,4042,,51
dead_30pct,lookup,next,99,true,8040,94,24002,,3287
